Geographic_level_destination,Destination,Destination_code,Population_segment,Date,Monthly_unique_counts
RTO,Auckland RTO,RTO_2025_02,Local resident,2024-01-31,1714100
RTO,Auckland RTO,RTO_2025_02,International visitor (short-stay),2024-01-31,371200
RTO,Auckland RTO,RTO_2025_02,Total visitor,2024-01-31,1508800
RTO,Auckland RTO,RTO_2025_02,Domestic visitor,2024-01-31,1084600
RTO,Auckland RTO,RTO_2025_02,Total international visitor,2024-01-31,424200
RTO,Canterbury RTO,RTO_2025_29,Local resident,2024-01-31,566300
RTO,Canterbury RTO,RTO_2025_29,Domestic visitor,2024-01-31,583900
RTO,Canterbury RTO,RTO_2025_29,Total international visitor,2024-01-31,205000
RTO,Canterbury RTO,RTO_2025_29,Total visitor,2024-01-31,788900
RTO,Canterbury RTO,RTO_2025_29,International visitor (short-stay),2024-01-31,190800
RTO,Central Otago RTO,RTO_2025_34,Domestic visitor,2024-01-31,370300
RTO,Central Otago RTO,RTO_2025_34,Total international visitor,2024-01-31,127700
RTO,Central Otago RTO,RTO_2025_34,Local resident,2024-01-31,27200
RTO,Central Otago RTO,RTO_2025_34,Total visitor,2024-01-31,498000
RTO,Central Otago RTO,RTO_2025_34,International visitor (short-stay),2024-01-31,122200
RTO,Clutha RTO,RTO_2025_38,Local resident,2024-01-31,17800
RTO,Clutha RTO,RTO_2025_38,International visitor (short-stay),2024-01-31,48900
RTO,Clutha RTO,RTO_2025_38,Total visitor,2024-01-31,278500
RTO,Clutha RTO,RTO_2025_38,Domestic visitor,2024-01-31,227000
RTO,Clutha RTO,RTO_2025_38,Total international visitor,2024-01-31,51500
RTO,Coastal Bay of Plenty RTO,RTO_2025_08,Total visitor,2024-01-31,599100
RTO,Coastal Bay of Plenty RTO,RTO_2025_08,International visitor (short-stay),2024-01-31,96500
RTO,Coastal Bay of Plenty RTO,RTO_2025_08,Local resident,2024-01-31,228900
RTO,Coastal Bay of Plenty RTO,RTO_2025_08,Domestic visitor,2024-01-31,494000
RTO,Coastal Bay of Plenty RTO,RTO_2025_08,Total international visitor,2024-01-31,105100
RTO,Coromandel RTO,RTO_2025_07,Domestic visitor,2024-01-31,615300
RTO,Coromandel RTO,RTO_2025_07,Local resident,2024-01-31,55100
RTO,Coromandel RTO,RTO_2025_07,Total international visitor,2024-01-31,113000
RTO,Coromandel RTO,RTO_2025_07,International visitor (short-stay),2024-01-31,105400
RTO,Coromandel RTO,RTO_2025_07,Total visitor,2024-01-31,728300
RTO,Dunedin RTO,RTO_2025_37,Local resident,2024-01-31,119800
RTO,Dunedin RTO,RTO_2025_37,Total visitor,2024-01-31,334500
RTO,Dunedin RTO,RTO_2025_37,Domestic visitor,2024-01-31,243900
RTO,Dunedin RTO,RTO_2025_37,International visitor (short-stay),2024-01-31,85700
RTO,Dunedin RTO,RTO_2025_37,Total international visitor,2024-01-31,90600
RTO,Fiordland RTO,RTO_2025_40,Total visitor,2024-01-31,226500
RTO,Fiordland RTO,RTO_2025_40,International visitor (short-stay),2024-01-31,104500
RTO,Fiordland RTO,RTO_2025_40,Total international visitor,2024-01-31,107100
RTO,Fiordland RTO,RTO_2025_40,Local resident,2024-01-31,5090
RTO,Fiordland RTO,RTO_2025_40,Domestic visitor,2024-01-31,119400
RTO,Gisborne RTO,RTO_2025_13,International visitor (short-stay),2024-01-31,33200
RTO,Gisborne RTO,RTO_2025_13,Total international visitor,2024-01-31,35700
RTO,Gisborne RTO,RTO_2025_13,Total visitor,2024-01-31,241400
RTO,Gisborne RTO,RTO_2025_13,Local resident,2024-01-31,66400
RTO,Gisborne RTO,RTO_2025_13,Domestic visitor,2024-01-31,205700
RTO,Hawke's Bay RTO,RTO_2025_14,Local resident,2024-01-31,185700
RTO,Hawke's Bay RTO,RTO_2025_14,Total visitor,2024-01-31,340900
RTO,Hawke's Bay RTO,RTO_2025_14,Total international visitor,2024-01-31,72200
RTO,Hawke's Bay RTO,RTO_2025_14,International visitor (short-stay),2024-01-31,67300
RTO,Hawke's Bay RTO,RTO_2025_14,Domestic visitor,2024-01-31,268700
RTO,Horowhenua,RTO_2025_22,Total visitor,2024-01-31,490000
RTO,Horowhenua,RTO_2025_22,Domestic visitor,2024-01-31,444100
RTO,Horowhenua,RTO_2025_22,International visitor (short-stay),2024-01-31,43000
RTO,Horowhenua,RTO_2025_22,Local resident,2024-01-31,37700
RTO,Horowhenua,RTO_2025_22,Total international visitor,2024-01-31,45900
RTO,Hurunui RTO,RTO_2025_28,Total visitor,2024-01-31,458000
RTO,Hurunui RTO,RTO_2025_28,Local resident,2024-01-31,14200
RTO,Hurunui RTO,RTO_2025_28,Domestic visitor,2024-01-31,370500
RTO,Hurunui RTO,RTO_2025_28,Total international visitor,2024-01-31,87500
RTO,Hurunui RTO,RTO_2025_28,International visitor (short-stay),2024-01-31,83200
RTO,Kaikōura RTO,RTO_2025_27,Total international visitor,2024-01-31,67500
RTO,Kaikōura RTO,RTO_2025_27,International visitor (short-stay),2024-01-31,64800
RTO,Kaikōura RTO,RTO_2025_27,Local resident,2024-01-31,4650
RTO,Kaikōura RTO,RTO_2025_27,Domestic visitor,2024-01-31,189300
RTO,Kaikōura RTO,RTO_2025_27,Total visitor,2024-01-31,256800
RTO,Mackenzie RTO,RTO_2025_31,Domestic visitor,2024-01-31,247800
RTO,Mackenzie RTO,RTO_2025_31,Total international visitor,2024-01-31,119400
RTO,Mackenzie RTO,RTO_2025_31,Total visitor,2024-01-31,367200
RTO,Mackenzie RTO,RTO_2025_31,Local resident,2024-01-31,6340
RTO,Mackenzie RTO,RTO_2025_31,International visitor (short-stay),2024-01-31,115200
RTO,Manawatū RTO,RTO_2025_19,Total international visitor,2024-01-31,52500
RTO,Manawatū RTO,RTO_2025_19,Local resident,2024-01-31,109200
RTO,Manawatū RTO,RTO_2025_19,Domestic visitor,2024-01-31,532900
RTO,Manawatū RTO,RTO_2025_19,International visitor (short-stay),2024-01-31,48600
RTO,Manawatū RTO,RTO_2025_19,Total visitor,2024-01-31,585400
RTO,Marlborough RTO,RTO_2025_24,Domestic visitor,2024-01-31,311700
RTO,Marlborough RTO,RTO_2025_24,Total international visitor,2024-01-31,110000
RTO,Marlborough RTO,RTO_2025_24,Total visitor,2024-01-31,421700
RTO,Marlborough RTO,RTO_2025_24,Local resident,2024-01-31,53800
RTO,Marlborough RTO,RTO_2025_24,International visitor (short-stay),2024-01-31,104600
RTO,Nelson Tasman RTO,RTO_2025_25,Domestic visitor,2024-01-31,230000
RTO,Nelson Tasman RTO,RTO_2025_25,International visitor (short-stay),2024-01-31,68400
RTO,Nelson Tasman RTO,RTO_2025_25,Total visitor,2024-01-31,302600
RTO,Nelson Tasman RTO,RTO_2025_25,Total international visitor,2024-01-31,72600
RTO,Nelson Tasman RTO,RTO_2025_25,Local resident,2024-01-31,117900
National,New Zealand,NZ_2025_01,Total visitor,2024-01-31,4616800
National,New Zealand,NZ_2025_01,Domestic visitor,2024-01-31,3957400
National,New Zealand,NZ_2025_01,International visitor (short-stay),2024-01-31,567700
National,New Zealand,NZ_2025_01,Local resident,2024-01-31,5095900
National,New Zealand,NZ_2025_01,Total international visitor,2024-01-31,659400
RTO,Northland RTO,RTO_2025_01,International visitor (short-stay),2024-01-31,84100
RTO,Northland RTO,RTO_2025_01,Total international visitor,2024-01-31,91800
RTO,Northland RTO,RTO_2025_01,Total visitor,2024-01-31,504400
RTO,Northland RTO,RTO_2025_01,Domestic visitor,2024-01-31,412600
RTO,Northland RTO,RTO_2025_01,Local resident,2024-01-31,211500
RTO,Ōtorohanga,RTO_2025_05,Domestic visitor,2024-01-31,125300
RTO,Ōtorohanga,RTO_2025_05,Local resident,2024-01-31,10400
RTO,Ōtorohanga,RTO_2025_05,Total visitor,2024-01-31,131000
RTO,Ōtorohanga,RTO_2025_05,International visitor (short-stay),2024-01-31,5060
RTO,Ōtorohanga,RTO_2025_05,Total international visitor,2024-01-31,5660
RTO,Queenstown RTO,RTO_2025_36,Total visitor,2024-01-31,471500
RTO,Queenstown RTO,RTO_2025_36,Domestic visitor,2024-01-31,302600
RTO,Queenstown RTO,RTO_2025_36,Local resident,2024-01-31,38000
RTO,Queenstown RTO,RTO_2025_36,Total international visitor,2024-01-31,168900
RTO,Queenstown RTO,RTO_2025_36,International visitor (short-stay),2024-01-31,162100
RTO,Rangitīkei,RTO_2025_18,International visitor (short-stay),2024-01-31,50100
RTO,Rangitīkei,RTO_2025_18,Domestic visitor,2024-01-31,451800
RTO,Rangitīkei,RTO_2025_18,Total visitor,2024-01-31,505000
RTO,Rangitīkei,RTO_2025_18,Local resident,2024-01-31,15900
RTO,Rangitīkei,RTO_2025_18,Total international visitor,2024-01-31,53200
RTO,Rotorua RTO,RTO_2025_11,Total visitor,2024-01-31,677700
RTO,Rotorua RTO,RTO_2025_11,Local resident,2024-01-31,80200
RTO,Rotorua RTO,RTO_2025_11,Total international visitor,2024-01-31,127200
RTO,Rotorua RTO,RTO_2025_11,International visitor (short-stay),2024-01-31,120700
RTO,Rotorua RTO,RTO_2025_11,Domestic visitor,2024-01-31,550500
RTO,Ruapehu RTO,RTO_2025_15,International visitor (short-stay),2024-01-31,60700
RTO,Ruapehu RTO,RTO_2025_15,Total visitor,2024-01-31,441200
RTO,Ruapehu RTO,RTO_2025_15,Domestic visitor,2024-01-31,377300
RTO,Ruapehu RTO,RTO_2025_15,Total international visitor,2024-01-31,63900
RTO,Ruapehu RTO,RTO_2025_15,Local resident,2024-01-31,13400
RTO,Southland RTO,RTO_2025_39,Total visitor,2024-01-31,379700
RTO,Southland RTO,RTO_2025_39,Domestic visitor,2024-01-31,239600
RTO,Southland RTO,RTO_2025_39,International visitor (short-stay),2024-01-31,134700
RTO,Southland RTO,RTO_2025_39,Local resident,2024-01-31,97200
RTO,Southland RTO,RTO_2025_39,Total international visitor,2024-01-31,140100
RTO,Taranaki RTO,RTO_2025_16,Total visitor,2024-01-31,252900
RTO,Taranaki RTO,RTO_2025_16,Total international visitor,2024-01-31,34800
RTO,Taranaki RTO,RTO_2025_16,Local resident,2024-01-31,129200
RTO,Taranaki RTO,RTO_2025_16,International visitor (short-stay),2024-01-31,31700
RTO,Taranaki RTO,RTO_2025_16,Domestic visitor,2024-01-31,218100
RTO,Tararua,RTO_2025_20,Total international visitor,2024-01-31,33800
RTO,Tararua,RTO_2025_20,Local resident,2024-01-31,18900
RTO,Tararua,RTO_2025_20,Total visitor,2024-01-31,309300
RTO,Tararua,RTO_2025_20,Domestic visitor,2024-01-31,275500
RTO,Tararua,RTO_2025_20,International visitor (short-stay),2024-01-31,31800
RTO,Taupō RTO,RTO_2025_12,Total visitor,2024-01-31,671500
RTO,Taupō RTO,RTO_2025_12,International visitor (short-stay),2024-01-31,98900
RTO,Taupō RTO,RTO_2025_12,Local resident,2024-01-31,43300
RTO,Taupō RTO,RTO_2025_12,Domestic visitor,2024-01-31,566200
RTO,Taupō RTO,RTO_2025_12,Total international visitor,2024-01-31,105300
RTO,Timaru RTO,RTO_2025_30,Total visitor,2024-01-31,456000
RTO,Timaru RTO,RTO_2025_30,Domestic visitor,2024-01-31,363900
RTO,Timaru RTO,RTO_2025_30,Local resident,2024-01-31,49000
RTO,Timaru RTO,RTO_2025_30,Total international visitor,2024-01-31,92100
RTO,Timaru RTO,RTO_2025_30,International visitor (short-stay),2024-01-31,87900
RTO,Waikato RTO,RTO_2025_03,Domestic visitor,2024-01-31,1100000
RTO,Waikato RTO,RTO_2025_03,Total international visitor,2024-01-31,212700
RTO,Waikato RTO,RTO_2025_03,International visitor (short-stay),2024-01-31,192700
RTO,Waikato RTO,RTO_2025_03,Local resident,2024-01-31,362100
RTO,Waikato RTO,RTO_2025_03,Total visitor,2024-01-31,1312700
RTO,Waimate,RTO_2025_32,Local resident,2024-01-31,8200
RTO,Waimate,RTO_2025_32,Total international visitor,2024-01-31,54300
RTO,Waimate,RTO_2025_32,Total visitor,2024-01-31,298200
RTO,Waimate,RTO_2025_32,International visitor (short-stay),2024-01-31,51700
RTO,Waimate,RTO_2025_32,Domestic visitor,2024-01-31,243900
RTO,Wairarapa RTO,RTO_2025_21,International visitor (short-stay),2024-01-31,39900
RTO,Wairarapa RTO,RTO_2025_21,Total visitor,2024-01-31,246400
RTO,Wairarapa RTO,RTO_2025_21,Domestic visitor,2024-01-31,203700
RTO,Wairarapa RTO,RTO_2025_21,Local resident,2024-01-31,52600
RTO,Wairarapa RTO,RTO_2025_21,Total international visitor,2024-01-31,42700
RTO,Waitaki RTO,RTO_2025_33,Local resident,2024-01-31,25400
RTO,Waitaki RTO,RTO_2025_33,Total visitor,2024-01-31,510700
RTO,Waitaki RTO,RTO_2025_33,Total international visitor,2024-01-31,132900
RTO,Waitaki RTO,RTO_2025_33,Domestic visitor,2024-01-31,377800
RTO,Waitaki RTO,RTO_2025_33,International visitor (short-stay),2024-01-31,127500
RTO,Waitomo,RTO_2025_06,Local resident,2024-01-31,9710
RTO,Waitomo,RTO_2025_06,Total international visitor,2024-01-31,7370
RTO,Waitomo,RTO_2025_06,Total visitor,2024-01-31,105800
RTO,Waitomo,RTO_2025_06,Domestic visitor,2024-01-31,98400
RTO,Waitomo,RTO_2025_06,International visitor (short-stay),2024-01-31,6900
RTO,Wānaka RTO,RTO_2025_35,International visitor (short-stay),2024-01-31,108300
RTO,Wānaka RTO,RTO_2025_35,Total visitor,2024-01-31,351600
RTO,Wānaka RTO,RTO_2025_35,Total international visitor,2024-01-31,112700
RTO,Wānaka RTO,RTO_2025_35,Local resident,2024-01-31,19100
RTO,Wānaka RTO,RTO_2025_35,Domestic visitor,2024-01-31,238900
RTO,Wellington RTO,RTO_2025_23,Domestic visitor,2024-01-31,570900
RTO,Wellington RTO,RTO_2025_23,Local resident,2024-01-31,443800
RTO,Wellington RTO,RTO_2025_23,Total visitor,2024-01-31,710500
RTO,Wellington RTO,RTO_2025_23,International visitor (short-stay),2024-01-31,128200
RTO,Wellington RTO,RTO_2025_23,Total international visitor,2024-01-31,139600
RTO,West Coast RTO,RTO_2025_26,International visitor (short-stay),2024-01-31,79200
RTO,West Coast RTO,RTO_2025_26,Total visitor,2024-01-31,288800
RTO,West Coast RTO,RTO_2025_26,Local resident,2024-01-31,36500
RTO,West Coast RTO,RTO_2025_26,Domestic visitor,2024-01-31,206600
RTO,West Coast RTO,RTO_2025_26,Total international visitor,2024-01-31,82200
RTO,Whakatane,RTO_2025_09,Total visitor,2024-01-31,160800
RTO,Whakatane,RTO_2025_09,Domestic visitor,2024-01-31,151100
RTO,Whakatane,RTO_2025_09,Local resident,2024-01-31,40200
RTO,Whakatane,RTO_2025_09,International visitor (short-stay),2024-01-31,8330
RTO,Whakatane,RTO_2025_09,Total international visitor,2024-01-31,9740
RTO,Whanganui RTO,RTO_2025_17,Total visitor,2024-01-31,228300
RTO,Whanganui RTO,RTO_2025_17,International visitor (short-stay),2024-01-31,17300
RTO,Whanganui RTO,RTO_2025_17,Local resident,2024-01-31,47400
RTO,Whanganui RTO,RTO_2025_17,Domestic visitor,2024-01-31,209500
RTO,Whanganui RTO,RTO_2025_17,Total international visitor,2024-01-31,18800
RTO,Auckland RTO,RTO_2025_02,Domestic visitor,2024-02-29,1079200
RTO,Auckland RTO,RTO_2025_02,Total international visitor,2024-02-29,379000
RTO,Auckland RTO,RTO_2025_02,International visitor (short-stay),2024-02-29,325000
RTO,Auckland RTO,RTO_2025_02,Total visitor,2024-02-29,1458200
RTO,Auckland RTO,RTO_2025_02,Local resident,2024-02-29,1768400
RTO,Canterbury RTO,RTO_2025_29,Local resident,2024-02-29,594400
RTO,Canterbury RTO,RTO_2025_29,International visitor (short-stay),2024-02-29,183900
RTO,Canterbury RTO,RTO_2025_29,Domestic visitor,2024-02-29,598700
RTO,Canterbury RTO,RTO_2025_29,Total international visitor,2024-02-29,200000
RTO,Canterbury RTO,RTO_2025_29,Total visitor,2024-02-29,798700
RTO,Central Otago RTO,RTO_2025_34,International visitor (short-stay),2024-02-29,119600
RTO,Central Otago RTO,RTO_2025_34,Local resident,2024-02-29,27500
RTO,Central Otago RTO,RTO_2025_34,Total visitor,2024-02-29,403200
RTO,Central Otago RTO,RTO_2025_34,Domestic visitor,2024-02-29,277800
RTO,Central Otago RTO,RTO_2025_34,Total international visitor,2024-02-29,125400
RTO,Clutha RTO,RTO_2025_38,International visitor (short-stay),2024-02-29,56000
RTO,Clutha RTO,RTO_2025_38,Local resident,2024-02-29,18500
RTO,Clutha RTO,RTO_2025_38,Total international visitor,2024-02-29,59400
RTO,Clutha RTO,RTO_2025_38,Total visitor,2024-02-29,281300
RTO,Clutha RTO,RTO_2025_38,Domestic visitor,2024-02-29,221900
RTO,Coastal Bay of Plenty RTO,RTO_2025_08,Local resident,2024-02-29,219100
RTO,Coastal Bay of Plenty RTO,RTO_2025_08,International visitor (short-stay),2024-02-29,78800
RTO,Coastal Bay of Plenty RTO,RTO_2025_08,Total international visitor,2024-02-29,87200
RTO,Coastal Bay of Plenty RTO,RTO_2025_08,Total visitor,2024-02-29,498600
RTO,Coastal Bay of Plenty RTO,RTO_2025_08,Domestic visitor,2024-02-29,411400
RTO,Coromandel RTO,RTO_2025_07,International visitor (short-stay),2024-02-29,89300
RTO,Coromandel RTO,RTO_2025_07,Local resident,2024-02-29,56500
RTO,Coromandel RTO,RTO_2025_07,Total visitor,2024-02-29,565700
RTO,Coromandel RTO,RTO_2025_07,Domestic visitor,2024-02-29,469500
RTO,Coromandel RTO,RTO_2025_07,Total international visitor,2024-02-29,96200
RTO,Dunedin RTO,RTO_2025_37,Domestic visitor,2024-02-29,264400
RTO,Dunedin RTO,RTO_2025_37,International visitor (short-stay),2024-02-29,95600
RTO,Dunedin RTO,RTO_2025_37,Total visitor,2024-02-29,366600
RTO,Dunedin RTO,RTO_2025_37,Local resident,2024-02-29,131000
RTO,Dunedin RTO,RTO_2025_37,Total international visitor,2024-02-29,102200
RTO,Fiordland RTO,RTO_2025_40,Local resident,2024-02-29,5190
RTO,Fiordland RTO,RTO_2025_40,Total visitor,2024-02-29,181000
RTO,Fiordland RTO,RTO_2025_40,Total international visitor,2024-02-29,102100
RTO,Fiordland RTO,RTO_2025_40,International visitor (short-stay),2024-02-29,98600
RTO,Fiordland RTO,RTO_2025_40,Domestic visitor,2024-02-29,78900
RTO,Gisborne RTO,RTO_2025_13,Total visitor,2024-02-29,181000
RTO,Gisborne RTO,RTO_2025_13,Domestic visitor,2024-02-29,148100
RTO,Gisborne RTO,RTO_2025_13,Total international visitor,2024-02-29,32900
RTO,Gisborne RTO,RTO_2025_13,International visitor (short-stay),2024-02-29,29800
RTO,Gisborne RTO,RTO_2025_13,Local resident,2024-02-29,64100
RTO,Hawke's Bay RTO,RTO_2025_14,Total visitor,2024-02-29,321500
RTO,Hawke's Bay RTO,RTO_2025_14,Local resident,2024-02-29,188100
RTO,Hawke's Bay RTO,RTO_2025_14,Total international visitor,2024-02-29,77300
RTO,Hawke's Bay RTO,RTO_2025_14,International visitor (short-stay),2024-02-29,70700
RTO,Hawke's Bay RTO,RTO_2025_14,Domestic visitor,2024-02-29,244200
RTO,Horowhenua,RTO_2025_22,Total visitor,2024-02-29,425500
RTO,Horowhenua,RTO_2025_22,International visitor (short-stay),2024-02-29,33900
RTO,Horowhenua,RTO_2025_22,Domestic visitor,2024-02-29,389200
RTO,Horowhenua,RTO_2025_22,Total international visitor,2024-02-29,36300
RTO,Horowhenua,RTO_2025_22,Local resident,2024-02-29,38800
RTO,Hurunui RTO,RTO_2025_28,Total visitor,2024-02-29,394500
RTO,Hurunui RTO,RTO_2025_28,Domestic visitor,2024-02-29,311700
RTO,Hurunui RTO,RTO_2025_28,Local resident,2024-02-29,14300
RTO,Hurunui RTO,RTO_2025_28,International visitor (short-stay),2024-02-29,77900
RTO,Hurunui RTO,RTO_2025_28,Total international visitor,2024-02-29,82800
RTO,Kaikōura RTO,RTO_2025_27,Total visitor,2024-02-29,224100
RTO,Kaikōura RTO,RTO_2025_27,Total international visitor,2024-02-29,68600
RTO,Kaikōura RTO,RTO_2025_27,Domestic visitor,2024-02-29,155500
RTO,Kaikōura RTO,RTO_2025_27,International visitor (short-stay),2024-02-29,65200
RTO,Kaikōura RTO,RTO_2025_27,Local resident,2024-02-29,4760
RTO,Mackenzie RTO,RTO_2025_31,Local resident,2024-02-29,6440
RTO,Mackenzie RTO,RTO_2025_31,Total international visitor,2024-02-29,122700
RTO,Mackenzie RTO,RTO_2025_31,Total visitor,2024-02-29,305100
RTO,Mackenzie RTO,RTO_2025_31,Domestic visitor,2024-02-29,182400
RTO,Mackenzie RTO,RTO_2025_31,International visitor (short-stay),2024-02-29,117700
RTO,Manawatū RTO,RTO_2025_19,Total visitor,2024-02-29,533500
RTO,Manawatū RTO,RTO_2025_19,Domestic visitor,2024-02-29,491800
RTO,Manawatū RTO,RTO_2025_19,International visitor (short-stay),2024-02-29,38100
RTO,Manawatū RTO,RTO_2025_19,Local resident,2024-02-29,118300
RTO,Manawatū RTO,RTO_2025_19,Total international visitor,2024-02-29,41700
RTO,Marlborough RTO,RTO_2025_24,Total visitor,2024-02-29,367900
RTO,Marlborough RTO,RTO_2025_24,Domestic visitor,2024-02-29,259000
RTO,Marlborough RTO,RTO_2025_24,Local resident,2024-02-29,54200
RTO,Marlborough RTO,RTO_2025_24,International visitor (short-stay),2024-02-29,103100
RTO,Marlborough RTO,RTO_2025_24,Total international visitor,2024-02-29,108900
RTO,Nelson Tasman RTO,RTO_2025_25,Total visitor,2024-02-29,257500
RTO,Nelson Tasman RTO,RTO_2025_25,Total international visitor,2024-02-29,63400
RTO,Nelson Tasman RTO,RTO_2025_25,International visitor (short-stay),2024-02-29,58900
RTO,Nelson Tasman RTO,RTO_2025_25,Local resident,2024-02-29,118600
RTO,Nelson Tasman RTO,RTO_2025_25,Domestic visitor,2024-02-29,194100
National,New Zealand,NZ_2025_01,Local resident,2024-02-29,5132900
National,New Zealand,NZ_2025_01,International visitor (short-stay),2024-02-29,504500
National,New Zealand,NZ_2025_01,Total international visitor,2024-02-29,600100
National,New Zealand,NZ_2025_01,Domestic visitor,2024-02-29,4017100
National,New Zealand,NZ_2025_01,Total visitor,2024-02-29,4617200
RTO,Northland RTO,RTO_2025_01,Local resident,2024-02-29,214200
RTO,Northland RTO,RTO_2025_01,Domestic visitor,2024-02-29,340100
RTO,Northland RTO,RTO_2025_01,International visitor (short-stay),2024-02-29,83300
RTO,Northland RTO,RTO_2025_01,Total visitor,2024-02-29,431400
RTO,Northland RTO,RTO_2025_01,Total international visitor,2024-02-29,91300
RTO,Ōtorohanga,RTO_2025_05,Local resident,2024-02-29,10500
RTO,Ōtorohanga,RTO_2025_05,Total visitor,2024-02-29,118900
RTO,Ōtorohanga,RTO_2025_05,Total international visitor,2024-02-29,6560
RTO,Ōtorohanga,RTO_2025_05,Domestic visitor,2024-02-29,112300
RTO,Ōtorohanga,RTO_2025_05,International visitor (short-stay),2024-02-29,5950
RTO,Queenstown RTO,RTO_2025_36,Local resident,2024-02-29,33200
RTO,Queenstown RTO,RTO_2025_36,Total international visitor,2024-02-29,164800
RTO,Queenstown RTO,RTO_2025_36,International visitor (short-stay),2024-02-29,157300
RTO,Queenstown RTO,RTO_2025_36,Total visitor,2024-02-29,396500
RTO,Queenstown RTO,RTO_2025_36,Domestic visitor,2024-02-29,231700
RTO,Rangitīkei,RTO_2025_18,Local resident,2024-02-29,16000
RTO,Rangitīkei,RTO_2025_18,Total visitor,2024-02-29,424400
RTO,Rangitīkei,RTO_2025_18,Total international visitor,2024-02-29,40800
RTO,Rangitīkei,RTO_2025_18,International visitor (short-stay),2024-02-29,38200
RTO,Rangitīkei,RTO_2025_18,Domestic visitor,2024-02-29,383600
RTO,Rotorua RTO,RTO_2025_11,Total visitor,2024-02-29,560100
RTO,Rotorua RTO,RTO_2025_11,International visitor (short-stay),2024-02-29,107700
RTO,Rotorua RTO,RTO_2025_11,Local resident,2024-02-29,75700
RTO,Rotorua RTO,RTO_2025_11,Domestic visitor,2024-02-29,446800
RTO,Rotorua RTO,RTO_2025_11,Total international visitor,2024-02-29,113300
RTO,Ruapehu RTO,RTO_2025_15,International visitor (short-stay),2024-02-29,48100
RTO,Ruapehu RTO,RTO_2025_15,Total international visitor,2024-02-29,50900
RTO,Ruapehu RTO,RTO_2025_15,Total visitor,2024-02-29,350600
RTO,Ruapehu RTO,RTO_2025_15,Domestic visitor,2024-02-29,299700
RTO,Ruapehu RTO,RTO_2025_15,Local resident,2024-02-29,12600
RTO,Southland RTO,RTO_2025_39,International visitor (short-stay),2024-02-29,127700
RTO,Southland RTO,RTO_2025_39,Domestic visitor,2024-02-29,224100
RTO,Southland RTO,RTO_2025_39,Local resident,2024-02-29,101600
RTO,Southland RTO,RTO_2025_39,Total international visitor,2024-02-29,134300
RTO,Southland RTO,RTO_2025_39,Total visitor,2024-02-29,358400
RTO,Taranaki RTO,RTO_2025_16,Total visitor,2024-02-29,235900
RTO,Taranaki RTO,RTO_2025_16,Total international visitor,2024-02-29,29700
RTO,Taranaki RTO,RTO_2025_16,International visitor (short-stay),2024-02-29,26700
RTO,Taranaki RTO,RTO_2025_16,Domestic visitor,2024-02-29,206200
RTO,Taranaki RTO,RTO_2025_16,Local resident,2024-02-29,131600
RTO,Tararua,RTO_2025_20,Total visitor,2024-02-29,284700
RTO,Tararua,RTO_2025_20,Local resident,2024-02-29,19200
RTO,Tararua,RTO_2025_20,International visitor (short-stay),2024-02-29,32100
RTO,Tararua,RTO_2025_20,Domestic visitor,2024-02-29,250300
RTO,Tararua,RTO_2025_20,Total international visitor,2024-02-29,34400
RTO,Taupō RTO,RTO_2025_12,Total visitor,2024-02-29,514600
RTO,Taupō RTO,RTO_2025_12,Domestic visitor,2024-02-29,428800
RTO,Taupō RTO,RTO_2025_12,Total international visitor,2024-02-29,85800
RTO,Taupō RTO,RTO_2025_12,International visitor (short-stay),2024-02-29,80600
RTO,Taupō RTO,RTO_2025_12,Local resident,2024-02-29,43600
RTO,Timaru RTO,RTO_2025_30,International visitor (short-stay),2024-02-29,93100
RTO,Timaru RTO,RTO_2025_30,Domestic visitor,2024-02-29,319000
RTO,Timaru RTO,RTO_2025_30,Total visitor,2024-02-29,417400
RTO,Timaru RTO,RTO_2025_30,Local resident,2024-02-29,49900
RTO,Timaru RTO,RTO_2025_30,Total international visitor,2024-02-29,98400
RTO,Waikato RTO,RTO_2025_03,Domestic visitor,2024-02-29,987600
RTO,Waikato RTO,RTO_2025_03,Total visitor,2024-02-29,1168400
RTO,Waikato RTO,RTO_2025_03,International visitor (short-stay),2024-02-29,163100
RTO,Waikato RTO,RTO_2025_03,Total international visitor,2024-02-29,180800
RTO,Waikato RTO,RTO_2025_03,Local resident,2024-02-29,372200
RTO,Waimate,RTO_2025_32,Domestic visitor,2024-02-29,231400
RTO,Waimate,RTO_2025_32,International visitor (short-stay),2024-02-29,58300
RTO,Waimate,RTO_2025_32,Total international visitor,2024-02-29,61900
RTO,Waimate,RTO_2025_32,Total visitor,2024-02-29,293300
RTO,Waimate,RTO_2025_32,Local resident,2024-02-29,8450
RTO,Wairarapa RTO,RTO_2025_21,Local resident,2024-02-29,53600
RTO,Wairarapa RTO,RTO_2025_21,Total visitor,2024-02-29,235600
RTO,Wairarapa RTO,RTO_2025_21,International visitor (short-stay),2024-02-29,40000
RTO,Wairarapa RTO,RTO_2025_21,Total international visitor,2024-02-29,43300
RTO,Wairarapa RTO,RTO_2025_21,Domestic visitor,2024-02-29,192300
RTO,Waitaki RTO,RTO_2025_33,Total visitor,2024-02-29,456600
RTO,Waitaki RTO,RTO_2025_33,Local resident,2024-02-29,25400
RTO,Waitaki RTO,RTO_2025_33,Total international visitor,2024-02-29,139400
RTO,Waitaki RTO,RTO_2025_33,Domestic visitor,2024-02-29,317200
RTO,Waitaki RTO,RTO_2025_33,International visitor (short-stay),2024-02-29,132600
RTO,Waitomo,RTO_2025_06,Local resident,2024-02-29,9910
RTO,Waitomo,RTO_2025_06,Total international visitor,2024-02-29,10800
RTO,Waitomo,RTO_2025_06,Total visitor,2024-02-29,102100
RTO,Waitomo,RTO_2025_06,Domestic visitor,2024-02-29,91300
RTO,Waitomo,RTO_2025_06,International visitor (short-stay),2024-02-29,10300
RTO,Wānaka RTO,RTO_2025_35,Domestic visitor,2024-02-29,164000
RTO,Wānaka RTO,RTO_2025_35,International visitor (short-stay),2024-02-29,108600
RTO,Wānaka RTO,RTO_2025_35,Total international visitor,2024-02-29,113600
RTO,Wānaka RTO,RTO_2025_35,Total visitor,2024-02-29,277600
RTO,Wānaka RTO,RTO_2025_35,Local resident,2024-02-29,16900
RTO,Wellington RTO,RTO_2025_23,International visitor (short-stay),2024-02-29,124500
RTO,Wellington RTO,RTO_2025_23,Local resident,2024-02-29,472600
RTO,Wellington RTO,RTO_2025_23,Domestic visitor,2024-02-29,591400
RTO,Wellington RTO,RTO_2025_23,Total international visitor,2024-02-29,136900
RTO,Wellington RTO,RTO_2025_23,Total visitor,2024-02-29,728300
RTO,West Coast RTO,RTO_2025_26,Total visitor,2024-02-29,240400
RTO,West Coast RTO,RTO_2025_26,Local resident,2024-02-29,36900
RTO,West Coast RTO,RTO_2025_26,Domestic visitor,2024-02-29,159700
RTO,West Coast RTO,RTO_2025_26,International visitor (short-stay),2024-02-29,77000
RTO,West Coast RTO,RTO_2025_26,Total international visitor,2024-02-29,80700
RTO,Whakatane,RTO_2025_09,Total visitor,2024-02-29,134700
RTO,Whakatane,RTO_2025_09,Local resident,2024-02-29,38200
RTO,Whakatane,RTO_2025_09,International visitor (short-stay),2024-02-29,8600
RTO,Whakatane,RTO_2025_09,Domestic visitor,2024-02-29,124600
RTO,Whakatane,RTO_2025_09,Total international visitor,2024-02-29,10100
RTO,Whanganui RTO,RTO_2025_17,Local resident,2024-02-29,49300
RTO,Whanganui RTO,RTO_2025_17,Total visitor,2024-02-29,209500
RTO,Whanganui RTO,RTO_2025_17,International visitor (short-stay),2024-02-29,13300
RTO,Whanganui RTO,RTO_2025_17,Total international visitor,2024-02-29,14700
RTO,Whanganui RTO,RTO_2025_17,Domestic visitor,2024-02-29,194800
RTO,Auckland RTO,RTO_2025_02,International visitor (short-stay),2024-03-31,307500
RTO,Auckland RTO,RTO_2025_02,Local resident,2024-03-31,1783000
RTO,Auckland RTO,RTO_2025_02,Total international visitor,2024-03-31,362400
RTO,Auckland RTO,RTO_2025_02,Domestic visitor,2024-03-31,1118100
RTO,Auckland RTO,RTO_2025_02,Total visitor,2024-03-31,1480500
RTO,Canterbury RTO,RTO_2025_29,Total international visitor,2024-03-31,181100
RTO,Canterbury RTO,RTO_2025_29,International visitor (short-stay),2024-03-31,165400
RTO,Canterbury RTO,RTO_2025_29,Domestic visitor,2024-03-31,606500
RTO,Canterbury RTO,RTO_2025_29,Total visitor,2024-03-31,787600
RTO,Canterbury RTO,RTO_2025_29,Local resident,2024-03-31,584200
RTO,Central Otago RTO,RTO_2025_34,Domestic visitor,2024-03-31,304800
RTO,Central Otago RTO,RTO_2025_34,Total visitor,2024-03-31,419600
RTO,Central Otago RTO,RTO_2025_34,International visitor (short-stay),2024-03-31,109800
RTO,Central Otago RTO,RTO_2025_34,Total international visitor,2024-03-31,114800
RTO,Central Otago RTO,RTO_2025_34,Local resident,2024-03-31,27900
RTO,Clutha RTO,RTO_2025_38,Local resident,2024-03-31,19300
RTO,Clutha RTO,RTO_2025_38,Total international visitor,2024-03-31,49500
RTO,Clutha RTO,RTO_2025_38,Domestic visitor,2024-03-31,229800
RTO,Clutha RTO,RTO_2025_38,International visitor (short-stay),2024-03-31,46300
RTO,Clutha RTO,RTO_2025_38,Total visitor,2024-03-31,279300
RTO,Coastal Bay of Plenty RTO,RTO_2025_08,Total visitor,2024-03-31,510000
RTO,Coastal Bay of Plenty RTO,RTO_2025_08,Domestic visitor,2024-03-31,428400
RTO,Coastal Bay of Plenty RTO,RTO_2025_08,Local resident,2024-03-31,221200
RTO,Coastal Bay of Plenty RTO,RTO_2025_08,Total international visitor,2024-03-31,81600
RTO,Coastal Bay of Plenty RTO,RTO_2025_08,International visitor (short-stay),2024-03-31,72300
RTO,Coromandel RTO,RTO_2025_07,International visitor (short-stay),2024-03-31,79700
RTO,Coromandel RTO,RTO_2025_07,Total visitor,2024-03-31,594900
RTO,Coromandel RTO,RTO_2025_07,Domestic visitor,2024-03-31,508000
RTO,Coromandel RTO,RTO_2025_07,Local resident,2024-03-31,57600
RTO,Coromandel RTO,RTO_2025_07,Total international visitor,2024-03-31,86900
RTO,Dunedin RTO,RTO_2025_37,Domestic visitor,2024-03-31,286800
RTO,Dunedin RTO,RTO_2025_37,International visitor (short-stay),2024-03-31,76600
RTO,Dunedin RTO,RTO_2025_37,Total international visitor,2024-03-31,82800
RTO,Dunedin RTO,RTO_2025_37,Local resident,2024-03-31,135800
RTO,Dunedin RTO,RTO_2025_37,Total visitor,2024-03-31,369600
RTO,Fiordland RTO,RTO_2025_40,Local resident,2024-03-31,5330
RTO,Fiordland RTO,RTO_2025_40,International visitor (short-stay),2024-03-31,96700
RTO,Fiordland RTO,RTO_2025_40,Domestic visitor,2024-03-31,82100
RTO,Fiordland RTO,RTO_2025_40,Total visitor,2024-03-31,182000
RTO,Fiordland RTO,RTO_2025_40,Total international visitor,2024-03-31,99900
RTO,Gisborne RTO,RTO_2025_13,International visitor (short-stay),2024-03-31,21500
RTO,Gisborne RTO,RTO_2025_13,Domestic visitor,2024-03-31,146200
RTO,Gisborne RTO,RTO_2025_13,Local resident,2024-03-31,62600
RTO,Gisborne RTO,RTO_2025_13,Total visitor,2024-03-31,170700
RTO,Gisborne RTO,RTO_2025_13,Total international visitor,2024-03-31,24500
RTO,Hawke's Bay RTO,RTO_2025_14,Domestic visitor,2024-03-31,250500
RTO,Hawke's Bay RTO,RTO_2025_14,Local resident,2024-03-31,186300
RTO,Hawke's Bay RTO,RTO_2025_14,Total visitor,2024-03-31,314700
RTO,Hawke's Bay RTO,RTO_2025_14,International visitor (short-stay),2024-03-31,57600
RTO,Hawke's Bay RTO,RTO_2025_14,Total international visitor,2024-03-31,64200
RTO,Horowhenua,RTO_2025_22,Local resident,2024-03-31,39200
RTO,Horowhenua,RTO_2025_22,International visitor (short-stay),2024-03-31,32900
RTO,Horowhenua,RTO_2025_22,Total visitor,2024-03-31,450900
RTO,Horowhenua,RTO_2025_22,Domestic visitor,2024-03-31,415300
RTO,Horowhenua,RTO_2025_22,Total international visitor,2024-03-31,35600
RTO,Hurunui RTO,RTO_2025_28,Total international visitor,2024-03-31,70200
RTO,Hurunui RTO,RTO_2025_28,Total visitor,2024-03-31,385000
RTO,Hurunui RTO,RTO_2025_28,Local resident,2024-03-31,14500
RTO,Hurunui RTO,RTO_2025_28,Domestic visitor,2024-03-31,314800
RTO,Hurunui RTO,RTO_2025_28,International visitor (short-stay),2024-03-31,65700
RTO,Kaikōura RTO,RTO_2025_27,Domestic visitor,2024-03-31,151300
RTO,Kaikōura RTO,RTO_2025_27,Local resident,2024-03-31,4910
RTO,Kaikōura RTO,RTO_2025_27,Total international visitor,2024-03-31,59500
RTO,Kaikōura RTO,RTO_2025_27,Total visitor,2024-03-31,210800
RTO,Kaikōura RTO,RTO_2025_27,International visitor (short-stay),2024-03-31,56300
RTO,Mackenzie RTO,RTO_2025_31,Domestic visitor,2024-03-31,200300
RTO,Mackenzie RTO,RTO_2025_31,Total international visitor,2024-03-31,110100
RTO,Mackenzie RTO,RTO_2025_31,Local resident,2024-03-31,6620
RTO,Mackenzie RTO,RTO_2025_31,Total visitor,2024-03-31,310400
RTO,Mackenzie RTO,RTO_2025_31,International visitor (short-stay),2024-03-31,105800
RTO,Manawatū RTO,RTO_2025_19,Total visitor,2024-03-31,569000
RTO,Manawatū RTO,RTO_2025_19,Domestic visitor,2024-03-31,527700
RTO,Manawatū RTO,RTO_2025_19,Total international visitor,2024-03-31,41300
RTO,Manawatū RTO,RTO_2025_19,International visitor (short-stay),2024-03-31,37400
RTO,Manawatū RTO,RTO_2025_19,Local resident,2024-03-31,121800
RTO,Marlborough RTO,RTO_2025_24,Local resident,2024-03-31,54700
RTO,Marlborough RTO,RTO_2025_24,Total visitor,2024-03-31,350000
RTO,Marlborough RTO,RTO_2025_24,Domestic visitor,2024-03-31,251900
RTO,Marlborough RTO,RTO_2025_24,International visitor (short-stay),2024-03-31,91600
RTO,Marlborough RTO,RTO_2025_24,Total international visitor,2024-03-31,98100
RTO,Nelson Tasman RTO,RTO_2025_25,Total visitor,2024-03-31,245100
RTO,Nelson Tasman RTO,RTO_2025_25,Domestic visitor,2024-03-31,186400
RTO,Nelson Tasman RTO,RTO_2025_25,Total international visitor,2024-03-31,58700
RTO,Nelson Tasman RTO,RTO_2025_25,International visitor (short-stay),2024-03-31,54300
RTO,Nelson Tasman RTO,RTO_2025_25,Local resident,2024-03-31,118500
National,New Zealand,NZ_2025_01,Local resident,2024-03-31,5138500
National,New Zealand,NZ_2025_01,International visitor (short-stay),2024-03-31,492400
National,New Zealand,NZ_2025_01,Total visitor,2024-03-31,4583600
National,New Zealand,NZ_2025_01,Domestic visitor,2024-03-31,3994100
National,New Zealand,NZ_2025_01,Total international visitor,2024-03-31,589500
RTO,Northland RTO,RTO_2025_01,Domestic visitor,2024-03-31,313900
RTO,Northland RTO,RTO_2025_01,International visitor (short-stay),2024-03-31,63000
RTO,Northland RTO,RTO_2025_01,Total international visitor,2024-03-31,70600
RTO,Northland RTO,RTO_2025_01,Total visitor,2024-03-31,384500
RTO,Northland RTO,RTO_2025_01,Local resident,2024-03-31,216000
RTO,Ōtorohanga,RTO_2025_05,Total visitor,2024-03-31,129200
RTO,Ōtorohanga,RTO_2025_05,Total international visitor,2024-03-31,10400
RTO,Ōtorohanga,RTO_2025_05,Domestic visitor,2024-03-31,118800
RTO,Ōtorohanga,RTO_2025_05,Local resident,2024-03-31,10600
RTO,Ōtorohanga,RTO_2025_05,International visitor (short-stay),2024-03-31,9810
RTO,Queenstown RTO,RTO_2025_36,Total visitor,2024-03-31,395600
RTO,Queenstown RTO,RTO_2025_36,International visitor (short-stay),2024-03-31,149700
RTO,Queenstown RTO,RTO_2025_36,Total international visitor,2024-03-31,156500
RTO,Queenstown RTO,RTO_2025_36,Local resident,2024-03-31,33700
RTO,Queenstown RTO,RTO_2025_36,Domestic visitor,2024-03-31,239100
RTO,Rangitīkei,RTO_2025_18,Total visitor,2024-03-31,461400
RTO,Rangitīkei,RTO_2025_18,International visitor (short-stay),2024-03-31,37300
RTO,Rangitīkei,RTO_2025_18,Domestic visitor,2024-03-31,421200
RTO,Rangitīkei,RTO_2025_18,Total international visitor,2024-03-31,40200
RTO,Rangitīkei,RTO_2025_18,Local resident,2024-03-31,16800
RTO,Rotorua RTO,RTO_2025_11,Domestic visitor,2024-03-31,475700
RTO,Rotorua RTO,RTO_2025_11,International visitor (short-stay),2024-03-31,101800
RTO,Rotorua RTO,RTO_2025_11,Total visitor,2024-03-31,583600
RTO,Rotorua RTO,RTO_2025_11,Local resident,2024-03-31,78400
RTO,Rotorua RTO,RTO_2025_11,Total international visitor,2024-03-31,107900
RTO,Ruapehu RTO,RTO_2025_15,Total visitor,2024-03-31,378100
RTO,Ruapehu RTO,RTO_2025_15,International visitor (short-stay),2024-03-31,47000
RTO,Ruapehu RTO,RTO_2025_15,Domestic visitor,2024-03-31,328000
RTO,Ruapehu RTO,RTO_2025_15,Total international visitor,2024-03-31,50100
RTO,Ruapehu RTO,RTO_2025_15,Local resident,2024-03-31,13900
RTO,Southland RTO,RTO_2025_39,Total visitor,2024-03-31,342800
RTO,Southland RTO,RTO_2025_39,Local resident,2024-03-31,98100
RTO,Southland RTO,RTO_2025_39,International visitor (short-stay),2024-03-31,118400
RTO,Southland RTO,RTO_2025_39,Total international visitor,2024-03-31,124300
RTO,Southland RTO,RTO_2025_39,Domestic visitor,2024-03-31,218500
RTO,Taranaki RTO,RTO_2025_16,Total visitor,2024-03-31,258400
RTO,Taranaki RTO,RTO_2025_16,Domestic visitor,2024-03-31,229900
RTO,Taranaki RTO,RTO_2025_16,Total international visitor,2024-03-31,28500
RTO,Taranaki RTO,RTO_2025_16,International visitor (short-stay),2024-03-31,25200
RTO,Taranaki RTO,RTO_2025_16,Local resident,2024-03-31,130800
RTO,Tararua,RTO_2025_20,Total visitor,2024-03-31,292000
RTO,Tararua,RTO_2025_20,Local resident,2024-03-31,19500
RTO,Tararua,RTO_2025_20,Total international visitor,2024-03-31,31000
RTO,Tararua,RTO_2025_20,Domestic visitor,2024-03-31,261000
RTO,Tararua,RTO_2025_20,International visitor (short-stay),2024-03-31,28500
RTO,Taupō RTO,RTO_2025_12,Total visitor,2024-03-31,556100
RTO,Taupō RTO,RTO_2025_12,Total international visitor,2024-03-31,82100
RTO,Taupō RTO,RTO_2025_12,International visitor (short-stay),2024-03-31,76300
RTO,Taupō RTO,RTO_2025_12,Domestic visitor,2024-03-31,474000
RTO,Taupō RTO,RTO_2025_12,Local resident,2024-03-31,44400
RTO,Timaru RTO,RTO_2025_30,International visitor (short-stay),2024-03-31,81800
RTO,Timaru RTO,RTO_2025_30,Local resident,2024-03-31,50800
RTO,Timaru RTO,RTO_2025_30,Domestic visitor,2024-03-31,354000
RTO,Timaru RTO,RTO_2025_30,Total visitor,2024-03-31,440400
RTO,Timaru RTO,RTO_2025_30,Total international visitor,2024-03-31,86400
RTO,Waikato RTO,RTO_2025_03,International visitor (short-stay),2024-03-31,158100
RTO,Waikato RTO,RTO_2025_03,Domestic visitor,2024-03-31,1051000
RTO,Waikato RTO,RTO_2025_03,Total visitor,2024-03-31,1228100
RTO,Waikato RTO,RTO_2025_03,Total international visitor,2024-03-31,177100
RTO,Waikato RTO,RTO_2025_03,Local resident,2024-03-31,377500
RTO,Waimate,RTO_2025_32,Domestic visitor,2024-03-31,250400
RTO,Waimate,RTO_2025_32,Total international visitor,2024-03-31,48800
RTO,Waimate,RTO_2025_32,Local resident,2024-03-31,8850
RTO,Waimate,RTO_2025_32,International visitor (short-stay),2024-03-31,45800
RTO,Waimate,RTO_2025_32,Total visitor,2024-03-31,299200
RTO,Wairarapa RTO,RTO_2025_21,Total visitor,2024-03-31,232200
RTO,Wairarapa RTO,RTO_2025_21,Local resident,2024-03-31,53600
RTO,Wairarapa RTO,RTO_2025_21,Domestic visitor,2024-03-31,198200
RTO,Wairarapa RTO,RTO_2025_21,International visitor (short-stay),2024-03-31,30900
RTO,Wairarapa RTO,RTO_2025_21,Total international visitor,2024-03-31,34000
RTO,Waitaki RTO,RTO_2025_33,Total visitor,2024-03-31,473700
RTO,Waitaki RTO,RTO_2025_33,Local resident,2024-03-31,25700
RTO,Waitaki RTO,RTO_2025_33,Total international visitor,2024-03-31,119700
RTO,Waitaki RTO,RTO_2025_33,International visitor (short-stay),2024-03-31,114000
RTO,Waitaki RTO,RTO_2025_33,Domestic visitor,2024-03-31,354000
RTO,Waitomo,RTO_2025_06,Total visitor,2024-03-31,107900
RTO,Waitomo,RTO_2025_06,Domestic visitor,2024-03-31,99300
RTO,Waitomo,RTO_2025_06,Local resident,2024-03-31,9850
RTO,Waitomo,RTO_2025_06,Total international visitor,2024-03-31,8560
RTO,Waitomo,RTO_2025_06,International visitor (short-stay),2024-03-31,7990
RTO,Wānaka RTO,RTO_2025_35,Total visitor,2024-03-31,303200
RTO,Wānaka RTO,RTO_2025_35,International visitor (short-stay),2024-03-31,96700
RTO,Wānaka RTO,RTO_2025_35,Domestic visitor,2024-03-31,202100
RTO,Wānaka RTO,RTO_2025_35,Total international visitor,2024-03-31,101100
RTO,Wānaka RTO,RTO_2025_35,Local resident,2024-03-31,19300
RTO,Wellington RTO,RTO_2025_23,International visitor (short-stay),2024-03-31,111200
RTO,Wellington RTO,RTO_2025_23,Total visitor,2024-03-31,721100
RTO,Wellington RTO,RTO_2025_23,Local resident,2024-03-31,475200
RTO,Wellington RTO,RTO_2025_23,Domestic visitor,2024-03-31,596900
RTO,Wellington RTO,RTO_2025_23,Total international visitor,2024-03-31,124200
RTO,West Coast RTO,RTO_2025_26,Total visitor,2024-03-31,243200
RTO,West Coast RTO,RTO_2025_26,Total international visitor,2024-03-31,75600
RTO,West Coast RTO,RTO_2025_26,International visitor (short-stay),2024-03-31,72400
RTO,West Coast RTO,RTO_2025_26,Local resident,2024-03-31,37500
RTO,West Coast RTO,RTO_2025_26,Domestic visitor,2024-03-31,167600
RTO,Whakatane,RTO_2025_09,Total visitor,2024-03-31,139200
RTO,Whakatane,RTO_2025_09,International visitor (short-stay),2024-03-31,7100
RTO,Whakatane,RTO_2025_09,Domestic visitor,2024-03-31,130500
RTO,Whakatane,RTO_2025_09,Total international visitor,2024-03-31,8690
RTO,Whakatane,RTO_2025_09,Local resident,2024-03-31,38700
RTO,Whanganui RTO,RTO_2025_17,Total visitor,2024-03-31,232100
RTO,Whanganui RTO,RTO_2025_17,Domestic visitor,2024-03-31,217700
RTO,Whanganui RTO,RTO_2025_17,Local resident,2024-03-31,49400
RTO,Whanganui RTO,RTO_2025_17,International visitor (short-stay),2024-03-31,12900
RTO,Whanganui RTO,RTO_2025_17,Total international visitor,2024-03-31,14400
RTO,Auckland RTO,RTO_2025_02,Local resident,2024-04-30,1775700
RTO,Auckland RTO,RTO_2025_02,Domestic visitor,2024-04-30,972100
RTO,Auckland RTO,RTO_2025_02,Total visitor,2024-04-30,1237400
RTO,Auckland RTO,RTO_2025_02,International visitor (short-stay),2024-04-30,213100
RTO,Auckland RTO,RTO_2025_02,Total international visitor,2024-04-30,265300
RTO,Canterbury RTO,RTO_2025_29,Total international visitor,2024-04-30,120200
RTO,Canterbury RTO,RTO_2025_29,Total visitor,2024-04-30,648300
RTO,Canterbury RTO,RTO_2025_29,International visitor (short-stay),2024-04-30,106600
RTO,Canterbury RTO,RTO_2025_29,Local resident,2024-04-30,593400
RTO,Canterbury RTO,RTO_2025_29,Domestic visitor,2024-04-30,528100
RTO,Central Otago RTO,RTO_2025_34,Total visitor,2024-04-30,360700
RTO,Central Otago RTO,RTO_2025_34,International visitor (short-stay),2024-04-30,88000
RTO,Central Otago RTO,RTO_2025_34,Domestic visitor,2024-04-30,267200
RTO,Central Otago RTO,RTO_2025_34,Local resident,2024-04-30,27500
RTO,Central Otago RTO,RTO_2025_34,Total international visitor,2024-04-30,93500
RTO,Clutha RTO,RTO_2025_38,International visitor (short-stay),2024-04-30,31500
RTO,Clutha RTO,RTO_2025_38,Total international visitor,2024-04-30,34300
RTO,Clutha RTO,RTO_2025_38,Total visitor,2024-04-30,253600
RTO,Clutha RTO,RTO_2025_38,Domestic visitor,2024-04-30,219300
RTO,Clutha RTO,RTO_2025_38,Local resident,2024-04-30,19300
RTO,Coastal Bay of Plenty RTO,RTO_2025_08,Total visitor,2024-04-30,433600
RTO,Coastal Bay of Plenty RTO,RTO_2025_08,Local resident,2024-04-30,218500
RTO,Coastal Bay of Plenty RTO,RTO_2025_08,Total international visitor,2024-04-30,42100
RTO,Coastal Bay of Plenty RTO,RTO_2025_08,Domestic visitor,2024-04-30,391500
RTO,Coastal Bay of Plenty RTO,RTO_2025_08,International visitor (short-stay),2024-04-30,34500
RTO,Coromandel RTO,RTO_2025_07,Total visitor,2024-04-30,467600
RTO,Coromandel RTO,RTO_2025_07,Local resident,2024-04-30,57900
RTO,Coromandel RTO,RTO_2025_07,Total international visitor,2024-04-30,44800
RTO,Coromandel RTO,RTO_2025_07,International visitor (short-stay),2024-04-30,38700
RTO,Coromandel RTO,RTO_2025_07,Domestic visitor,2024-04-30,422800
RTO,Dunedin RTO,RTO_2025_37,International visitor (short-stay),2024-04-30,42000
RTO,Dunedin RTO,RTO_2025_37,Total international visitor,2024-04-30,46500
RTO,Dunedin RTO,RTO_2025_37,Total visitor,2024-04-30,275200
RTO,Dunedin RTO,RTO_2025_37,Local resident,2024-04-30,130100
RTO,Dunedin RTO,RTO_2025_37,Domestic visitor,2024-04-30,228700
RTO,Fiordland RTO,RTO_2025_40,International visitor (short-stay),2024-04-30,66300
RTO,Fiordland RTO,RTO_2025_40,Domestic visitor,2024-04-30,67500
RTO,Fiordland RTO,RTO_2025_40,Total international visitor,2024-04-30,69100
RTO,Fiordland RTO,RTO_2025_40,Total visitor,2024-04-30,136600
RTO,Fiordland RTO,RTO_2025_40,Local resident,2024-04-30,5190
RTO,Gisborne RTO,RTO_2025_13,International visitor (short-stay),2024-04-30,7640
RTO,Gisborne RTO,RTO_2025_13,Domestic visitor,2024-04-30,136700
RTO,Gisborne RTO,RTO_2025_13,Total international visitor,2024-04-30,9860
RTO,Gisborne RTO,RTO_2025_13,Total visitor,2024-04-30,146600
RTO,Gisborne RTO,RTO_2025_13,Local resident,2024-04-30,61500
RTO,Hawke's Bay RTO,RTO_2025_14,International visitor (short-stay),2024-04-30,19700
RTO,Hawke's Bay RTO,RTO_2025_14,Total international visitor,2024-04-30,24300
RTO,Hawke's Bay RTO,RTO_2025_14,Domestic visitor,2024-04-30,223300
RTO,Hawke's Bay RTO,RTO_2025_14,Total visitor,2024-04-30,247600
RTO,Hawke's Bay RTO,RTO_2025_14,Local resident,2024-04-30,185600
RTO,Horowhenua,RTO_2025_22,International visitor (short-stay),2024-04-30,19100
RTO,Horowhenua,RTO_2025_22,Total international visitor,2024-04-30,21400
RTO,Horowhenua,RTO_2025_22,Total visitor,2024-04-30,402800
RTO,Horowhenua,RTO_2025_22,Domestic visitor,2024-04-30,381400
RTO,Horowhenua,RTO_2025_22,Local resident,2024-04-30,38300
RTO,Hurunui RTO,RTO_2025_28,International visitor (short-stay),2024-04-30,36700
RTO,Hurunui RTO,RTO_2025_28,Local resident,2024-04-30,14500
RTO,Hurunui RTO,RTO_2025_28,Domestic visitor,2024-04-30,289800
RTO,Hurunui RTO,RTO_2025_28,Total international visitor,2024-04-30,40400
RTO,Hurunui RTO,RTO_2025_28,Total visitor,2024-04-30,330200
RTO,Kaikōura RTO,RTO_2025_27,Local resident,2024-04-30,4910
RTO,Kaikōura RTO,RTO_2025_27,Total visitor,2024-04-30,169200
RTO,Kaikōura RTO,RTO_2025_27,Domestic visitor,2024-04-30,138400
RTO,Kaikōura RTO,RTO_2025_27,Total international visitor,2024-04-30,30800
RTO,Kaikōura RTO,RTO_2025_27,International visitor (short-stay),2024-04-30,28200
RTO,Mackenzie RTO,RTO_2025_31,Total visitor,2024-04-30,266800
RTO,Mackenzie RTO,RTO_2025_31,Local resident,2024-04-30,5830
RTO,Mackenzie RTO,RTO_2025_31,Domestic visitor,2024-04-30,175500
RTO,Mackenzie RTO,RTO_2025_31,International visitor (short-stay),2024-04-30,86800
RTO,Mackenzie RTO,RTO_2025_31,Total international visitor,2024-04-30,91300
RTO,Manawatū RTO,RTO_2025_19,Domestic visitor,2024-04-30,480200
RTO,Manawatū RTO,RTO_2025_19,Total visitor,2024-04-30,505800
RTO,Manawatū RTO,RTO_2025_19,Local resident,2024-04-30,122200
RTO,Manawatū RTO,RTO_2025_19,Total international visitor,2024-04-30,25600
RTO,Manawatū RTO,RTO_2025_19,International visitor (short-stay),2024-04-30,22100
RTO,Marlborough RTO,RTO_2025_24,Domestic visitor,2024-04-30,220300
RTO,Marlborough RTO,RTO_2025_24,Total visitor,2024-04-30,263500
RTO,Marlborough RTO,RTO_2025_24,Local resident,2024-04-30,51200
RTO,Marlborough RTO,RTO_2025_24,Total international visitor,2024-04-30,43200
RTO,Marlborough RTO,RTO_2025_24,International visitor (short-stay),2024-04-30,38600
RTO,Nelson Tasman RTO,RTO_2025_25,Domestic visitor,2024-04-30,159800
RTO,Nelson Tasman RTO,RTO_2025_25,International visitor (short-stay),2024-04-30,27000
RTO,Nelson Tasman RTO,RTO_2025_25,Local resident,2024-04-30,116200
RTO,Nelson Tasman RTO,RTO_2025_25,Total visitor,2024-04-30,190800
RTO,Nelson Tasman RTO,RTO_2025_25,Total international visitor,2024-04-30,31000
National,New Zealand,NZ_2025_01,International visitor (short-stay),2024-04-30,351800
National,New Zealand,NZ_2025_01,Total international visitor,2024-04-30,443400
National,New Zealand,NZ_2025_01,Local resident,2024-04-30,5120800
National,New Zealand,NZ_2025_01,Total visitor,2024-04-30,4153400
National,New Zealand,NZ_2025_01,Domestic visitor,2024-04-30,3710000
RTO,Northland RTO,RTO_2025_01,Local resident,2024-04-30,209900
RTO,Northland RTO,RTO_2025_01,Total visitor,2024-04-30,326700
RTO,Northland RTO,RTO_2025_01,Domestic visitor,2024-04-30,282800
RTO,Northland RTO,RTO_2025_01,International visitor (short-stay),2024-04-30,36700
RTO,Northland RTO,RTO_2025_01,Total international visitor,2024-04-30,43900
RTO,Ōtorohanga,RTO_2025_05,Local resident,2024-04-30,10900
RTO,Ōtorohanga,RTO_2025_05,Total visitor,2024-04-30,114200
RTO,Ōtorohanga,RTO_2025_05,International visitor (short-stay),2024-04-30,4640
RTO,Ōtorohanga,RTO_2025_05,Domestic visitor,2024-04-30,109000
RTO,Ōtorohanga,RTO_2025_05,Total international visitor,2024-04-30,5220
RTO,Queenstown RTO,RTO_2025_36,International visitor (short-stay),2024-04-30,116000
RTO,Queenstown RTO,RTO_2025_36,Total visitor,2024-04-30,339000
RTO,Queenstown RTO,RTO_2025_36,Local resident,2024-04-30,33000
RTO,Queenstown RTO,RTO_2025_36,Domestic visitor,2024-04-30,215800
RTO,Queenstown RTO,RTO_2025_36,Total international visitor,2024-04-30,123200
RTO,Rangitīkei,RTO_2025_18,Total visitor,2024-04-30,411400
RTO,Rangitīkei,RTO_2025_18,Domestic visitor,2024-04-30,387600
RTO,Rangitīkei,RTO_2025_18,Total international visitor,2024-04-30,23800
RTO,Rangitīkei,RTO_2025_18,Local resident,2024-04-30,15200
RTO,Rangitīkei,RTO_2025_18,International visitor (short-stay),2024-04-30,21200
RTO,Rotorua RTO,RTO_2025_11,International visitor (short-stay),2024-04-30,65300
RTO,Rotorua RTO,RTO_2025_11,Total visitor,2024-04-30,520400
RTO,Rotorua RTO,RTO_2025_11,Local resident,2024-04-30,77400
RTO,Rotorua RTO,RTO_2025_11,Total international visitor,2024-04-30,71300
RTO,Rotorua RTO,RTO_2025_11,Domestic visitor,2024-04-30,449100
RTO,Ruapehu RTO,RTO_2025_15,Domestic visitor,2024-04-30,301100
RTO,Ruapehu RTO,RTO_2025_15,Local resident,2024-04-30,13100
RTO,Ruapehu RTO,RTO_2025_15,International visitor (short-stay),2024-04-30,25900
RTO,Ruapehu RTO,RTO_2025_15,Total visitor,2024-04-30,329900
RTO,Ruapehu RTO,RTO_2025_15,Total international visitor,2024-04-30,28800
RTO,Southland RTO,RTO_2025_39,Total visitor,2024-04-30,269700
RTO,Southland RTO,RTO_2025_39,International visitor (short-stay),2024-04-30,76600
RTO,Southland RTO,RTO_2025_39,Local resident,2024-04-30,99800
RTO,Southland RTO,RTO_2025_39,Domestic visitor,2024-04-30,188200
RTO,Southland RTO,RTO_2025_39,Total international visitor,2024-04-30,81500
RTO,Taranaki RTO,RTO_2025_16,Domestic visitor,2024-04-30,200200
RTO,Taranaki RTO,RTO_2025_16,Total international visitor,2024-04-30,20400
RTO,Taranaki RTO,RTO_2025_16,Total visitor,2024-04-30,220600
RTO,Taranaki RTO,RTO_2025_16,Local resident,2024-04-30,128500
RTO,Taranaki RTO,RTO_2025_16,International visitor (short-stay),2024-04-30,17300
RTO,Tararua,RTO_2025_20,Total visitor,2024-04-30,254000
RTO,Tararua,RTO_2025_20,International visitor (short-stay),2024-04-30,10200
RTO,Tararua,RTO_2025_20,Local resident,2024-04-30,18800
RTO,Tararua,RTO_2025_20,Domestic visitor,2024-04-30,242200
RTO,Tararua,RTO_2025_20,Total international visitor,2024-04-30,11800
RTO,Taupō RTO,RTO_2025_12,Total visitor,2024-04-30,501300
RTO,Taupō RTO,RTO_2025_12,Domestic visitor,2024-04-30,448800
RTO,Taupō RTO,RTO_2025_12,International visitor (short-stay),2024-04-30,47000
RTO,Taupō RTO,RTO_2025_12,Local resident,2024-04-30,44600
RTO,Taupō RTO,RTO_2025_12,Total international visitor,2024-04-30,52500
RTO,Timaru RTO,RTO_2025_30,Domestic visitor,2024-04-30,323300
RTO,Timaru RTO,RTO_2025_30,Total visitor,2024-04-30,390400
RTO,Timaru RTO,RTO_2025_30,International visitor (short-stay),2024-04-30,62600
RTO,Timaru RTO,RTO_2025_30,Total international visitor,2024-04-30,67100
RTO,Timaru RTO,RTO_2025_30,Local resident,2024-04-30,50200
RTO,Waikato RTO,RTO_2025_03,Domestic visitor,2024-04-30,959800
RTO,Waikato RTO,RTO_2025_03,Total visitor,2024-04-30,1086700
RTO,Waikato RTO,RTO_2025_03,Local resident,2024-04-30,376400
RTO,Waikato RTO,RTO_2025_03,International visitor (short-stay),2024-04-30,108700
RTO,Waikato RTO,RTO_2025_03,Total international visitor,2024-04-30,126900
RTO,Waimate,RTO_2025_32,Local resident,2024-04-30,7820
RTO,Waimate,RTO_2025_32,Total international visitor,2024-04-30,35200
RTO,Waimate,RTO_2025_32,Total visitor,2024-04-30,247200
RTO,Waimate,RTO_2025_32,International visitor (short-stay),2024-04-30,32600
RTO,Waimate,RTO_2025_32,Domestic visitor,2024-04-30,212000
RTO,Wairarapa RTO,RTO_2025_21,Local resident,2024-04-30,52700
RTO,Wairarapa RTO,RTO_2025_21,Domestic visitor,2024-04-30,171800
RTO,Wairarapa RTO,RTO_2025_21,Total visitor,2024-04-30,184900
RTO,Wairarapa RTO,RTO_2025_21,International visitor (short-stay),2024-04-30,11000
RTO,Wairarapa RTO,RTO_2025_21,Total international visitor,2024-04-30,13100
RTO,Waitaki RTO,RTO_2025_33,International visitor (short-stay),2024-04-30,85500
RTO,Waitaki RTO,RTO_2025_33,Local resident,2024-04-30,25100
RTO,Waitaki RTO,RTO_2025_33,Total international visitor,2024-04-30,90800
RTO,Waitaki RTO,RTO_2025_33,Domestic visitor,2024-04-30,296500
RTO,Waitaki RTO,RTO_2025_33,Total visitor,2024-04-30,387300
RTO,Waitomo,RTO_2025_06,Local resident,2024-04-30,9850
RTO,Waitomo,RTO_2025_06,Total visitor,2024-04-30,95700
RTO,Waitomo,RTO_2025_06,Domestic visitor,2024-04-30,89300
RTO,Waitomo,RTO_2025_06,International visitor (short-stay),2024-04-30,5810
RTO,Waitomo,RTO_2025_06,Total international visitor,2024-04-30,6350
RTO,Wānaka RTO,RTO_2025_35,Domestic visitor,2024-04-30,152300
RTO,Wānaka RTO,RTO_2025_35,Total international visitor,2024-04-30,79700
RTO,Wānaka RTO,RTO_2025_35,Total visitor,2024-04-30,232000
RTO,Wānaka RTO,RTO_2025_35,International visitor (short-stay),2024-04-30,75200
RTO,Wānaka RTO,RTO_2025_35,Local resident,2024-04-30,17600
RTO,Wellington RTO,RTO_2025_23,Domestic visitor,2024-04-30,518700
RTO,Wellington RTO,RTO_2025_23,Total international visitor,2024-04-30,63900
RTO,Wellington RTO,RTO_2025_23,Total visitor,2024-04-30,582600
RTO,Wellington RTO,RTO_2025_23,International visitor (short-stay),2024-04-30,53200
RTO,Wellington RTO,RTO_2025_23,Local resident,2024-04-30,484100
RTO,West Coast RTO,RTO_2025_26,Domestic visitor,2024-04-30,139600
RTO,West Coast RTO,RTO_2025_26,International visitor (short-stay),2024-04-30,44300
RTO,West Coast RTO,RTO_2025_26,Local resident,2024-04-30,36700
RTO,West Coast RTO,RTO_2025_26,Total international visitor,2024-04-30,47300
RTO,West Coast RTO,RTO_2025_26,Total visitor,2024-04-30,186900
RTO,Whakatane,RTO_2025_09,Total visitor,2024-04-30,129300
RTO,Whakatane,RTO_2025_09,Domestic visitor,2024-04-30,124900
RTO,Whakatane,RTO_2025_09,Local resident,2024-04-30,39900
RTO,Whakatane,RTO_2025_09,International visitor (short-stay),2024-04-30,2940
RTO,Whakatane,RTO_2025_09,Total international visitor,2024-04-30,4350
RTO,Whanganui RTO,RTO_2025_17,International visitor (short-stay),2024-04-30,7200
RTO,Whanganui RTO,RTO_2025_17,Local resident,2024-04-30,49800
RTO,Whanganui RTO,RTO_2025_17,Total international visitor,2024-04-30,8660
RTO,Whanganui RTO,RTO_2025_17,Total visitor,2024-04-30,203400
RTO,Whanganui RTO,RTO_2025_17,Domestic visitor,2024-04-30,194700
RTO,Auckland RTO,RTO_2025_02,Local resident,2024-05-31,1831600
RTO,Auckland RTO,RTO_2025_02,International visitor (short-stay),2024-05-31,156700
RTO,Auckland RTO,RTO_2025_02,Domestic visitor,2024-05-31,945300
RTO,Auckland RTO,RTO_2025_02,Total visitor,2024-05-31,1150900
RTO,Auckland RTO,RTO_2025_02,Total international visitor,2024-05-31,205600
RTO,Canterbury RTO,RTO_2025_29,Total visitor,2024-05-31,584200
RTO,Canterbury RTO,RTO_2025_29,Local resident,2024-05-31,615000
RTO,Canterbury RTO,RTO_2025_29,International visitor (short-stay),2024-05-31,72300
RTO,Canterbury RTO,RTO_2025_29,Total international visitor,2024-05-31,84200
RTO,Canterbury RTO,RTO_2025_29,Domestic visitor,2024-05-31,500000
RTO,Central Otago RTO,RTO_2025_34,Total international visitor,2024-05-31,60500
RTO,Central Otago RTO,RTO_2025_34,International visitor (short-stay),2024-05-31,56600
RTO,Central Otago RTO,RTO_2025_34,Total visitor,2024-05-31,259800
RTO,Central Otago RTO,RTO_2025_34,Local resident,2024-05-31,22800
RTO,Central Otago RTO,RTO_2025_34,Domestic visitor,2024-05-31,199300
RTO,Clutha RTO,RTO_2025_38,Total visitor,2024-05-31,223700
RTO,Clutha RTO,RTO_2025_38,Domestic visitor,2024-05-31,202600
RTO,Clutha RTO,RTO_2025_38,International visitor (short-stay),2024-05-31,19000
RTO,Clutha RTO,RTO_2025_38,Local resident,2024-05-31,20400
RTO,Clutha RTO,RTO_2025_38,Total international visitor,2024-05-31,21100
RTO,Coastal Bay of Plenty RTO,RTO_2025_08,Local resident,2024-05-31,215700
RTO,Coastal Bay of Plenty RTO,RTO_2025_08,Total international visitor,2024-05-31,26000
RTO,Coastal Bay of Plenty RTO,RTO_2025_08,Total visitor,2024-05-31,394700
RTO,Coastal Bay of Plenty RTO,RTO_2025_08,Domestic visitor,2024-05-31,368700
RTO,Coastal Bay of Plenty RTO,RTO_2025_08,International visitor (short-stay),2024-05-31,19700
RTO,Coromandel RTO,RTO_2025_07,Local resident,2024-05-31,47900
RTO,Coromandel RTO,RTO_2025_07,Total international visitor,2024-05-31,23700
RTO,Coromandel RTO,RTO_2025_07,Total visitor,2024-05-31,378200
RTO,Coromandel RTO,RTO_2025_07,Domestic visitor,2024-05-31,354500
RTO,Coromandel RTO,RTO_2025_07,International visitor (short-stay),2024-05-31,19200
RTO,Dunedin RTO,RTO_2025_37,Total visitor,2024-05-31,245300
RTO,Dunedin RTO,RTO_2025_37,Local resident,2024-05-31,137500
RTO,Dunedin RTO,RTO_2025_37,Domestic visitor,2024-05-31,218800
RTO,Dunedin RTO,RTO_2025_37,Total international visitor,2024-05-31,26500
RTO,Dunedin RTO,RTO_2025_37,International visitor (short-stay),2024-05-31,23100
RTO,Fiordland RTO,RTO_2025_40,Total visitor,2024-05-31,85100
RTO,Fiordland RTO,RTO_2025_40,Local resident,2024-05-31,3470
RTO,Fiordland RTO,RTO_2025_40,International visitor (short-stay),2024-05-31,38400
RTO,Fiordland RTO,RTO_2025_40,Total international visitor,2024-05-31,40200
RTO,Fiordland RTO,RTO_2025_40,Domestic visitor,2024-05-31,44900
RTO,Gisborne RTO,RTO_2025_13,Total visitor,2024-05-31,119300
RTO,Gisborne RTO,RTO_2025_13,Domestic visitor,2024-05-31,113000
RTO,Gisborne RTO,RTO_2025_13,International visitor (short-stay),2024-05-31,4440
RTO,Gisborne RTO,RTO_2025_13,Local resident,2024-05-31,58700
RTO,Gisborne RTO,RTO_2025_13,Total international visitor,2024-05-31,6260
RTO,Hawke's Bay RTO,RTO_2025_14,Domestic visitor,2024-05-31,203600
RTO,Hawke's Bay RTO,RTO_2025_14,Local resident,2024-05-31,180900
RTO,Hawke's Bay RTO,RTO_2025_14,Total international visitor,2024-05-31,14200
RTO,Hawke's Bay RTO,RTO_2025_14,Total visitor,2024-05-31,217800
RTO,Hawke's Bay RTO,RTO_2025_14,International visitor (short-stay),2024-05-31,10100
RTO,Horowhenua,RTO_2025_22,Total visitor,2024-05-31,342300
RTO,Horowhenua,RTO_2025_22,International visitor (short-stay),2024-05-31,10100
RTO,Horowhenua,RTO_2025_22,Local resident,2024-05-31,37600
RTO,Horowhenua,RTO_2025_22,Domestic visitor,2024-05-31,330400
RTO,Horowhenua,RTO_2025_22,Total international visitor,2024-05-31,11900
RTO,Hurunui RTO,RTO_2025_28,Total visitor,2024-05-31,260700
RTO,Hurunui RTO,RTO_2025_28,International visitor (short-stay),2024-05-31,21300
RTO,Hurunui RTO,RTO_2025_28,Local resident,2024-05-31,12600
RTO,Hurunui RTO,RTO_2025_28,Total international visitor,2024-05-31,24000
RTO,Hurunui RTO,RTO_2025_28,Domestic visitor,2024-05-31,236700
RTO,Kaikōura RTO,RTO_2025_27,Domestic visitor,2024-05-31,102300
RTO,Kaikōura RTO,RTO_2025_27,Total visitor,2024-05-31,119000
RTO,Kaikōura RTO,RTO_2025_27,International visitor (short-stay),2024-05-31,14800
RTO,Kaikōura RTO,RTO_2025_27,Local resident,2024-05-31,3550
RTO,Kaikōura RTO,RTO_2025_27,Total international visitor,2024-05-31,16700
RTO,Mackenzie RTO,RTO_2025_31,Total international visitor,2024-05-31,60800
RTO,Mackenzie RTO,RTO_2025_31,Total visitor,2024-05-31,182600
RTO,Mackenzie RTO,RTO_2025_31,International visitor (short-stay),2024-05-31,57600
RTO,Mackenzie RTO,RTO_2025_31,Domestic visitor,2024-05-31,121800
RTO,Mackenzie RTO,RTO_2025_31,Local resident,2024-05-31,4190
RTO,Manawatū RTO,RTO_2025_19,Total visitor,2024-05-31,452000
RTO,Manawatū RTO,RTO_2025_19,Domestic visitor,2024-05-31,436700
RTO,Manawatū RTO,RTO_2025_19,International visitor (short-stay),2024-05-31,12300
RTO,Manawatū RTO,RTO_2025_19,Total international visitor,2024-05-31,15300
RTO,Manawatū RTO,RTO_2025_19,Local resident,2024-05-31,128500
RTO,Marlborough RTO,RTO_2025_24,Local resident,2024-05-31,47300
RTO,Marlborough RTO,RTO_2025_24,Domestic visitor,2024-05-31,175400
RTO,Marlborough RTO,RTO_2025_24,Total international visitor,2024-05-31,22600
RTO,Marlborough RTO,RTO_2025_24,Total visitor,2024-05-31,198000
RTO,Marlborough RTO,RTO_2025_24,International visitor (short-stay),2024-05-31,19000
RTO,Nelson Tasman RTO,RTO_2025_25,Total visitor,2024-05-31,154600
RTO,Nelson Tasman RTO,RTO_2025_25,Total international visitor,2024-05-31,17400
RTO,Nelson Tasman RTO,RTO_2025_25,Local resident,2024-05-31,110600
RTO,Nelson Tasman RTO,RTO_2025_25,International visitor (short-stay),2024-05-31,14000
RTO,Nelson Tasman RTO,RTO_2025_25,Domestic visitor,2024-05-31,137200
National,New Zealand,NZ_2025_01,Total international visitor,2024-05-31,333100
National,New Zealand,NZ_2025_01,International visitor (short-stay),2024-05-31,246800
National,New Zealand,NZ_2025_01,Total visitor,2024-05-31,3962100
National,New Zealand,NZ_2025_01,Domestic visitor,2024-05-31,3629000
National,New Zealand,NZ_2025_01,Local resident,2024-05-31,5111300
RTO,Northland RTO,RTO_2025_01,Local resident,2024-05-31,190500
RTO,Northland RTO,RTO_2025_01,Domestic visitor,2024-05-31,259500
RTO,Northland RTO,RTO_2025_01,International visitor (short-stay),2024-05-31,18000
RTO,Northland RTO,RTO_2025_01,Total visitor,2024-05-31,282600
RTO,Northland RTO,RTO_2025_01,Total international visitor,2024-05-31,23100
RTO,Ōtorohanga,RTO_2025_05,Local resident,2024-05-31,10600
RTO,Ōtorohanga,RTO_2025_05,Total international visitor,2024-05-31,1840
RTO,Ōtorohanga,RTO_2025_05,Total visitor,2024-05-31,97400
RTO,Ōtorohanga,RTO_2025_05,International visitor (short-stay),2024-05-31,1320
RTO,Ōtorohanga,RTO_2025_05,Domestic visitor,2024-05-31,95600
RTO,Queenstown RTO,RTO_2025_36,Local resident,2024-05-31,27500
RTO,Queenstown RTO,RTO_2025_36,International visitor (short-stay),2024-05-31,72900
RTO,Queenstown RTO,RTO_2025_36,Total visitor,2024-05-31,248400
RTO,Queenstown RTO,RTO_2025_36,Domestic visitor,2024-05-31,170200
RTO,Queenstown RTO,RTO_2025_36,Total international visitor,2024-05-31,78200
RTO,Rangitīkei,RTO_2025_18,Domestic visitor,2024-05-31,316900
RTO,Rangitīkei,RTO_2025_18,Total international visitor,2024-05-31,13100
RTO,Rangitīkei,RTO_2025_18,Total visitor,2024-05-31,330000
RTO,Rangitīkei,RTO_2025_18,Local resident,2024-05-31,15400
RTO,Rangitīkei,RTO_2025_18,International visitor (short-stay),2024-05-31,11200
RTO,Rotorua RTO,RTO_2025_11,International visitor (short-stay),2024-05-31,42300
RTO,Rotorua RTO,RTO_2025_11,Total international visitor,2024-05-31,47200
RTO,Rotorua RTO,RTO_2025_11,Total visitor,2024-05-31,443500
RTO,Rotorua RTO,RTO_2025_11,Domestic visitor,2024-05-31,396300
RTO,Rotorua RTO,RTO_2025_11,Local resident,2024-05-31,73100
RTO,Ruapehu RTO,RTO_2025_15,International visitor (short-stay),2024-05-31,13400
RTO,Ruapehu RTO,RTO_2025_15,Total international visitor,2024-05-31,15500
RTO,Ruapehu RTO,RTO_2025_15,Total visitor,2024-05-31,243200
RTO,Ruapehu RTO,RTO_2025_15,Domestic visitor,2024-05-31,227700
RTO,Ruapehu RTO,RTO_2025_15,Local resident,2024-05-31,11200
RTO,Southland RTO,RTO_2025_39,Total visitor,2024-05-31,211600
RTO,Southland RTO,RTO_2025_39,Total international visitor,2024-05-31,46600
RTO,Southland RTO,RTO_2025_39,Domestic visitor,2024-05-31,165000
RTO,Southland RTO,RTO_2025_39,Local resident,2024-05-31,99200
RTO,Southland RTO,RTO_2025_39,International visitor (short-stay),2024-05-31,43200
RTO,Taranaki RTO,RTO_2025_16,Total visitor,2024-05-31,203500
RTO,Taranaki RTO,RTO_2025_16,Local resident,2024-05-31,127700
RTO,Taranaki RTO,RTO_2025_16,International visitor (short-stay),2024-05-31,12500
RTO,Taranaki RTO,RTO_2025_16,Total international visitor,2024-05-31,15200
RTO,Taranaki RTO,RTO_2025_16,Domestic visitor,2024-05-31,188300
RTO,Tararua,RTO_2025_20,Total visitor,2024-05-31,226500
RTO,Tararua,RTO_2025_20,Local resident,2024-05-31,19300
RTO,Tararua,RTO_2025_20,Domestic visitor,2024-05-31,219400
RTO,Tararua,RTO_2025_20,Total international visitor,2024-05-31,7080
RTO,Tararua,RTO_2025_20,International visitor (short-stay),2024-05-31,5600
RTO,Taupō RTO,RTO_2025_12,Total visitor,2024-05-31,385400
RTO,Taupō RTO,RTO_2025_12,Domestic visitor,2024-05-31,354700
RTO,Taupō RTO,RTO_2025_12,Local resident,2024-05-31,36200
RTO,Taupō RTO,RTO_2025_12,International visitor (short-stay),2024-05-31,26600
RTO,Taupō RTO,RTO_2025_12,Total international visitor,2024-05-31,30700
RTO,Timaru RTO,RTO_2025_30,Domestic visitor,2024-05-31,279900
RTO,Timaru RTO,RTO_2025_30,Total visitor,2024-05-31,325900
RTO,Timaru RTO,RTO_2025_30,International visitor (short-stay),2024-05-31,42400
RTO,Timaru RTO,RTO_2025_30,Local resident,2024-05-31,50100
RTO,Timaru RTO,RTO_2025_30,Total international visitor,2024-05-31,46000
RTO,Waikato RTO,RTO_2025_03,Local resident,2024-05-31,383800
RTO,Waikato RTO,RTO_2025_03,Total international visitor,2024-05-31,92500
RTO,Waikato RTO,RTO_2025_03,Total visitor,2024-05-31,960600
RTO,Waikato RTO,RTO_2025_03,Domestic visitor,2024-05-31,868100
RTO,Waikato RTO,RTO_2025_03,International visitor (short-stay),2024-05-31,76900
RTO,Waimate,RTO_2025_32,Total visitor,2024-05-31,200600
RTO,Waimate,RTO_2025_32,International visitor (short-stay),2024-05-31,20800
RTO,Waimate,RTO_2025_32,Local resident,2024-05-31,7940
RTO,Waimate,RTO_2025_32,Total international visitor,2024-05-31,22800
RTO,Waimate,RTO_2025_32,Domestic visitor,2024-05-31,177800
RTO,Wairarapa RTO,RTO_2025_21,International visitor (short-stay),2024-05-31,5740
RTO,Wairarapa RTO,RTO_2025_21,Local resident,2024-05-31,50300
RTO,Wairarapa RTO,RTO_2025_21,Domestic visitor,2024-05-31,151200
RTO,Wairarapa RTO,RTO_2025_21,Total visitor,2024-05-31,158700
RTO,Wairarapa RTO,RTO_2025_21,Total international visitor,2024-05-31,7450
RTO,Waitaki RTO,RTO_2025_33,Local resident,2024-05-31,22000
RTO,Waitaki RTO,RTO_2025_33,Domestic visitor,2024-05-31,230700
RTO,Waitaki RTO,RTO_2025_33,Total international visitor,2024-05-31,58400
RTO,Waitaki RTO,RTO_2025_33,Total visitor,2024-05-31,289100
RTO,Waitaki RTO,RTO_2025_33,International visitor (short-stay),2024-05-31,54600
RTO,Waitomo,RTO_2025_06,Total visitor,2024-05-31,82900
RTO,Waitomo,RTO_2025_06,Local resident,2024-05-31,9990
RTO,Waitomo,RTO_2025_06,Domestic visitor,2024-05-31,78300
RTO,Waitomo,RTO_2025_06,International visitor (short-stay),2024-05-31,4160
RTO,Waitomo,RTO_2025_06,Total international visitor,2024-05-31,4630
RTO,Wānaka RTO,RTO_2025_35,Total visitor,2024-05-31,157100
RTO,Wānaka RTO,RTO_2025_35,Domestic visitor,2024-05-31,107900
RTO,Wānaka RTO,RTO_2025_35,Total international visitor,2024-05-31,49200
RTO,Wānaka RTO,RTO_2025_35,Local resident,2024-05-31,12900
RTO,Wānaka RTO,RTO_2025_35,International visitor (short-stay),2024-05-31,46000
RTO,Wellington RTO,RTO_2025_23,Total visitor,2024-05-31,533100
RTO,Wellington RTO,RTO_2025_23,Domestic visitor,2024-05-31,494400
RTO,Wellington RTO,RTO_2025_23,Total international visitor,2024-05-31,38700
RTO,Wellington RTO,RTO_2025_23,International visitor (short-stay),2024-05-31,29300
RTO,Wellington RTO,RTO_2025_23,Local resident,2024-05-31,504500
RTO,West Coast RTO,RTO_2025_26,Domestic visitor,2024-05-31,104000
RTO,West Coast RTO,RTO_2025_26,Local resident,2024-05-31,32000
RTO,West Coast RTO,RTO_2025_26,Total visitor,2024-05-31,131600
RTO,West Coast RTO,RTO_2025_26,Total international visitor,2024-05-31,27600
RTO,West Coast RTO,RTO_2025_26,International visitor (short-stay),2024-05-31,25400
RTO,Whakatane,RTO_2025_09,Domestic visitor,2024-05-31,114100
RTO,Whakatane,RTO_2025_09,Total international visitor,2024-05-31,2920
RTO,Whakatane,RTO_2025_09,International visitor (short-stay),2024-05-31,1810
RTO,Whakatane,RTO_2025_09,Local resident,2024-05-31,38800
RTO,Whakatane,RTO_2025_09,Total visitor,2024-05-31,117000
RTO,Whanganui RTO,RTO_2025_17,Total international visitor,2024-05-31,5150
RTO,Whanganui RTO,RTO_2025_17,International visitor (short-stay),2024-05-31,4020
RTO,Whanganui RTO,RTO_2025_17,Total visitor,2024-05-31,178700
RTO,Whanganui RTO,RTO_2025_17,Local resident,2024-05-31,49500
RTO,Whanganui RTO,RTO_2025_17,Domestic visitor,2024-05-31,173500
RTO,Auckland RTO,RTO_2025_02,International visitor (short-stay),2024-06-30,145500
RTO,Auckland RTO,RTO_2025_02,Local resident,2024-06-30,1813500
RTO,Auckland RTO,RTO_2025_02,Domestic visitor,2024-06-30,921200
RTO,Auckland RTO,RTO_2025_02,Total visitor,2024-06-30,1112300
RTO,Auckland RTO,RTO_2025_02,Total international visitor,2024-06-30,191100
RTO,Canterbury RTO,RTO_2025_29,Total international visitor,2024-06-30,65400
RTO,Canterbury RTO,RTO_2025_29,Total visitor,2024-06-30,521400
RTO,Canterbury RTO,RTO_2025_29,Domestic visitor,2024-06-30,456000
RTO,Canterbury RTO,RTO_2025_29,International visitor (short-stay),2024-06-30,55100
RTO,Canterbury RTO,RTO_2025_29,Local resident,2024-06-30,611500
RTO,Central Otago RTO,RTO_2025_34,Local resident,2024-06-30,21800
RTO,Central Otago RTO,RTO_2025_34,Domestic visitor,2024-06-30,193400
RTO,Central Otago RTO,RTO_2025_34,Total international visitor,2024-06-30,46600
RTO,Central Otago RTO,RTO_2025_34,Total visitor,2024-06-30,240000
RTO,Central Otago RTO,RTO_2025_34,International visitor (short-stay),2024-06-30,43400
RTO,Clutha RTO,RTO_2025_38,International visitor (short-stay),2024-06-30,9740
RTO,Clutha RTO,RTO_2025_38,Total international visitor,2024-06-30,11100
RTO,Clutha RTO,RTO_2025_38,Total visitor,2024-06-30,190500
RTO,Clutha RTO,RTO_2025_38,Local resident,2024-06-30,18400
RTO,Clutha RTO,RTO_2025_38,Domestic visitor,2024-06-30,179400
RTO,Coastal Bay of Plenty RTO,RTO_2025_08,Domestic visitor,2024-06-30,365600
RTO,Coastal Bay of Plenty RTO,RTO_2025_08,Total visitor,2024-06-30,387900
RTO,Coastal Bay of Plenty RTO,RTO_2025_08,Local resident,2024-06-30,216200
RTO,Coastal Bay of Plenty RTO,RTO_2025_08,International visitor (short-stay),2024-06-30,16300
RTO,Coastal Bay of Plenty RTO,RTO_2025_08,Total international visitor,2024-06-30,22300
RTO,Coromandel RTO,RTO_2025_07,Total visitor,2024-06-30,389100
RTO,Coromandel RTO,RTO_2025_07,Local resident,2024-06-30,48700
RTO,Coromandel RTO,RTO_2025_07,International visitor (short-stay),2024-06-30,17600
RTO,Coromandel RTO,RTO_2025_07,Domestic visitor,2024-06-30,367400
RTO,Coromandel RTO,RTO_2025_07,Total international visitor,2024-06-30,21700
RTO,Dunedin RTO,RTO_2025_37,Total visitor,2024-06-30,206600
RTO,Dunedin RTO,RTO_2025_37,International visitor (short-stay),2024-06-30,13500
RTO,Dunedin RTO,RTO_2025_37,Total international visitor,2024-06-30,16300
RTO,Dunedin RTO,RTO_2025_37,Domestic visitor,2024-06-30,190300
RTO,Dunedin RTO,RTO_2025_37,Local resident,2024-06-30,130800
RTO,Fiordland RTO,RTO_2025_40,International visitor (short-stay),2024-06-30,26700
RTO,Fiordland RTO,RTO_2025_40,Total visitor,2024-06-30,67200
RTO,Fiordland RTO,RTO_2025_40,Local resident,2024-06-30,3340
RTO,Fiordland RTO,RTO_2025_40,Domestic visitor,2024-06-30,39200
RTO,Fiordland RTO,RTO_2025_40,Total international visitor,2024-06-30,28000
RTO,Gisborne RTO,RTO_2025_13,Total visitor,2024-06-30,116700
RTO,Gisborne RTO,RTO_2025_13,Local resident,2024-06-30,58300
RTO,Gisborne RTO,RTO_2025_13,Domestic visitor,2024-06-30,110900
RTO,Gisborne RTO,RTO_2025_13,International visitor (short-stay),2024-06-30,4160
RTO,Gisborne RTO,RTO_2025_13,Total international visitor,2024-06-30,5840
RTO,Hawke's Bay RTO,RTO_2025_14,International visitor (short-stay),2024-06-30,8720
RTO,Hawke's Bay RTO,RTO_2025_14,Total international visitor,2024-06-30,12200
RTO,Hawke's Bay RTO,RTO_2025_14,Total visitor,2024-06-30,201900
RTO,Hawke's Bay RTO,RTO_2025_14,Local resident,2024-06-30,175800
RTO,Hawke's Bay RTO,RTO_2025_14,Domestic visitor,2024-06-30,189700
RTO,Horowhenua,RTO_2025_22,Local resident,2024-06-30,38700
RTO,Horowhenua,RTO_2025_22,International visitor (short-stay),2024-06-30,8150
RTO,Horowhenua,RTO_2025_22,Domestic visitor,2024-06-30,331500
RTO,Horowhenua,RTO_2025_22,Total international visitor,2024-06-30,10000
RTO,Horowhenua,RTO_2025_22,Total visitor,2024-06-30,341500
RTO,Hurunui RTO,RTO_2025_28,Total visitor,2024-06-30,245700
RTO,Hurunui RTO,RTO_2025_28,International visitor (short-stay),2024-06-30,14700
RTO,Hurunui RTO,RTO_2025_28,Total international visitor,2024-06-30,16900
RTO,Hurunui RTO,RTO_2025_28,Domestic visitor,2024-06-30,228800
RTO,Hurunui RTO,RTO_2025_28,Local resident,2024-06-30,13700
RTO,Kaikōura RTO,RTO_2025_27,International visitor (short-stay),2024-06-30,9920
RTO,Kaikōura RTO,RTO_2025_27,Local resident,2024-06-30,3840
RTO,Kaikōura RTO,RTO_2025_27,Total visitor,2024-06-30,110200
RTO,Kaikōura RTO,RTO_2025_27,Domestic visitor,2024-06-30,98800
RTO,Kaikōura RTO,RTO_2025_27,Total international visitor,2024-06-30,11400
RTO,Mackenzie RTO,RTO_2025_31,International visitor (short-stay),2024-06-30,39900
RTO,Mackenzie RTO,RTO_2025_31,Total international visitor,2024-06-30,42500
RTO,Mackenzie RTO,RTO_2025_31,Domestic visitor,2024-06-30,118600
RTO,Mackenzie RTO,RTO_2025_31,Total visitor,2024-06-30,161100
RTO,Mackenzie RTO,RTO_2025_31,Local resident,2024-06-30,4360
RTO,Manawatū RTO,RTO_2025_19,Local resident,2024-06-30,126900
RTO,Manawatū RTO,RTO_2025_19,Domestic visitor,2024-06-30,438400
RTO,Manawatū RTO,RTO_2025_19,International visitor (short-stay),2024-06-30,10300
RTO,Manawatū RTO,RTO_2025_19,Total international visitor,2024-06-30,13300
RTO,Manawatū RTO,RTO_2025_19,Total visitor,2024-06-30,451700
RTO,Marlborough RTO,RTO_2025_24,Domestic visitor,2024-06-30,164900
RTO,Marlborough RTO,RTO_2025_24,Local resident,2024-06-30,46400
RTO,Marlborough RTO,RTO_2025_24,Total international visitor,2024-06-30,16300
RTO,Marlborough RTO,RTO_2025_24,International visitor (short-stay),2024-06-30,13300
RTO,Marlborough RTO,RTO_2025_24,Total visitor,2024-06-30,181200
RTO,Nelson Tasman RTO,RTO_2025_25,Total visitor,2024-06-30,140100
RTO,Nelson Tasman RTO,RTO_2025_25,International visitor (short-stay),2024-06-30,9290
RTO,Nelson Tasman RTO,RTO_2025_25,Domestic visitor,2024-06-30,128200
RTO,Nelson Tasman RTO,RTO_2025_25,Local resident,2024-06-30,109500
RTO,Nelson Tasman RTO,RTO_2025_25,Total international visitor,2024-06-30,11900
National,New Zealand,NZ_2025_01,Local resident,2024-06-30,5086400
National,New Zealand,NZ_2025_01,Total visitor,2024-06-30,3815300
National,New Zealand,NZ_2025_01,Total international visitor,2024-06-30,310300
National,New Zealand,NZ_2025_01,International visitor (short-stay),2024-06-30,231400
National,New Zealand,NZ_2025_01,Domestic visitor,2024-06-30,3505000
RTO,Northland RTO,RTO_2025_01,Total visitor,2024-06-30,283200
RTO,Northland RTO,RTO_2025_01,International visitor (short-stay),2024-06-30,15700
RTO,Northland RTO,RTO_2025_01,Domestic visitor,2024-06-30,262900
RTO,Northland RTO,RTO_2025_01,Local resident,2024-06-30,190500
RTO,Northland RTO,RTO_2025_01,Total international visitor,2024-06-30,20300
RTO,Ōtorohanga,RTO_2025_05,International visitor (short-stay),2024-06-30,2880
RTO,Ōtorohanga,RTO_2025_05,Total visitor,2024-06-30,104200
RTO,Ōtorohanga,RTO_2025_05,Domestic visitor,2024-06-30,100900
RTO,Ōtorohanga,RTO_2025_05,Local resident,2024-06-30,10700
RTO,Ōtorohanga,RTO_2025_05,Total international visitor,2024-06-30,3260
RTO,Queenstown RTO,RTO_2025_36,Total visitor,2024-06-30,233200
RTO,Queenstown RTO,RTO_2025_36,Domestic visitor,2024-06-30,167000
RTO,Queenstown RTO,RTO_2025_36,International visitor (short-stay),2024-06-30,61500
RTO,Queenstown RTO,RTO_2025_36,Local resident,2024-06-30,31200
RTO,Queenstown RTO,RTO_2025_36,Total international visitor,2024-06-30,66200
RTO,Rangitīkei,RTO_2025_18,Total visitor,2024-06-30,335000
RTO,Rangitīkei,RTO_2025_18,Domestic visitor,2024-06-30,324200
RTO,Rangitīkei,RTO_2025_18,Total international visitor,2024-06-30,10800
RTO,Rangitīkei,RTO_2025_18,International visitor (short-stay),2024-06-30,8750
RTO,Rangitīkei,RTO_2025_18,Local resident,2024-06-30,15600
RTO,Rotorua RTO,RTO_2025_11,Total visitor,2024-06-30,444200
RTO,Rotorua RTO,RTO_2025_11,Domestic visitor,2024-06-30,405100
RTO,Rotorua RTO,RTO_2025_11,Local resident,2024-06-30,77400
RTO,Rotorua RTO,RTO_2025_11,Total international visitor,2024-06-30,39100
RTO,Rotorua RTO,RTO_2025_11,International visitor (short-stay),2024-06-30,34200
RTO,Ruapehu RTO,RTO_2025_15,Domestic visitor,2024-06-30,252400
RTO,Ruapehu RTO,RTO_2025_15,Total international visitor,2024-06-30,15200
RTO,Ruapehu RTO,RTO_2025_15,Total visitor,2024-06-30,267600
RTO,Ruapehu RTO,RTO_2025_15,International visitor (short-stay),2024-06-30,12300
RTO,Ruapehu RTO,RTO_2025_15,Local resident,2024-06-30,13600
RTO,Southland RTO,RTO_2025_39,Total visitor,2024-06-30,187000
RTO,Southland RTO,RTO_2025_39,International visitor (short-stay),2024-06-30,30500
RTO,Southland RTO,RTO_2025_39,Domestic visitor,2024-06-30,153800
RTO,Southland RTO,RTO_2025_39,Total international visitor,2024-06-30,33200
RTO,Southland RTO,RTO_2025_39,Local resident,2024-06-30,96300
RTO,Taranaki RTO,RTO_2025_16,International visitor (short-stay),2024-06-30,9540
RTO,Taranaki RTO,RTO_2025_16,Total visitor,2024-06-30,192200
RTO,Taranaki RTO,RTO_2025_16,Local resident,2024-06-30,128100
RTO,Taranaki RTO,RTO_2025_16,Domestic visitor,2024-06-30,180200
RTO,Taranaki RTO,RTO_2025_16,Total international visitor,2024-06-30,12000
RTO,Tararua,RTO_2025_20,International visitor (short-stay),2024-06-30,4600
RTO,Tararua,RTO_2025_20,Total visitor,2024-06-30,220700
RTO,Tararua,RTO_2025_20,Local resident,2024-06-30,19100
RTO,Tararua,RTO_2025_20,Total international visitor,2024-06-30,5860
RTO,Tararua,RTO_2025_20,Domestic visitor,2024-06-30,214800
RTO,Taupō RTO,RTO_2025_12,International visitor (short-stay),2024-06-30,22400
RTO,Taupō RTO,RTO_2025_12,Local resident,2024-06-30,39900
RTO,Taupō RTO,RTO_2025_12,Total visitor,2024-06-30,392100
RTO,Taupō RTO,RTO_2025_12,Domestic visitor,2024-06-30,365100
RTO,Taupō RTO,RTO_2025_12,Total international visitor,2024-06-30,27000
RTO,Timaru RTO,RTO_2025_30,International visitor (short-stay),2024-06-30,28800
RTO,Timaru RTO,RTO_2025_30,Local resident,2024-06-30,48600
RTO,Timaru RTO,RTO_2025_30,Domestic visitor,2024-06-30,261500
RTO,Timaru RTO,RTO_2025_30,Total visitor,2024-06-30,293200
RTO,Timaru RTO,RTO_2025_30,Total international visitor,2024-06-30,31700
RTO,Waikato RTO,RTO_2025_03,Domestic visitor,2024-06-30,885000
RTO,Waikato RTO,RTO_2025_03,Local resident,2024-06-30,384300
RTO,Waikato RTO,RTO_2025_03,Total visitor,2024-06-30,966700
RTO,Waikato RTO,RTO_2025_03,International visitor (short-stay),2024-06-30,66200
RTO,Waikato RTO,RTO_2025_03,Total international visitor,2024-06-30,81700
RTO,Waimate,RTO_2025_32,Total visitor,2024-06-30,180300
RTO,Waimate,RTO_2025_32,Total international visitor,2024-06-30,14100
RTO,Waimate,RTO_2025_32,International visitor (short-stay),2024-06-30,12500
RTO,Waimate,RTO_2025_32,Domestic visitor,2024-06-30,166200
RTO,Waimate,RTO_2025_32,Local resident,2024-06-30,7550
RTO,Wairarapa RTO,RTO_2025_21,Total visitor,2024-06-30,155100
RTO,Wairarapa RTO,RTO_2025_21,Domestic visitor,2024-06-30,148400
RTO,Wairarapa RTO,RTO_2025_21,Local resident,2024-06-30,51500
RTO,Wairarapa RTO,RTO_2025_21,International visitor (short-stay),2024-06-30,5110
RTO,Wairarapa RTO,RTO_2025_21,Total international visitor,2024-06-30,6680
RTO,Waitaki RTO,RTO_2025_33,Total visitor,2024-06-30,258400
RTO,Waitaki RTO,RTO_2025_33,International visitor (short-stay),2024-06-30,37300
RTO,Waitaki RTO,RTO_2025_33,Total international visitor,2024-06-30,40300
RTO,Waitaki RTO,RTO_2025_33,Local resident,2024-06-30,22000
RTO,Waitaki RTO,RTO_2025_33,Domestic visitor,2024-06-30,218100
RTO,Waitomo,RTO_2025_06,Domestic visitor,2024-06-30,82800
RTO,Waitomo,RTO_2025_06,Total international visitor,2024-06-30,2720
RTO,Waitomo,RTO_2025_06,Total visitor,2024-06-30,85500
RTO,Waitomo,RTO_2025_06,International visitor (short-stay),2024-06-30,2360
RTO,Waitomo,RTO_2025_06,Local resident,2024-06-30,10200
RTO,Wānaka RTO,RTO_2025_35,Total international visitor,2024-06-30,37400
RTO,Wānaka RTO,RTO_2025_35,Domestic visitor,2024-06-30,102900
RTO,Wānaka RTO,RTO_2025_35,Local resident,2024-06-30,13200
RTO,Wānaka RTO,RTO_2025_35,Total visitor,2024-06-30,140300
RTO,Wānaka RTO,RTO_2025_35,International visitor (short-stay),2024-06-30,34900
RTO,Wellington RTO,RTO_2025_23,International visitor (short-stay),2024-06-30,26100
RTO,Wellington RTO,RTO_2025_23,Total international visitor,2024-06-30,34700
RTO,Wellington RTO,RTO_2025_23,Total visitor,2024-06-30,500200
RTO,Wellington RTO,RTO_2025_23,Domestic visitor,2024-06-30,465500
RTO,Wellington RTO,RTO_2025_23,Local resident,2024-06-30,500700
RTO,West Coast RTO,RTO_2025_26,Total international visitor,2024-06-30,17000
RTO,West Coast RTO,RTO_2025_26,Domestic visitor,2024-06-30,95500
RTO,West Coast RTO,RTO_2025_26,Total visitor,2024-06-30,112500
RTO,West Coast RTO,RTO_2025_26,International visitor (short-stay),2024-06-30,15500
RTO,West Coast RTO,RTO_2025_26,Local resident,2024-06-30,31500
RTO,Whakatane,RTO_2025_09,Total visitor,2024-06-30,113900
RTO,Whakatane,RTO_2025_09,International visitor (short-stay),2024-06-30,1370
RTO,Whakatane,RTO_2025_09,Local resident,2024-06-30,37900
RTO,Whakatane,RTO_2025_09,Total international visitor,2024-06-30,2320
RTO,Whakatane,RTO_2025_09,Domestic visitor,2024-06-30,111600
RTO,Whanganui RTO,RTO_2025_17,Total visitor,2024-06-30,174900
RTO,Whanganui RTO,RTO_2025_17,International visitor (short-stay),2024-06-30,3220
RTO,Whanganui RTO,RTO_2025_17,Local resident,2024-06-30,49800
RTO,Whanganui RTO,RTO_2025_17,Domestic visitor,2024-06-30,170700
RTO,Whanganui RTO,RTO_2025_17,Total international visitor,2024-06-30,4240
RTO,Auckland RTO,RTO_2025_02,Total international visitor,2024-07-31,219200
RTO,Auckland RTO,RTO_2025_02,Domestic visitor,2024-07-31,886100
RTO,Auckland RTO,RTO_2025_02,Total visitor,2024-07-31,1105300
RTO,Auckland RTO,RTO_2025_02,Local resident,2024-07-31,1814500
RTO,Auckland RTO,RTO_2025_02,International visitor (short-stay),2024-07-31,176800
RTO,Canterbury RTO,RTO_2025_29,Domestic visitor,2024-07-31,425200
RTO,Canterbury RTO,RTO_2025_29,Total visitor,2024-07-31,502100
RTO,Canterbury RTO,RTO_2025_29,Total international visitor,2024-07-31,76900
RTO,Canterbury RTO,RTO_2025_29,International visitor (short-stay),2024-07-31,67100
RTO,Canterbury RTO,RTO_2025_29,Local resident,2024-07-31,622500
RTO,Central Otago RTO,RTO_2025_34,Total visitor,2024-07-31,263200
RTO,Central Otago RTO,RTO_2025_34,International visitor (short-stay),2024-07-31,64400
RTO,Central Otago RTO,RTO_2025_34,Total international visitor,2024-07-31,68300
RTO,Central Otago RTO,RTO_2025_34,Domestic visitor,2024-07-31,194900
RTO,Central Otago RTO,RTO_2025_34,Local resident,2024-07-31,21800
RTO,Clutha RTO,RTO_2025_38,International visitor (short-stay),2024-07-31,14200
RTO,Clutha RTO,RTO_2025_38,Total visitor,2024-07-31,196300
RTO,Clutha RTO,RTO_2025_38,Local resident,2024-07-31,17600
RTO,Clutha RTO,RTO_2025_38,Total international visitor,2024-07-31,15600
RTO,Clutha RTO,RTO_2025_38,Domestic visitor,2024-07-31,180700
RTO,Coastal Bay of Plenty RTO,RTO_2025_08,Local resident,2024-07-31,214100
RTO,Coastal Bay of Plenty RTO,RTO_2025_08,Total visitor,2024-07-31,379100
RTO,Coastal Bay of Plenty RTO,RTO_2025_08,International visitor (short-stay),2024-07-31,19700
RTO,Coastal Bay of Plenty RTO,RTO_2025_08,Total international visitor,2024-07-31,24900
RTO,Coastal Bay of Plenty RTO,RTO_2025_08,Domestic visitor,2024-07-31,354200
RTO,Coromandel RTO,RTO_2025_07,Local resident,2024-07-31,44000
RTO,Coromandel RTO,RTO_2025_07,International visitor (short-stay),2024-07-31,19400
RTO,Coromandel RTO,RTO_2025_07,Total visitor,2024-07-31,345500
RTO,Coromandel RTO,RTO_2025_07,Domestic visitor,2024-07-31,322600
RTO,Coromandel RTO,RTO_2025_07,Total international visitor,2024-07-31,22900
RTO,Dunedin RTO,RTO_2025_37,Total visitor,2024-07-31,218600
RTO,Dunedin RTO,RTO_2025_37,Local resident,2024-07-31,136100
RTO,Dunedin RTO,RTO_2025_37,Total international visitor,2024-07-31,22000
RTO,Dunedin RTO,RTO_2025_37,Domestic visitor,2024-07-31,196600
RTO,Dunedin RTO,RTO_2025_37,International visitor (short-stay),2024-07-31,19300
RTO,Fiordland RTO,RTO_2025_40,International visitor (short-stay),2024-07-31,30700
RTO,Fiordland RTO,RTO_2025_40,Total visitor,2024-07-31,65900
RTO,Fiordland RTO,RTO_2025_40,Total international visitor,2024-07-31,31800
RTO,Fiordland RTO,RTO_2025_40,Local resident,2024-07-31,2940
RTO,Fiordland RTO,RTO_2025_40,Domestic visitor,2024-07-31,34100
RTO,Gisborne RTO,RTO_2025_13,Total visitor,2024-07-31,106600
RTO,Gisborne RTO,RTO_2025_13,Total international visitor,2024-07-31,5900
RTO,Gisborne RTO,RTO_2025_13,Local resident,2024-07-31,58200
RTO,Gisborne RTO,RTO_2025_13,International visitor (short-stay),2024-07-31,4450
RTO,Gisborne RTO,RTO_2025_13,Domestic visitor,2024-07-31,100700
RTO,Hawke's Bay RTO,RTO_2025_14,Total visitor,2024-07-31,186400
RTO,Hawke's Bay RTO,RTO_2025_14,Local resident,2024-07-31,175500
RTO,Hawke's Bay RTO,RTO_2025_14,Domestic visitor,2024-07-31,174100
RTO,Hawke's Bay RTO,RTO_2025_14,Total international visitor,2024-07-31,12300
RTO,Hawke's Bay RTO,RTO_2025_14,International visitor (short-stay),2024-07-31,9380
RTO,Horowhenua,RTO_2025_22,International visitor (short-stay),2024-07-31,10500
RTO,Horowhenua,RTO_2025_22,Total visitor,2024-07-31,321200
RTO,Horowhenua,RTO_2025_22,Domestic visitor,2024-07-31,309000
RTO,Horowhenua,RTO_2025_22,Local resident,2024-07-31,38100
RTO,Horowhenua,RTO_2025_22,Total international visitor,2024-07-31,12200
RTO,Hurunui RTO,RTO_2025_28,Total international visitor,2024-07-31,21600
RTO,Hurunui RTO,RTO_2025_28,International visitor (short-stay),2024-07-31,19400
RTO,Hurunui RTO,RTO_2025_28,Local resident,2024-07-31,13300
RTO,Hurunui RTO,RTO_2025_28,Total visitor,2024-07-31,238000
RTO,Hurunui RTO,RTO_2025_28,Domestic visitor,2024-07-31,216400
RTO,Kaikōura RTO,RTO_2025_27,Local resident,2024-07-31,3230
RTO,Kaikōura RTO,RTO_2025_27,Total visitor,2024-07-31,104200
RTO,Kaikōura RTO,RTO_2025_27,International visitor (short-stay),2024-07-31,13300
RTO,Kaikōura RTO,RTO_2025_27,Domestic visitor,2024-07-31,89500
RTO,Kaikōura RTO,RTO_2025_27,Total international visitor,2024-07-31,14700
RTO,Mackenzie RTO,RTO_2025_31,International visitor (short-stay),2024-07-31,49500
RTO,Mackenzie RTO,RTO_2025_31,Domestic visitor,2024-07-31,114900
RTO,Mackenzie RTO,RTO_2025_31,Local resident,2024-07-31,4120
RTO,Mackenzie RTO,RTO_2025_31,Total visitor,2024-07-31,167000
RTO,Mackenzie RTO,RTO_2025_31,Total international visitor,2024-07-31,52100
RTO,Manawatū RTO,RTO_2025_19,Total visitor,2024-07-31,437600
RTO,Manawatū RTO,RTO_2025_19,Local resident,2024-07-31,126500
RTO,Manawatū RTO,RTO_2025_19,Total international visitor,2024-07-31,15800
RTO,Manawatū RTO,RTO_2025_19,International visitor (short-stay),2024-07-31,13200
RTO,Manawatū RTO,RTO_2025_19,Domestic visitor,2024-07-31,421800
RTO,Marlborough RTO,RTO_2025_24,International visitor (short-stay),2024-07-31,15500
RTO,Marlborough RTO,RTO_2025_24,Total visitor,2024-07-31,172700
RTO,Marlborough RTO,RTO_2025_24,Local resident,2024-07-31,46100
RTO,Marlborough RTO,RTO_2025_24,Domestic visitor,2024-07-31,154500
RTO,Marlborough RTO,RTO_2025_24,Total international visitor,2024-07-31,18200
RTO,Nelson Tasman RTO,RTO_2025_25,Domestic visitor,2024-07-31,117900
RTO,Nelson Tasman RTO,RTO_2025_25,International visitor (short-stay),2024-07-31,11100
RTO,Nelson Tasman RTO,RTO_2025_25,Total international visitor,2024-07-31,13400
RTO,Nelson Tasman RTO,RTO_2025_25,Total visitor,2024-07-31,131300
RTO,Nelson Tasman RTO,RTO_2025_25,Local resident,2024-07-31,109000
National,New Zealand,NZ_2025_01,International visitor (short-stay),2024-07-31,287100
National,New Zealand,NZ_2025_01,Domestic visitor,2024-07-31,3333300
National,New Zealand,NZ_2025_01,Total visitor,2024-07-31,3694600
National,New Zealand,NZ_2025_01,Local resident,2024-07-31,5080000
National,New Zealand,NZ_2025_01,Total international visitor,2024-07-31,361300
RTO,Northland RTO,RTO_2025_01,International visitor (short-stay),2024-07-31,17800
RTO,Northland RTO,RTO_2025_01,Total visitor,2024-07-31,272300
RTO,Northland RTO,RTO_2025_01,Local resident,2024-07-31,181900
RTO,Northland RTO,RTO_2025_01,Total international visitor,2024-07-31,21900
RTO,Northland RTO,RTO_2025_01,Domestic visitor,2024-07-31,250400
RTO,Ōtorohanga,RTO_2025_05,Total international visitor,2024-07-31,2400
RTO,Ōtorohanga,RTO_2025_05,Domestic visitor,2024-07-31,90900
RTO,Ōtorohanga,RTO_2025_05,International visitor (short-stay),2024-07-31,1980
RTO,Ōtorohanga,RTO_2025_05,Total visitor,2024-07-31,93300
RTO,Ōtorohanga,RTO_2025_05,Local resident,2024-07-31,10500
RTO,Queenstown RTO,RTO_2025_36,Total visitor,2024-07-31,269100
RTO,Queenstown RTO,RTO_2025_36,International visitor (short-stay),2024-07-31,91200
RTO,Queenstown RTO,RTO_2025_36,Domestic visitor,2024-07-31,172400
RTO,Queenstown RTO,RTO_2025_36,Total international visitor,2024-07-31,96700
RTO,Queenstown RTO,RTO_2025_36,Local resident,2024-07-31,33700
RTO,Rangitīkei,RTO_2025_18,Total visitor,2024-07-31,325400
RTO,Rangitīkei,RTO_2025_18,Local resident,2024-07-31,15200
RTO,Rangitīkei,RTO_2025_18,Domestic visitor,2024-07-31,312100
RTO,Rangitīkei,RTO_2025_18,Total international visitor,2024-07-31,13300
RTO,Rangitīkei,RTO_2025_18,International visitor (short-stay),2024-07-31,11500
RTO,Rotorua RTO,RTO_2025_11,Total international visitor,2024-07-31,50600
RTO,Rotorua RTO,RTO_2025_11,International visitor (short-stay),2024-07-31,46100
RTO,Rotorua RTO,RTO_2025_11,Domestic visitor,2024-07-31,379600
RTO,Rotorua RTO,RTO_2025_11,Local resident,2024-07-31,75200
RTO,Rotorua RTO,RTO_2025_11,Total visitor,2024-07-31,430200
RTO,Ruapehu RTO,RTO_2025_15,Domestic visitor,2024-07-31,253900
RTO,Ruapehu RTO,RTO_2025_15,Total visitor,2024-07-31,275000
RTO,Ruapehu RTO,RTO_2025_15,International visitor (short-stay),2024-07-31,17800
RTO,Ruapehu RTO,RTO_2025_15,Total international visitor,2024-07-31,21100
RTO,Ruapehu RTO,RTO_2025_15,Local resident,2024-07-31,13700
RTO,Southland RTO,RTO_2025_39,Local resident,2024-07-31,96300
RTO,Southland RTO,RTO_2025_39,International visitor (short-stay),2024-07-31,35400
RTO,Southland RTO,RTO_2025_39,Domestic visitor,2024-07-31,142500
RTO,Southland RTO,RTO_2025_39,Total international visitor,2024-07-31,37800
RTO,Southland RTO,RTO_2025_39,Total visitor,2024-07-31,180300
RTO,Taranaki RTO,RTO_2025_16,Domestic visitor,2024-07-31,169000
RTO,Taranaki RTO,RTO_2025_16,Total visitor,2024-07-31,183200
RTO,Taranaki RTO,RTO_2025_16,Total international visitor,2024-07-31,14200
RTO,Taranaki RTO,RTO_2025_16,International visitor (short-stay),2024-07-31,11900
RTO,Taranaki RTO,RTO_2025_16,Local resident,2024-07-31,129500
RTO,Tararua,RTO_2025_20,Local resident,2024-07-31,19000
RTO,Tararua,RTO_2025_20,Total international visitor,2024-07-31,6330
RTO,Tararua,RTO_2025_20,International visitor (short-stay),2024-07-31,5300
RTO,Tararua,RTO_2025_20,Total visitor,2024-07-31,211600
RTO,Tararua,RTO_2025_20,Domestic visitor,2024-07-31,205300
RTO,Taupō RTO,RTO_2025_12,Total visitor,2024-07-31,387500
RTO,Taupō RTO,RTO_2025_12,International visitor (short-stay),2024-07-31,29700
RTO,Taupō RTO,RTO_2025_12,Total international visitor,2024-07-31,34100
RTO,Taupō RTO,RTO_2025_12,Domestic visitor,2024-07-31,353400
RTO,Taupō RTO,RTO_2025_12,Local resident,2024-07-31,38900
RTO,Timaru RTO,RTO_2025_30,Total visitor,2024-07-31,302600
RTO,Timaru RTO,RTO_2025_30,Total international visitor,2024-07-31,41000
RTO,Timaru RTO,RTO_2025_30,International visitor (short-stay),2024-07-31,38100
RTO,Timaru RTO,RTO_2025_30,Domestic visitor,2024-07-31,261600
RTO,Timaru RTO,RTO_2025_30,Local resident,2024-07-31,48300
RTO,Waikato RTO,RTO_2025_03,Domestic visitor,2024-07-31,823800
RTO,Waikato RTO,RTO_2025_03,Local resident,2024-07-31,382100
RTO,Waikato RTO,RTO_2025_03,Total visitor,2024-07-31,923300
RTO,Waikato RTO,RTO_2025_03,Total international visitor,2024-07-31,99500
RTO,Waikato RTO,RTO_2025_03,International visitor (short-stay),2024-07-31,85400
RTO,Waimate,RTO_2025_32,Total visitor,2024-07-31,195100
RTO,Waimate,RTO_2025_32,Local resident,2024-07-31,7610
RTO,Waimate,RTO_2025_32,Total international visitor,2024-07-31,20300
RTO,Waimate,RTO_2025_32,Domestic visitor,2024-07-31,174800
RTO,Waimate,RTO_2025_32,International visitor (short-stay),2024-07-31,18600
RTO,Wairarapa RTO,RTO_2025_21,Total visitor,2024-07-31,168100
RTO,Wairarapa RTO,RTO_2025_21,Local resident,2024-07-31,49900
RTO,Wairarapa RTO,RTO_2025_21,Total international visitor,2024-07-31,7060
RTO,Wairarapa RTO,RTO_2025_21,International visitor (short-stay),2024-07-31,5710
RTO,Wairarapa RTO,RTO_2025_21,Domestic visitor,2024-07-31,161000
RTO,Waitaki RTO,RTO_2025_33,International visitor (short-stay),2024-07-31,47600
RTO,Waitaki RTO,RTO_2025_33,Local resident,2024-07-31,21400
RTO,Waitaki RTO,RTO_2025_33,Domestic visitor,2024-07-31,218700
RTO,Waitaki RTO,RTO_2025_33,Total international visitor,2024-07-31,50700
RTO,Waitaki RTO,RTO_2025_33,Total visitor,2024-07-31,269400
RTO,Waitomo,RTO_2025_06,Total visitor,2024-07-31,77600
RTO,Waitomo,RTO_2025_06,Domestic visitor,2024-07-31,74800
RTO,Waitomo,RTO_2025_06,Total international visitor,2024-07-31,2780
RTO,Waitomo,RTO_2025_06,International visitor (short-stay),2024-07-31,2380
RTO,Waitomo,RTO_2025_06,Local resident,2024-07-31,10400
RTO,Wānaka RTO,RTO_2025_35,Total visitor,2024-07-31,161100
RTO,Wānaka RTO,RTO_2025_35,Local resident,2024-07-31,15900
RTO,Wānaka RTO,RTO_2025_35,Total international visitor,2024-07-31,54500
RTO,Wānaka RTO,RTO_2025_35,Domestic visitor,2024-07-31,106600
RTO,Wānaka RTO,RTO_2025_35,International visitor (short-stay),2024-07-31,51500
RTO,Wellington RTO,RTO_2025_23,Total visitor,2024-07-31,496400
RTO,Wellington RTO,RTO_2025_23,International visitor (short-stay),2024-07-31,30900
RTO,Wellington RTO,RTO_2025_23,Domestic visitor,2024-07-31,457600
RTO,Wellington RTO,RTO_2025_23,Total international visitor,2024-07-31,38800
RTO,Wellington RTO,RTO_2025_23,Local resident,2024-07-31,503100
RTO,West Coast RTO,RTO_2025_26,International visitor (short-stay),2024-07-31,18400
RTO,West Coast RTO,RTO_2025_26,Local resident,2024-07-31,30000
RTO,West Coast RTO,RTO_2025_26,Total international visitor,2024-07-31,19800
RTO,West Coast RTO,RTO_2025_26,Domestic visitor,2024-07-31,90200
RTO,West Coast RTO,RTO_2025_26,Total visitor,2024-07-31,110000
RTO,Whakatane,RTO_2025_09,Local resident,2024-07-31,37300
RTO,Whakatane,RTO_2025_09,Domestic visitor,2024-07-31,107200
RTO,Whakatane,RTO_2025_09,International visitor (short-stay),2024-07-31,1420
RTO,Whakatane,RTO_2025_09,Total visitor,2024-07-31,109400
RTO,Whakatane,RTO_2025_09,Total international visitor,2024-07-31,2170
RTO,Whanganui RTO,RTO_2025_17,Total visitor,2024-07-31,167500
RTO,Whanganui RTO,RTO_2025_17,Local resident,2024-07-31,49200
RTO,Whanganui RTO,RTO_2025_17,Domestic visitor,2024-07-31,162400
RTO,Whanganui RTO,RTO_2025_17,International visitor (short-stay),2024-07-31,4180
RTO,Whanganui RTO,RTO_2025_17,Total international visitor,2024-07-31,5130
RTO,Auckland RTO,RTO_2025_02,Total visitor,2024-08-31,1042000
RTO,Auckland RTO,RTO_2025_02,Local resident,2024-08-31,1828600
RTO,Auckland RTO,RTO_2025_02,International visitor (short-stay),2024-08-31,173300
RTO,Auckland RTO,RTO_2025_02,Total international visitor,2024-08-31,213700
RTO,Auckland RTO,RTO_2025_02,Domestic visitor,2024-08-31,828300
RTO,Canterbury RTO,RTO_2025_29,Local resident,2024-08-31,630700
RTO,Canterbury RTO,RTO_2025_29,Total international visitor,2024-08-31,77000
RTO,Canterbury RTO,RTO_2025_29,International visitor (short-stay),2024-08-31,67900
RTO,Canterbury RTO,RTO_2025_29,Total visitor,2024-08-31,477400
RTO,Canterbury RTO,RTO_2025_29,Domestic visitor,2024-08-31,400400
RTO,Central Otago RTO,RTO_2025_34,International visitor (short-stay),2024-08-31,68100
RTO,Central Otago RTO,RTO_2025_34,Local resident,2024-08-31,23600
RTO,Central Otago RTO,RTO_2025_34,Domestic visitor,2024-08-31,194700
RTO,Central Otago RTO,RTO_2025_34,Total visitor,2024-08-31,266400
RTO,Central Otago RTO,RTO_2025_34,Total international visitor,2024-08-31,71700
RTO,Clutha RTO,RTO_2025_38,Local resident,2024-08-31,17600
RTO,Clutha RTO,RTO_2025_38,Total international visitor,2024-08-31,16200
RTO,Clutha RTO,RTO_2025_38,Total visitor,2024-08-31,180600
RTO,Clutha RTO,RTO_2025_38,Domestic visitor,2024-08-31,164400
RTO,Clutha RTO,RTO_2025_38,International visitor (short-stay),2024-08-31,15100
RTO,Coastal Bay of Plenty RTO,RTO_2025_08,Domestic visitor,2024-08-31,312300
RTO,Coastal Bay of Plenty RTO,RTO_2025_08,Local resident,2024-08-31,216600
RTO,Coastal Bay of Plenty RTO,RTO_2025_08,Total visitor,2024-08-31,336000
RTO,Coastal Bay of Plenty RTO,RTO_2025_08,International visitor (short-stay),2024-08-31,18800
RTO,Coastal Bay of Plenty RTO,RTO_2025_08,Total international visitor,2024-08-31,23700
RTO,Coromandel RTO,RTO_2025_07,International visitor (short-stay),2024-08-31,20100
RTO,Coromandel RTO,RTO_2025_07,Total international visitor,2024-08-31,23400
RTO,Coromandel RTO,RTO_2025_07,Local resident,2024-08-31,43700
RTO,Coromandel RTO,RTO_2025_07,Total visitor,2024-08-31,330900
RTO,Coromandel RTO,RTO_2025_07,Domestic visitor,2024-08-31,307500
RTO,Dunedin RTO,RTO_2025_37,Total international visitor,2024-08-31,23100
RTO,Dunedin RTO,RTO_2025_37,Total visitor,2024-08-31,197100
RTO,Dunedin RTO,RTO_2025_37,Local resident,2024-08-31,135400
RTO,Dunedin RTO,RTO_2025_37,Domestic visitor,2024-08-31,174000
RTO,Dunedin RTO,RTO_2025_37,International visitor (short-stay),2024-08-31,20900
RTO,Fiordland RTO,RTO_2025_40,Local resident,2024-08-31,2960
RTO,Fiordland RTO,RTO_2025_40,Domestic visitor,2024-08-31,34900
RTO,Fiordland RTO,RTO_2025_40,Total international visitor,2024-08-31,33300
RTO,Fiordland RTO,RTO_2025_40,Total visitor,2024-08-31,68200
RTO,Fiordland RTO,RTO_2025_40,International visitor (short-stay),2024-08-31,32300
RTO,Gisborne RTO,RTO_2025_13,Total visitor,2024-08-31,108400
RTO,Gisborne RTO,RTO_2025_13,Local resident,2024-08-31,58400
RTO,Gisborne RTO,RTO_2025_13,Domestic visitor,2024-08-31,102800
RTO,Gisborne RTO,RTO_2025_13,International visitor (short-stay),2024-08-31,4300
RTO,Gisborne RTO,RTO_2025_13,Total international visitor,2024-08-31,5640
RTO,Hawke's Bay RTO,RTO_2025_14,Local resident,2024-08-31,177600
RTO,Hawke's Bay RTO,RTO_2025_14,International visitor (short-stay),2024-08-31,9640
RTO,Hawke's Bay RTO,RTO_2025_14,Total international visitor,2024-08-31,12400
RTO,Hawke's Bay RTO,RTO_2025_14,Total visitor,2024-08-31,179800
RTO,Hawke's Bay RTO,RTO_2025_14,Domestic visitor,2024-08-31,167400
RTO,Horowhenua,RTO_2025_22,Local resident,2024-08-31,39500
RTO,Horowhenua,RTO_2025_22,Domestic visitor,2024-08-31,300100
RTO,Horowhenua,RTO_2025_22,Total visitor,2024-08-31,312300
RTO,Horowhenua,RTO_2025_22,International visitor (short-stay),2024-08-31,10800
RTO,Horowhenua,RTO_2025_22,Total international visitor,2024-08-31,12200
RTO,Hurunui RTO,RTO_2025_28,International visitor (short-stay),2024-08-31,19700
RTO,Hurunui RTO,RTO_2025_28,Domestic visitor,2024-08-31,208000
RTO,Hurunui RTO,RTO_2025_28,Total visitor,2024-08-31,229500
RTO,Hurunui RTO,RTO_2025_28,Local resident,2024-08-31,12800
RTO,Hurunui RTO,RTO_2025_28,Total international visitor,2024-08-31,21500
RTO,Kaikōura RTO,RTO_2025_27,Local resident,2024-08-31,3210
RTO,Kaikōura RTO,RTO_2025_27,Total visitor,2024-08-31,100200
RTO,Kaikōura RTO,RTO_2025_27,International visitor (short-stay),2024-08-31,13400
RTO,Kaikōura RTO,RTO_2025_27,Domestic visitor,2024-08-31,85700
RTO,Kaikōura RTO,RTO_2025_27,Total international visitor,2024-08-31,14500
RTO,Mackenzie RTO,RTO_2025_31,Total international visitor,2024-08-31,58000
RTO,Mackenzie RTO,RTO_2025_31,International visitor (short-stay),2024-08-31,55500
RTO,Mackenzie RTO,RTO_2025_31,Total visitor,2024-08-31,173400
RTO,Mackenzie RTO,RTO_2025_31,Domestic visitor,2024-08-31,115400
RTO,Mackenzie RTO,RTO_2025_31,Local resident,2024-08-31,4200
RTO,Manawatū RTO,RTO_2025_19,Domestic visitor,2024-08-31,383400
RTO,Manawatū RTO,RTO_2025_19,Total international visitor,2024-08-31,14800
RTO,Manawatū RTO,RTO_2025_19,Total visitor,2024-08-31,398200
RTO,Manawatū RTO,RTO_2025_19,Local resident,2024-08-31,129700
RTO,Manawatū RTO,RTO_2025_19,International visitor (short-stay),2024-08-31,12600
RTO,Marlborough RTO,RTO_2025_24,Local resident,2024-08-31,46800
RTO,Marlborough RTO,RTO_2025_24,International visitor (short-stay),2024-08-31,15100
RTO,Marlborough RTO,RTO_2025_24,Total visitor,2024-08-31,159400
RTO,Marlborough RTO,RTO_2025_24,Domestic visitor,2024-08-31,141800
RTO,Marlborough RTO,RTO_2025_24,Total international visitor,2024-08-31,17600
RTO,Nelson Tasman RTO,RTO_2025_25,Total visitor,2024-08-31,123200
RTO,Nelson Tasman RTO,RTO_2025_25,Domestic visitor,2024-08-31,109900
RTO,Nelson Tasman RTO,RTO_2025_25,International visitor (short-stay),2024-08-31,11300
RTO,Nelson Tasman RTO,RTO_2025_25,Local resident,2024-08-31,109100
RTO,Nelson Tasman RTO,RTO_2025_25,Total international visitor,2024-08-31,13300
National,New Zealand,NZ_2025_01,Domestic visitor,2024-08-31,3249400
National,New Zealand,NZ_2025_01,International visitor (short-stay),2024-08-31,286200
National,New Zealand,NZ_2025_01,Local resident,2024-08-31,5086200
National,New Zealand,NZ_2025_01,Total visitor,2024-08-31,3606700
National,New Zealand,NZ_2025_01,Total international visitor,2024-08-31,357300
RTO,Northland RTO,RTO_2025_01,Total visitor,2024-08-31,255400
RTO,Northland RTO,RTO_2025_01,Total international visitor,2024-08-31,21900
RTO,Northland RTO,RTO_2025_01,Domestic visitor,2024-08-31,233500
RTO,Northland RTO,RTO_2025_01,International visitor (short-stay),2024-08-31,17900
RTO,Northland RTO,RTO_2025_01,Local resident,2024-08-31,180900
RTO,Ōtorohanga,RTO_2025_05,Total international visitor,2024-08-31,1310
RTO,Ōtorohanga,RTO_2025_05,Local resident,2024-08-31,11000
RTO,Ōtorohanga,RTO_2025_05,Total visitor,2024-08-31,89400
RTO,Ōtorohanga,RTO_2025_05,International visitor (short-stay),2024-08-31,1110
RTO,Ōtorohanga,RTO_2025_05,Domestic visitor,2024-08-31,88100
RTO,Queenstown RTO,RTO_2025_36,Domestic visitor,2024-08-31,165000
RTO,Queenstown RTO,RTO_2025_36,Total international visitor,2024-08-31,99900
RTO,Queenstown RTO,RTO_2025_36,International visitor (short-stay),2024-08-31,94900
RTO,Queenstown RTO,RTO_2025_36,Local resident,2024-08-31,34200
RTO,Queenstown RTO,RTO_2025_36,Total visitor,2024-08-31,264900
RTO,Rangitīkei,RTO_2025_18,International visitor (short-stay),2024-08-31,11100
RTO,Rangitīkei,RTO_2025_18,Local resident,2024-08-31,16200
RTO,Rangitīkei,RTO_2025_18,Total international visitor,2024-08-31,12600
RTO,Rangitīkei,RTO_2025_18,Total visitor,2024-08-31,312800
RTO,Rangitīkei,RTO_2025_18,Domestic visitor,2024-08-31,300200
RTO,Rotorua RTO,RTO_2025_11,Local resident,2024-08-31,73900
RTO,Rotorua RTO,RTO_2025_11,International visitor (short-stay),2024-08-31,44600
RTO,Rotorua RTO,RTO_2025_11,Total international visitor,2024-08-31,48500
RTO,Rotorua RTO,RTO_2025_11,Total visitor,2024-08-31,409000
RTO,Rotorua RTO,RTO_2025_11,Domestic visitor,2024-08-31,360500
RTO,Ruapehu RTO,RTO_2025_15,Total visitor,2024-08-31,266600
RTO,Ruapehu RTO,RTO_2025_15,Domestic visitor,2024-08-31,245900
RTO,Ruapehu RTO,RTO_2025_15,Local resident,2024-08-31,14300
RTO,Ruapehu RTO,RTO_2025_15,International visitor (short-stay),2024-08-31,17700
RTO,Ruapehu RTO,RTO_2025_15,Total international visitor,2024-08-31,20700
RTO,Southland RTO,RTO_2025_39,Local resident,2024-08-31,99100
RTO,Southland RTO,RTO_2025_39,Total international visitor,2024-08-31,40600
RTO,Southland RTO,RTO_2025_39,Total visitor,2024-08-31,171800
RTO,Southland RTO,RTO_2025_39,International visitor (short-stay),2024-08-31,38400
RTO,Southland RTO,RTO_2025_39,Domestic visitor,2024-08-31,131200
RTO,Taranaki RTO,RTO_2025_16,Total visitor,2024-08-31,171900
RTO,Taranaki RTO,RTO_2025_16,Total international visitor,2024-08-31,13900
RTO,Taranaki RTO,RTO_2025_16,Local resident,2024-08-31,130800
RTO,Taranaki RTO,RTO_2025_16,International visitor (short-stay),2024-08-31,12000
RTO,Taranaki RTO,RTO_2025_16,Domestic visitor,2024-08-31,158000
RTO,Tararua,RTO_2025_20,Total visitor,2024-08-31,204100
RTO,Tararua,RTO_2025_20,Domestic visitor,2024-08-31,197800
RTO,Tararua,RTO_2025_20,Total international visitor,2024-08-31,6310
RTO,Tararua,RTO_2025_20,Local resident,2024-08-31,19900
RTO,Tararua,RTO_2025_20,International visitor (short-stay),2024-08-31,5380
RTO,Taupō RTO,RTO_2025_12,Total visitor,2024-08-31,370800
RTO,Taupō RTO,RTO_2025_12,International visitor (short-stay),2024-08-31,30200
RTO,Taupō RTO,RTO_2025_12,Domestic visitor,2024-08-31,336600
RTO,Taupō RTO,RTO_2025_12,Total international visitor,2024-08-31,34200
RTO,Taupō RTO,RTO_2025_12,Local resident,2024-08-31,37500
RTO,Timaru RTO,RTO_2025_30,Total visitor,2024-08-31,264500
RTO,Timaru RTO,RTO_2025_30,Domestic visitor,2024-08-31,222800
RTO,Timaru RTO,RTO_2025_30,Local resident,2024-08-31,50800
RTO,Timaru RTO,RTO_2025_30,Total international visitor,2024-08-31,41700
RTO,Timaru RTO,RTO_2025_30,International visitor (short-stay),2024-08-31,39200
RTO,Waikato RTO,RTO_2025_03,Total visitor,2024-08-31,880500
RTO,Waikato RTO,RTO_2025_03,International visitor (short-stay),2024-08-31,85200
RTO,Waikato RTO,RTO_2025_03,Domestic visitor,2024-08-31,782300
RTO,Waikato RTO,RTO_2025_03,Local resident,2024-08-31,392100
RTO,Waikato RTO,RTO_2025_03,Total international visitor,2024-08-31,98200
RTO,Waimate,RTO_2025_32,Total visitor,2024-08-31,175200
RTO,Waimate,RTO_2025_32,Domestic visitor,2024-08-31,154700
RTO,Waimate,RTO_2025_32,Total international visitor,2024-08-31,20500
RTO,Waimate,RTO_2025_32,International visitor (short-stay),2024-08-31,19200
RTO,Waimate,RTO_2025_32,Local resident,2024-08-31,8420
RTO,Wairarapa RTO,RTO_2025_21,International visitor (short-stay),2024-08-31,5500
RTO,Wairarapa RTO,RTO_2025_21,Total visitor,2024-08-31,130800
RTO,Wairarapa RTO,RTO_2025_21,Total international visitor,2024-08-31,6610
RTO,Wairarapa RTO,RTO_2025_21,Local resident,2024-08-31,48400
RTO,Wairarapa RTO,RTO_2025_21,Domestic visitor,2024-08-31,124200
RTO,Waitaki RTO,RTO_2025_33,Local resident,2024-08-31,22300
RTO,Waitaki RTO,RTO_2025_33,International visitor (short-stay),2024-08-31,52000
RTO,Waitaki RTO,RTO_2025_33,Total international visitor,2024-08-31,54800
RTO,Waitaki RTO,RTO_2025_33,Domestic visitor,2024-08-31,204400
RTO,Waitaki RTO,RTO_2025_33,Total visitor,2024-08-31,259200
RTO,Waitomo,RTO_2025_06,Total visitor,2024-08-31,73300
RTO,Waitomo,RTO_2025_06,Local resident,2024-08-31,10500
RTO,Waitomo,RTO_2025_06,Total international visitor,2024-08-31,2830
RTO,Waitomo,RTO_2025_06,Domestic visitor,2024-08-31,70500
RTO,Waitomo,RTO_2025_06,International visitor (short-stay),2024-08-31,2710
RTO,Wānaka RTO,RTO_2025_35,International visitor (short-stay),2024-08-31,57900
RTO,Wānaka RTO,RTO_2025_35,Total international visitor,2024-08-31,60800
RTO,Wānaka RTO,RTO_2025_35,Domestic visitor,2024-08-31,115100
RTO,Wānaka RTO,RTO_2025_35,Local resident,2024-08-31,17700
RTO,Wānaka RTO,RTO_2025_35,Total visitor,2024-08-31,175900
RTO,Wellington RTO,RTO_2025_23,Total international visitor,2024-08-31,37600
RTO,Wellington RTO,RTO_2025_23,Local resident,2024-08-31,505900
RTO,Wellington RTO,RTO_2025_23,Total visitor,2024-08-31,451900
RTO,Wellington RTO,RTO_2025_23,Domestic visitor,2024-08-31,414300
RTO,Wellington RTO,RTO_2025_23,International visitor (short-stay),2024-08-31,30400
RTO,West Coast RTO,RTO_2025_26,Total international visitor,2024-08-31,20800
RTO,West Coast RTO,RTO_2025_26,Total visitor,2024-08-31,102000
RTO,West Coast RTO,RTO_2025_26,Domestic visitor,2024-08-31,81200
RTO,West Coast RTO,RTO_2025_26,Local resident,2024-08-31,30000
RTO,West Coast RTO,RTO_2025_26,International visitor (short-stay),2024-08-31,19600
RTO,Whakatane,RTO_2025_09,Total visitor,2024-08-31,94700
RTO,Whakatane,RTO_2025_09,Domestic visitor,2024-08-31,93000
RTO,Whakatane,RTO_2025_09,Local resident,2024-08-31,37800
RTO,Whakatane,RTO_2025_09,Total international visitor,2024-08-31,1740
RTO,Whakatane,RTO_2025_09,International visitor (short-stay),2024-08-31,1170
RTO,Whanganui RTO,RTO_2025_17,Domestic visitor,2024-08-31,158800
RTO,Whanganui RTO,RTO_2025_17,International visitor (short-stay),2024-08-31,4260
RTO,Whanganui RTO,RTO_2025_17,Local resident,2024-08-31,50800
RTO,Whanganui RTO,RTO_2025_17,Total visitor,2024-08-31,163800
RTO,Whanganui RTO,RTO_2025_17,Total international visitor,2024-08-31,5020
RTO,Auckland RTO,RTO_2025_02,Total visitor,2024-09-30,959600
RTO,Auckland RTO,RTO_2025_02,International visitor (short-stay),2024-09-30,163200
RTO,Auckland RTO,RTO_2025_02,Domestic visitor,2024-09-30,756300
RTO,Auckland RTO,RTO_2025_02,Local resident,2024-09-30,1797400
RTO,Auckland RTO,RTO_2025_02,Total international visitor,2024-09-30,203300
RTO,Canterbury RTO,RTO_2025_29,Local resident,2024-09-30,634100
RTO,Canterbury RTO,RTO_2025_29,Domestic visitor,2024-09-30,369400
RTO,Canterbury RTO,RTO_2025_29,Total visitor,2024-09-30,453600
RTO,Canterbury RTO,RTO_2025_29,International visitor (short-stay),2024-09-30,74300
RTO,Canterbury RTO,RTO_2025_29,Total international visitor,2024-09-30,84200
RTO,Central Otago RTO,RTO_2025_34,Domestic visitor,2024-09-30,188200
RTO,Central Otago RTO,RTO_2025_34,Local resident,2024-09-30,23800
RTO,Central Otago RTO,RTO_2025_34,Total visitor,2024-09-30,260300
RTO,Central Otago RTO,RTO_2025_34,International visitor (short-stay),2024-09-30,68400
RTO,Central Otago RTO,RTO_2025_34,Total international visitor,2024-09-30,72100
RTO,Clutha RTO,RTO_2025_38,Domestic visitor,2024-09-30,153800
RTO,Clutha RTO,RTO_2025_38,Local resident,2024-09-30,17900
RTO,Clutha RTO,RTO_2025_38,International visitor (short-stay),2024-09-30,15900
RTO,Clutha RTO,RTO_2025_38,Total international visitor,2024-09-30,17200
RTO,Clutha RTO,RTO_2025_38,Total visitor,2024-09-30,171000
RTO,Coastal Bay of Plenty RTO,RTO_2025_08,Total visitor,2024-09-30,324900
RTO,Coastal Bay of Plenty RTO,RTO_2025_08,Domestic visitor,2024-09-30,301800
RTO,Coastal Bay of Plenty RTO,RTO_2025_08,International visitor (short-stay),2024-09-30,18200
RTO,Coastal Bay of Plenty RTO,RTO_2025_08,Local resident,2024-09-30,222800
RTO,Coastal Bay of Plenty RTO,RTO_2025_08,Total international visitor,2024-09-30,23100
RTO,Coromandel RTO,RTO_2025_07,Total international visitor,2024-09-30,25700
RTO,Coromandel RTO,RTO_2025_07,Domestic visitor,2024-09-30,329800
RTO,Coromandel RTO,RTO_2025_07,International visitor (short-stay),2024-09-30,22100
RTO,Coromandel RTO,RTO_2025_07,Total visitor,2024-09-30,355500
RTO,Coromandel RTO,RTO_2025_07,Local resident,2024-09-30,43600
RTO,Dunedin RTO,RTO_2025_37,Total visitor,2024-09-30,188100
RTO,Dunedin RTO,RTO_2025_37,International visitor (short-stay),2024-09-30,22200
RTO,Dunedin RTO,RTO_2025_37,Total international visitor,2024-09-30,24700
RTO,Dunedin RTO,RTO_2025_37,Local resident,2024-09-30,137200
RTO,Dunedin RTO,RTO_2025_37,Domestic visitor,2024-09-30,163400
RTO,Fiordland RTO,RTO_2025_40,Total international visitor,2024-09-30,40700
RTO,Fiordland RTO,RTO_2025_40,International visitor (short-stay),2024-09-30,39400
RTO,Fiordland RTO,RTO_2025_40,Domestic visitor,2024-09-30,33500
RTO,Fiordland RTO,RTO_2025_40,Total visitor,2024-09-30,74200
RTO,Fiordland RTO,RTO_2025_40,Local resident,2024-09-30,2850
RTO,Gisborne RTO,RTO_2025_13,Local resident,2024-09-30,58900
RTO,Gisborne RTO,RTO_2025_13,International visitor (short-stay),2024-09-30,4660
RTO,Gisborne RTO,RTO_2025_13,Total international visitor,2024-09-30,6120
RTO,Gisborne RTO,RTO_2025_13,Total visitor,2024-09-30,98800
RTO,Gisborne RTO,RTO_2025_13,Domestic visitor,2024-09-30,92700
RTO,Hawke's Bay RTO,RTO_2025_14,Domestic visitor,2024-09-30,153200
RTO,Hawke's Bay RTO,RTO_2025_14,International visitor (short-stay),2024-09-30,10400
RTO,Hawke's Bay RTO,RTO_2025_14,Total visitor,2024-09-30,166400
RTO,Hawke's Bay RTO,RTO_2025_14,Total international visitor,2024-09-30,13200
RTO,Hawke's Bay RTO,RTO_2025_14,Local resident,2024-09-30,179800
RTO,Horowhenua,RTO_2025_22,Domestic visitor,2024-09-30,299500
RTO,Horowhenua,RTO_2025_22,Local resident,2024-09-30,39400
RTO,Horowhenua,RTO_2025_22,Total visitor,2024-09-30,312000
RTO,Horowhenua,RTO_2025_22,International visitor (short-stay),2024-09-30,10900
RTO,Horowhenua,RTO_2025_22,Total international visitor,2024-09-30,12500
RTO,Hurunui RTO,RTO_2025_28,Total visitor,2024-09-30,248900
RTO,Hurunui RTO,RTO_2025_28,Total international visitor,2024-09-30,24400
RTO,Hurunui RTO,RTO_2025_28,Domestic visitor,2024-09-30,224500
RTO,Hurunui RTO,RTO_2025_28,Local resident,2024-09-30,11800
RTO,Hurunui RTO,RTO_2025_28,International visitor (short-stay),2024-09-30,22100
RTO,Kaikōura RTO,RTO_2025_27,International visitor (short-stay),2024-09-30,15700
RTO,Kaikōura RTO,RTO_2025_27,Total visitor,2024-09-30,113100
RTO,Kaikōura RTO,RTO_2025_27,Domestic visitor,2024-09-30,95900
RTO,Kaikōura RTO,RTO_2025_27,Total international visitor,2024-09-30,17200
RTO,Kaikōura RTO,RTO_2025_27,Local resident,2024-09-30,3350
RTO,Mackenzie RTO,RTO_2025_31,Total visitor,2024-09-30,182600
RTO,Mackenzie RTO,RTO_2025_31,Local resident,2024-09-30,3960
RTO,Mackenzie RTO,RTO_2025_31,International visitor (short-stay),2024-09-30,64600
RTO,Mackenzie RTO,RTO_2025_31,Domestic visitor,2024-09-30,115200
RTO,Mackenzie RTO,RTO_2025_31,Total international visitor,2024-09-30,67400
RTO,Manawatū RTO,RTO_2025_19,Total visitor,2024-09-30,388500
RTO,Manawatū RTO,RTO_2025_19,International visitor (short-stay),2024-09-30,12600
RTO,Manawatū RTO,RTO_2025_19,Local resident,2024-09-30,130700
RTO,Manawatū RTO,RTO_2025_19,Domestic visitor,2024-09-30,373600
RTO,Manawatū RTO,RTO_2025_19,Total international visitor,2024-09-30,14900
RTO,Marlborough RTO,RTO_2025_24,Domestic visitor,2024-09-30,146300
RTO,Marlborough RTO,RTO_2025_24,Total visitor,2024-09-30,167800
RTO,Marlborough RTO,RTO_2025_24,Local resident,2024-09-30,46800
RTO,Marlborough RTO,RTO_2025_24,International visitor (short-stay),2024-09-30,18600
RTO,Marlborough RTO,RTO_2025_24,Total international visitor,2024-09-30,21500
RTO,Nelson Tasman RTO,RTO_2025_25,Total visitor,2024-09-30,122100
RTO,Nelson Tasman RTO,RTO_2025_25,Local resident,2024-09-30,112400
RTO,Nelson Tasman RTO,RTO_2025_25,Domestic visitor,2024-09-30,105400
RTO,Nelson Tasman RTO,RTO_2025_25,Total international visitor,2024-09-30,16700
RTO,Nelson Tasman RTO,RTO_2025_25,International visitor (short-stay),2024-09-30,14400
National,New Zealand,NZ_2025_01,Total visitor,2024-09-30,3395900
National,New Zealand,NZ_2025_01,Total international visitor,2024-09-30,355000
National,New Zealand,NZ_2025_01,International visitor (short-stay),2024-09-30,283800
National,New Zealand,NZ_2025_01,Domestic visitor,2024-09-30,3040900
National,New Zealand,NZ_2025_01,Local resident,2024-09-30,5082300
RTO,Northland RTO,RTO_2025_01,International visitor (short-stay),2024-09-30,19700
RTO,Northland RTO,RTO_2025_01,Domestic visitor,2024-09-30,234100
RTO,Northland RTO,RTO_2025_01,Total visitor,2024-09-30,257900
RTO,Northland RTO,RTO_2025_01,Local resident,2024-09-30,180800
RTO,Northland RTO,RTO_2025_01,Total international visitor,2024-09-30,23800
RTO,Ōtorohanga,RTO_2025_05,International visitor (short-stay),2024-09-30,1860
RTO,Ōtorohanga,RTO_2025_05,Total visitor,2024-09-30,85000
RTO,Ōtorohanga,RTO_2025_05,Total international visitor,2024-09-30,2030
RTO,Ōtorohanga,RTO_2025_05,Local resident,2024-09-30,10900
RTO,Ōtorohanga,RTO_2025_05,Domestic visitor,2024-09-30,83000
RTO,Queenstown RTO,RTO_2025_36,Total visitor,2024-09-30,259100
RTO,Queenstown RTO,RTO_2025_36,Domestic visitor,2024-09-30,158300
RTO,Queenstown RTO,RTO_2025_36,International visitor (short-stay),2024-09-30,95600
RTO,Queenstown RTO,RTO_2025_36,Total international visitor,2024-09-30,100800
RTO,Queenstown RTO,RTO_2025_36,Local resident,2024-09-30,31000
RTO,Rangitīkei,RTO_2025_18,International visitor (short-stay),2024-09-30,11900
RTO,Rangitīkei,RTO_2025_18,Local resident,2024-09-30,16500
RTO,Rangitīkei,RTO_2025_18,Domestic visitor,2024-09-30,295100
RTO,Rangitīkei,RTO_2025_18,Total visitor,2024-09-30,308600
RTO,Rangitīkei,RTO_2025_18,Total international visitor,2024-09-30,13500
RTO,Rotorua RTO,RTO_2025_11,Local resident,2024-09-30,72000
RTO,Rotorua RTO,RTO_2025_11,Total visitor,2024-09-30,402400
RTO,Rotorua RTO,RTO_2025_11,Total international visitor,2024-09-30,45400
RTO,Rotorua RTO,RTO_2025_11,International visitor (short-stay),2024-09-30,41800
RTO,Rotorua RTO,RTO_2025_11,Domestic visitor,2024-09-30,357000
RTO,Ruapehu RTO,RTO_2025_15,Local resident,2024-09-30,13000
RTO,Ruapehu RTO,RTO_2025_15,Domestic visitor,2024-09-30,234700
RTO,Ruapehu RTO,RTO_2025_15,Total visitor,2024-09-30,254000
RTO,Ruapehu RTO,RTO_2025_15,International visitor (short-stay),2024-09-30,17100
RTO,Ruapehu RTO,RTO_2025_15,Total international visitor,2024-09-30,19300
RTO,Southland RTO,RTO_2025_39,Local resident,2024-09-30,102400
RTO,Southland RTO,RTO_2025_39,Domestic visitor,2024-09-30,116300
RTO,Southland RTO,RTO_2025_39,Total visitor,2024-09-30,165200
RTO,Southland RTO,RTO_2025_39,International visitor (short-stay),2024-09-30,46400
RTO,Southland RTO,RTO_2025_39,Total international visitor,2024-09-30,48900
RTO,Taranaki RTO,RTO_2025_16,Total visitor,2024-09-30,150700
RTO,Taranaki RTO,RTO_2025_16,Domestic visitor,2024-09-30,136800
RTO,Taranaki RTO,RTO_2025_16,Total international visitor,2024-09-30,13900
RTO,Taranaki RTO,RTO_2025_16,International visitor (short-stay),2024-09-30,11800
RTO,Taranaki RTO,RTO_2025_16,Local resident,2024-09-30,134700
RTO,Tararua,RTO_2025_20,Total visitor,2024-09-30,198700
RTO,Tararua,RTO_2025_20,Local resident,2024-09-30,19800
RTO,Tararua,RTO_2025_20,Domestic visitor,2024-09-30,191700
RTO,Tararua,RTO_2025_20,International visitor (short-stay),2024-09-30,5900
RTO,Tararua,RTO_2025_20,Total international visitor,2024-09-30,6980
RTO,Taupō RTO,RTO_2025_12,Total visitor,2024-09-30,372900
RTO,Taupō RTO,RTO_2025_12,International visitor (short-stay),2024-09-30,30300
RTO,Taupō RTO,RTO_2025_12,Local resident,2024-09-30,35400
RTO,Taupō RTO,RTO_2025_12,Domestic visitor,2024-09-30,339000
RTO,Taupō RTO,RTO_2025_12,Total international visitor,2024-09-30,33900
RTO,Timaru RTO,RTO_2025_30,Domestic visitor,2024-09-30,226700
RTO,Timaru RTO,RTO_2025_30,Total visitor,2024-09-30,271900
RTO,Timaru RTO,RTO_2025_30,Local resident,2024-09-30,52100
RTO,Timaru RTO,RTO_2025_30,International visitor (short-stay),2024-09-30,42300
RTO,Timaru RTO,RTO_2025_30,Total international visitor,2024-09-30,45200
RTO,Waikato RTO,RTO_2025_03,Local resident,2024-09-30,393900
RTO,Waikato RTO,RTO_2025_03,Total visitor,2024-09-30,857100
RTO,Waikato RTO,RTO_2025_03,International visitor (short-stay),2024-09-30,83800
RTO,Waikato RTO,RTO_2025_03,Total international visitor,2024-09-30,96700
RTO,Waikato RTO,RTO_2025_03,Domestic visitor,2024-09-30,760400
RTO,Waimate,RTO_2025_32,International visitor (short-stay),2024-09-30,20400
RTO,Waimate,RTO_2025_32,Domestic visitor,2024-09-30,157700
RTO,Waimate,RTO_2025_32,Total visitor,2024-09-30,179600
RTO,Waimate,RTO_2025_32,Local resident,2024-09-30,8660
RTO,Waimate,RTO_2025_32,Total international visitor,2024-09-30,21900
RTO,Wairarapa RTO,RTO_2025_21,Total visitor,2024-09-30,134400
RTO,Wairarapa RTO,RTO_2025_21,Domestic visitor,2024-09-30,126700
RTO,Wairarapa RTO,RTO_2025_21,Local resident,2024-09-30,49600
RTO,Wairarapa RTO,RTO_2025_21,Total international visitor,2024-09-30,7650
RTO,Wairarapa RTO,RTO_2025_21,International visitor (short-stay),2024-09-30,6340
RTO,Waitaki RTO,RTO_2025_33,Total visitor,2024-09-30,272600
RTO,Waitaki RTO,RTO_2025_33,Local resident,2024-09-30,22500
RTO,Waitaki RTO,RTO_2025_33,Total international visitor,2024-09-30,63200
RTO,Waitaki RTO,RTO_2025_33,International visitor (short-stay),2024-09-30,60000
RTO,Waitaki RTO,RTO_2025_33,Domestic visitor,2024-09-30,209400
RTO,Waitomo,RTO_2025_06,Total visitor,2024-09-30,69100
RTO,Waitomo,RTO_2025_06,Domestic visitor,2024-09-30,66900
RTO,Waitomo,RTO_2025_06,International visitor (short-stay),2024-09-30,2020
RTO,Waitomo,RTO_2025_06,Local resident,2024-09-30,10200
RTO,Waitomo,RTO_2025_06,Total international visitor,2024-09-30,2190
RTO,Wānaka RTO,RTO_2025_35,Total visitor,2024-09-30,166000
RTO,Wānaka RTO,RTO_2025_35,Domestic visitor,2024-09-30,104800
RTO,Wānaka RTO,RTO_2025_35,International visitor (short-stay),2024-09-30,58300
RTO,Wānaka RTO,RTO_2025_35,Local resident,2024-09-30,16900
RTO,Wānaka RTO,RTO_2025_35,Total international visitor,2024-09-30,61200
RTO,Wellington RTO,RTO_2025_23,Local resident,2024-09-30,507900
RTO,Wellington RTO,RTO_2025_23,Domestic visitor,2024-09-30,384800
RTO,Wellington RTO,RTO_2025_23,Total international visitor,2024-09-30,38900
RTO,Wellington RTO,RTO_2025_23,International visitor (short-stay),2024-09-30,31500
RTO,Wellington RTO,RTO_2025_23,Total visitor,2024-09-30,423700
RTO,West Coast RTO,RTO_2025_26,Local resident,2024-09-30,30600
RTO,West Coast RTO,RTO_2025_26,Total international visitor,2024-09-30,28200
RTO,West Coast RTO,RTO_2025_26,Total visitor,2024-09-30,114500
RTO,West Coast RTO,RTO_2025_26,International visitor (short-stay),2024-09-30,26800
RTO,West Coast RTO,RTO_2025_26,Domestic visitor,2024-09-30,86300
RTO,Whakatane,RTO_2025_09,International visitor (short-stay),2024-09-30,2290
RTO,Whakatane,RTO_2025_09,Local resident,2024-09-30,38400
RTO,Whakatane,RTO_2025_09,Total international visitor,2024-09-30,3070
RTO,Whakatane,RTO_2025_09,Total visitor,2024-09-30,91400
RTO,Whakatane,RTO_2025_09,Domestic visitor,2024-09-30,88300
RTO,Whanganui RTO,RTO_2025_17,Domestic visitor,2024-09-30,150000
RTO,Whanganui RTO,RTO_2025_17,International visitor (short-stay),2024-09-30,4110
RTO,Whanganui RTO,RTO_2025_17,Total international visitor,2024-09-30,4890
RTO,Whanganui RTO,RTO_2025_17,Total visitor,2024-09-30,154900
RTO,Whanganui RTO,RTO_2025_17,Local resident,2024-09-30,50400
RTO,Auckland RTO,RTO_2025_02,Total visitor,2024-10-31,1119000
RTO,Auckland RTO,RTO_2025_02,Domestic visitor,2024-10-31,883900
RTO,Auckland RTO,RTO_2025_02,Total international visitor,2024-10-31,235100
RTO,Auckland RTO,RTO_2025_02,International visitor (short-stay),2024-10-31,193200
RTO,Auckland RTO,RTO_2025_02,Local resident,2024-10-31,1816800
RTO,Canterbury RTO,RTO_2025_29,Total visitor,2024-10-31,546400
RTO,Canterbury RTO,RTO_2025_29,Domestic visitor,2024-10-31,444000
RTO,Canterbury RTO,RTO_2025_29,Total international visitor,2024-10-31,102400
RTO,Canterbury RTO,RTO_2025_29,International visitor (short-stay),2024-10-31,92300
RTO,Canterbury RTO,RTO_2025_29,Local resident,2024-10-31,618700
RTO,Central Otago RTO,RTO_2025_34,Total international visitor,2024-10-31,82600
RTO,Central Otago RTO,RTO_2025_34,International visitor (short-stay),2024-10-31,78800
RTO,Central Otago RTO,RTO_2025_34,Total visitor,2024-10-31,287500
RTO,Central Otago RTO,RTO_2025_34,Domestic visitor,2024-10-31,204900
RTO,Central Otago RTO,RTO_2025_34,Local resident,2024-10-31,24000
RTO,Clutha RTO,RTO_2025_38,Total visitor,2024-10-31,196000
RTO,Clutha RTO,RTO_2025_38,International visitor (short-stay),2024-10-31,23600
RTO,Clutha RTO,RTO_2025_38,Domestic visitor,2024-10-31,170900
RTO,Clutha RTO,RTO_2025_38,Total international visitor,2024-10-31,25100
RTO,Clutha RTO,RTO_2025_38,Local resident,2024-10-31,18300
RTO,Coastal Bay of Plenty RTO,RTO_2025_08,Total visitor,2024-10-31,388300
RTO,Coastal Bay of Plenty RTO,RTO_2025_08,International visitor (short-stay),2024-10-31,29800
RTO,Coastal Bay of Plenty RTO,RTO_2025_08,Local resident,2024-10-31,218800
RTO,Coastal Bay of Plenty RTO,RTO_2025_08,Total international visitor,2024-10-31,35500
RTO,Coastal Bay of Plenty RTO,RTO_2025_08,Domestic visitor,2024-10-31,352800
RTO,Coromandel RTO,RTO_2025_07,Total visitor,2024-10-31,433100
RTO,Coromandel RTO,RTO_2025_07,Domestic visitor,2024-10-31,392300
RTO,Coromandel RTO,RTO_2025_07,Local resident,2024-10-31,51400
RTO,Coromandel RTO,RTO_2025_07,Total international visitor,2024-10-31,40800
RTO,Coromandel RTO,RTO_2025_07,International visitor (short-stay),2024-10-31,36400
RTO,Dunedin RTO,RTO_2025_37,Total visitor,2024-10-31,224900
RTO,Dunedin RTO,RTO_2025_37,Local resident,2024-10-31,131100
RTO,Dunedin RTO,RTO_2025_37,Total international visitor,2024-10-31,35600
RTO,Dunedin RTO,RTO_2025_37,International visitor (short-stay),2024-10-31,32700
RTO,Dunedin RTO,RTO_2025_37,Domestic visitor,2024-10-31,189300
RTO,Fiordland RTO,RTO_2025_40,Total visitor,2024-10-31,107700
RTO,Fiordland RTO,RTO_2025_40,Local resident,2024-10-31,4080
RTO,Fiordland RTO,RTO_2025_40,International visitor (short-stay),2024-10-31,56500
RTO,Fiordland RTO,RTO_2025_40,Domestic visitor,2024-10-31,49400
RTO,Fiordland RTO,RTO_2025_40,Total international visitor,2024-10-31,58300
RTO,Gisborne RTO,RTO_2025_13,Total visitor,2024-10-31,126600
RTO,Gisborne RTO,RTO_2025_13,Local resident,2024-10-31,60300
RTO,Gisborne RTO,RTO_2025_13,International visitor (short-stay),2024-10-31,6940
RTO,Gisborne RTO,RTO_2025_13,Domestic visitor,2024-10-31,118000
RTO,Gisborne RTO,RTO_2025_13,Total international visitor,2024-10-31,8560
RTO,Hawke's Bay RTO,RTO_2025_14,Total visitor,2024-10-31,218900
RTO,Hawke's Bay RTO,RTO_2025_14,Local resident,2024-10-31,175000
RTO,Hawke's Bay RTO,RTO_2025_14,Domestic visitor,2024-10-31,197500
RTO,Hawke's Bay RTO,RTO_2025_14,Total international visitor,2024-10-31,21400
RTO,Hawke's Bay RTO,RTO_2025_14,International visitor (short-stay),2024-10-31,18500
RTO,Horowhenua,RTO_2025_22,Local resident,2024-10-31,40700
RTO,Horowhenua,RTO_2025_22,International visitor (short-stay),2024-10-31,15800
RTO,Horowhenua,RTO_2025_22,Domestic visitor,2024-10-31,351900
RTO,Horowhenua,RTO_2025_22,Total international visitor,2024-10-31,17400
RTO,Horowhenua,RTO_2025_22,Total visitor,2024-10-31,369300
RTO,Hurunui RTO,RTO_2025_28,Local resident,2024-10-31,14600
RTO,Hurunui RTO,RTO_2025_28,Total visitor,2024-10-31,289300
RTO,Hurunui RTO,RTO_2025_28,International visitor (short-stay),2024-10-31,31200
RTO,Hurunui RTO,RTO_2025_28,Domestic visitor,2024-10-31,255600
RTO,Hurunui RTO,RTO_2025_28,Total international visitor,2024-10-31,33700
RTO,Kaikōura RTO,RTO_2025_27,Total international visitor,2024-10-31,26500
RTO,Kaikōura RTO,RTO_2025_27,Total visitor,2024-10-31,139200
RTO,Kaikōura RTO,RTO_2025_27,Local resident,2024-10-31,4370
RTO,Kaikōura RTO,RTO_2025_27,Domestic visitor,2024-10-31,112700
RTO,Kaikōura RTO,RTO_2025_27,International visitor (short-stay),2024-10-31,24800
RTO,Mackenzie RTO,RTO_2025_31,Domestic visitor,2024-10-31,130800
RTO,Mackenzie RTO,RTO_2025_31,International visitor (short-stay),2024-10-31,79100
RTO,Mackenzie RTO,RTO_2025_31,Total international visitor,2024-10-31,82300
RTO,Mackenzie RTO,RTO_2025_31,Total visitor,2024-10-31,213100
RTO,Mackenzie RTO,RTO_2025_31,Local resident,2024-10-31,4800
RTO,Manawatū RTO,RTO_2025_19,Total visitor,2024-10-31,457700
RTO,Manawatū RTO,RTO_2025_19,Local resident,2024-10-31,127900
RTO,Manawatū RTO,RTO_2025_19,International visitor (short-stay),2024-10-31,18000
RTO,Manawatū RTO,RTO_2025_19,Total international visitor,2024-10-31,20400
RTO,Manawatū RTO,RTO_2025_19,Domestic visitor,2024-10-31,437300
RTO,Marlborough RTO,RTO_2025_24,Total visitor,2024-10-31,217400
RTO,Marlborough RTO,RTO_2025_24,International visitor (short-stay),2024-10-31,33200
RTO,Marlborough RTO,RTO_2025_24,Domestic visitor,2024-10-31,181300
RTO,Marlborough RTO,RTO_2025_24,Local resident,2024-10-31,48100
RTO,Marlborough RTO,RTO_2025_24,Total international visitor,2024-10-31,36100
RTO,Nelson Tasman RTO,RTO_2025_25,Total visitor,2024-10-31,153500
RTO,Nelson Tasman RTO,RTO_2025_25,Local resident,2024-10-31,107900
RTO,Nelson Tasman RTO,RTO_2025_25,Domestic visitor,2024-10-31,129900
RTO,Nelson Tasman RTO,RTO_2025_25,International visitor (short-stay),2024-10-31,21400
RTO,Nelson Tasman RTO,RTO_2025_25,Total international visitor,2024-10-31,23600
National,New Zealand,NZ_2025_01,International visitor (short-stay),2024-10-31,317100
National,New Zealand,NZ_2025_01,Domestic visitor,2024-10-31,3406400
National,New Zealand,NZ_2025_01,Local resident,2024-10-31,5116600
National,New Zealand,NZ_2025_01,Total international visitor,2024-10-31,389500
National,New Zealand,NZ_2025_01,Total visitor,2024-10-31,3795900
RTO,Northland RTO,RTO_2025_01,International visitor (short-stay),2024-10-31,36600
RTO,Northland RTO,RTO_2025_01,Local resident,2024-10-31,198300
RTO,Northland RTO,RTO_2025_01,Domestic visitor,2024-10-31,286100
RTO,Northland RTO,RTO_2025_01,Total visitor,2024-10-31,327800
RTO,Northland RTO,RTO_2025_01,Total international visitor,2024-10-31,41700
RTO,Ōtorohanga,RTO_2025_05,Total visitor,2024-10-31,97500
RTO,Ōtorohanga,RTO_2025_05,Domestic visitor,2024-10-31,94900
RTO,Ōtorohanga,RTO_2025_05,Total international visitor,2024-10-31,2630
RTO,Ōtorohanga,RTO_2025_05,Local resident,2024-10-31,11000
RTO,Ōtorohanga,RTO_2025_05,International visitor (short-stay),2024-10-31,2300
RTO,Queenstown RTO,RTO_2025_36,Local resident,2024-10-31,30500
RTO,Queenstown RTO,RTO_2025_36,International visitor (short-stay),2024-10-31,106600
RTO,Queenstown RTO,RTO_2025_36,Domestic visitor,2024-10-31,170900
RTO,Queenstown RTO,RTO_2025_36,Total visitor,2024-10-31,282700
RTO,Queenstown RTO,RTO_2025_36,Total international visitor,2024-10-31,111800
RTO,Rangitīkei,RTO_2025_18,International visitor (short-stay),2024-10-31,17500
RTO,Rangitīkei,RTO_2025_18,Total international visitor,2024-10-31,19100
RTO,Rangitīkei,RTO_2025_18,Domestic visitor,2024-10-31,346500
RTO,Rangitīkei,RTO_2025_18,Total visitor,2024-10-31,365600
RTO,Rangitīkei,RTO_2025_18,Local resident,2024-10-31,16300
RTO,Rotorua RTO,RTO_2025_11,Total visitor,2024-10-31,458200
RTO,Rotorua RTO,RTO_2025_11,Domestic visitor,2024-10-31,398500
RTO,Rotorua RTO,RTO_2025_11,Local resident,2024-10-31,75900
RTO,Rotorua RTO,RTO_2025_11,International visitor (short-stay),2024-10-31,56000
RTO,Rotorua RTO,RTO_2025_11,Total international visitor,2024-10-31,59700
RTO,Ruapehu RTO,RTO_2025_15,Total visitor,2024-10-31,289400
RTO,Ruapehu RTO,RTO_2025_15,Domestic visitor,2024-10-31,264600
RTO,Ruapehu RTO,RTO_2025_15,Local resident,2024-10-31,12900
RTO,Ruapehu RTO,RTO_2025_15,International visitor (short-stay),2024-10-31,23000
RTO,Ruapehu RTO,RTO_2025_15,Total international visitor,2024-10-31,24800
RTO,Southland RTO,RTO_2025_39,Local resident,2024-10-31,100100
RTO,Southland RTO,RTO_2025_39,Total visitor,2024-10-31,218000
RTO,Southland RTO,RTO_2025_39,Total international visitor,2024-10-31,68700
RTO,Southland RTO,RTO_2025_39,Domestic visitor,2024-10-31,149300
RTO,Southland RTO,RTO_2025_39,International visitor (short-stay),2024-10-31,65500
RTO,Taranaki RTO,RTO_2025_16,Domestic visitor,2024-10-31,171200
RTO,Taranaki RTO,RTO_2025_16,International visitor (short-stay),2024-10-31,14100
RTO,Taranaki RTO,RTO_2025_16,Total visitor,2024-10-31,187400
RTO,Taranaki RTO,RTO_2025_16,Local resident,2024-10-31,129400
RTO,Taranaki RTO,RTO_2025_16,Total international visitor,2024-10-31,16200
RTO,Tararua,RTO_2025_20,Total visitor,2024-10-31,230600
RTO,Tararua,RTO_2025_20,Domestic visitor,2024-10-31,220600
RTO,Tararua,RTO_2025_20,Local resident,2024-10-31,19600
RTO,Tararua,RTO_2025_20,Total international visitor,2024-10-31,9980
RTO,Tararua,RTO_2025_20,International visitor (short-stay),2024-10-31,8810
RTO,Taupō RTO,RTO_2025_12,Local resident,2024-10-31,42100
RTO,Taupō RTO,RTO_2025_12,International visitor (short-stay),2024-10-31,40200
RTO,Taupō RTO,RTO_2025_12,Total international visitor,2024-10-31,43700
RTO,Taupō RTO,RTO_2025_12,Total visitor,2024-10-31,432200
RTO,Taupō RTO,RTO_2025_12,Domestic visitor,2024-10-31,388500
RTO,Timaru RTO,RTO_2025_30,International visitor (short-stay),2024-10-31,53900
RTO,Timaru RTO,RTO_2025_30,Domestic visitor,2024-10-31,251000
RTO,Timaru RTO,RTO_2025_30,Total visitor,2024-10-31,308100
RTO,Timaru RTO,RTO_2025_30,Local resident,2024-10-31,51100
RTO,Timaru RTO,RTO_2025_30,Total international visitor,2024-10-31,57100
RTO,Waikato RTO,RTO_2025_03,Total visitor,2024-10-31,973100
RTO,Waikato RTO,RTO_2025_03,Domestic visitor,2024-10-31,861300
RTO,Waikato RTO,RTO_2025_03,Local resident,2024-10-31,388300
RTO,Waikato RTO,RTO_2025_03,International visitor (short-stay),2024-10-31,98400
RTO,Waikato RTO,RTO_2025_03,Total international visitor,2024-10-31,111800
RTO,Waimate,RTO_2025_32,Total visitor,2024-10-31,205900
RTO,Waimate,RTO_2025_32,Local resident,2024-10-31,8750
RTO,Waimate,RTO_2025_32,Total international visitor,2024-10-31,29600
RTO,Waimate,RTO_2025_32,Domestic visitor,2024-10-31,176300
RTO,Waimate,RTO_2025_32,International visitor (short-stay),2024-10-31,27700
RTO,Wairarapa RTO,RTO_2025_21,Local resident,2024-10-31,51100
RTO,Wairarapa RTO,RTO_2025_21,Total international visitor,2024-10-31,10400
RTO,Wairarapa RTO,RTO_2025_21,Domestic visitor,2024-10-31,145600
RTO,Wairarapa RTO,RTO_2025_21,International visitor (short-stay),2024-10-31,9100
RTO,Wairarapa RTO,RTO_2025_21,Total visitor,2024-10-31,156000
RTO,Waitaki RTO,RTO_2025_33,Total visitor,2024-10-31,313300
RTO,Waitaki RTO,RTO_2025_33,International visitor (short-stay),2024-10-31,76400
RTO,Waitaki RTO,RTO_2025_33,Total international visitor,2024-10-31,80000
RTO,Waitaki RTO,RTO_2025_33,Domestic visitor,2024-10-31,233300
RTO,Waitaki RTO,RTO_2025_33,Local resident,2024-10-31,23900
RTO,Waitomo,RTO_2025_06,Domestic visitor,2024-10-31,76900
RTO,Waitomo,RTO_2025_06,International visitor (short-stay),2024-10-31,4590
RTO,Waitomo,RTO_2025_06,Local resident,2024-10-31,10100
RTO,Waitomo,RTO_2025_06,Total international visitor,2024-10-31,4990
RTO,Waitomo,RTO_2025_06,Total visitor,2024-10-31,81900
RTO,Wānaka RTO,RTO_2025_35,International visitor (short-stay),2024-10-31,68000
RTO,Wānaka RTO,RTO_2025_35,Domestic visitor,2024-10-31,117400
RTO,Wānaka RTO,RTO_2025_35,Total international visitor,2024-10-31,71100
RTO,Wānaka RTO,RTO_2025_35,Total visitor,2024-10-31,188500
RTO,Wānaka RTO,RTO_2025_35,Local resident,2024-10-31,16500
RTO,Wellington RTO,RTO_2025_23,Domestic visitor,2024-10-31,463400
RTO,Wellington RTO,RTO_2025_23,Total international visitor,2024-10-31,51800
RTO,Wellington RTO,RTO_2025_23,Total visitor,2024-10-31,515200
RTO,Wellington RTO,RTO_2025_23,Local resident,2024-10-31,494900
RTO,Wellington RTO,RTO_2025_23,International visitor (short-stay),2024-10-31,44300
RTO,West Coast RTO,RTO_2025_26,Total visitor,2024-10-31,146500
RTO,West Coast RTO,RTO_2025_26,International visitor (short-stay),2024-10-31,37600
RTO,West Coast RTO,RTO_2025_26,Domestic visitor,2024-10-31,107100
RTO,West Coast RTO,RTO_2025_26,Total international visitor,2024-10-31,39400
RTO,West Coast RTO,RTO_2025_26,Local resident,2024-10-31,33600
RTO,Whakatane,RTO_2025_09,Local resident,2024-10-31,38100
RTO,Whakatane,RTO_2025_09,Total visitor,2024-10-31,110800
RTO,Whakatane,RTO_2025_09,International visitor (short-stay),2024-10-31,2710
RTO,Whakatane,RTO_2025_09,Total international visitor,2024-10-31,3200
RTO,Whakatane,RTO_2025_09,Domestic visitor,2024-10-31,107600
RTO,Whanganui RTO,RTO_2025_17,Total international visitor,2024-10-31,7070
RTO,Whanganui RTO,RTO_2025_17,International visitor (short-stay),2024-10-31,6210
RTO,Whanganui RTO,RTO_2025_17,Total visitor,2024-10-31,183900
RTO,Whanganui RTO,RTO_2025_17,Domestic visitor,2024-10-31,176800
RTO,Whanganui RTO,RTO_2025_17,Local resident,2024-10-31,49700
RTO,Auckland RTO,RTO_2025_02,Total visitor,2024-11-30,1235000
RTO,Auckland RTO,RTO_2025_02,Local resident,2024-11-30,1850800
RTO,Auckland RTO,RTO_2025_02,Domestic visitor,2024-11-30,937000
RTO,Auckland RTO,RTO_2025_02,International visitor (short-stay),2024-11-30,252400
RTO,Auckland RTO,RTO_2025_02,Total international visitor,2024-11-30,298000
RTO,Canterbury RTO,RTO_2025_29,Domestic visitor,2024-11-30,466900
RTO,Canterbury RTO,RTO_2025_29,Total visitor,2024-11-30,621900
RTO,Canterbury RTO,RTO_2025_29,Total international visitor,2024-11-30,155000
RTO,Canterbury RTO,RTO_2025_29,Local resident,2024-11-30,618200
RTO,Canterbury RTO,RTO_2025_29,International visitor (short-stay),2024-11-30,143700
RTO,Central Otago RTO,RTO_2025_34,Domestic visitor,2024-11-30,215200
RTO,Central Otago RTO,RTO_2025_34,International visitor (short-stay),2024-11-30,115700
RTO,Central Otago RTO,RTO_2025_34,Total visitor,2024-11-30,334300
RTO,Central Otago RTO,RTO_2025_34,Local resident,2024-11-30,24800
RTO,Central Otago RTO,RTO_2025_34,Total international visitor,2024-11-30,119100
RTO,Clutha RTO,RTO_2025_38,Domestic visitor,2024-11-30,176100
RTO,Clutha RTO,RTO_2025_38,International visitor (short-stay),2024-11-30,37900
RTO,Clutha RTO,RTO_2025_38,Total visitor,2024-11-30,215700
RTO,Clutha RTO,RTO_2025_38,Local resident,2024-11-30,18800
RTO,Clutha RTO,RTO_2025_38,Total international visitor,2024-11-30,39600
RTO,Coastal Bay of Plenty RTO,RTO_2025_08,Total international visitor,2024-11-30,56100
RTO,Coastal Bay of Plenty RTO,RTO_2025_08,Local resident,2024-11-30,221400
RTO,Coastal Bay of Plenty RTO,RTO_2025_08,Domestic visitor,2024-11-30,350700
RTO,Coastal Bay of Plenty RTO,RTO_2025_08,Total visitor,2024-11-30,406800
RTO,Coastal Bay of Plenty RTO,RTO_2025_08,International visitor (short-stay),2024-11-30,49800
RTO,Coromandel RTO,RTO_2025_07,International visitor (short-stay),2024-11-30,60300
RTO,Coromandel RTO,RTO_2025_07,Total international visitor,2024-11-30,65200
RTO,Coromandel RTO,RTO_2025_07,Total visitor,2024-11-30,453000
RTO,Coromandel RTO,RTO_2025_07,Domestic visitor,2024-11-30,387800
RTO,Coromandel RTO,RTO_2025_07,Local resident,2024-11-30,50400
RTO,Dunedin RTO,RTO_2025_37,Local resident,2024-11-30,133100
RTO,Dunedin RTO,RTO_2025_37,Domestic visitor,2024-11-30,200800
RTO,Dunedin RTO,RTO_2025_37,International visitor (short-stay),2024-11-30,58000
RTO,Dunedin RTO,RTO_2025_37,Total international visitor,2024-11-30,61600
RTO,Dunedin RTO,RTO_2025_37,Total visitor,2024-11-30,262400
RTO,Fiordland RTO,RTO_2025_40,Domestic visitor,2024-11-30,59400
RTO,Fiordland RTO,RTO_2025_40,International visitor (short-stay),2024-11-30,95600
RTO,Fiordland RTO,RTO_2025_40,Local resident,2024-11-30,4460
RTO,Fiordland RTO,RTO_2025_40,Total visitor,2024-11-30,156800
RTO,Fiordland RTO,RTO_2025_40,Total international visitor,2024-11-30,97400
RTO,Gisborne RTO,RTO_2025_13,Local resident,2024-11-30,60900
RTO,Gisborne RTO,RTO_2025_13,Domestic visitor,2024-11-30,112500
RTO,Gisborne RTO,RTO_2025_13,Total international visitor,2024-11-30,17200
RTO,Gisborne RTO,RTO_2025_13,Total visitor,2024-11-30,129700
RTO,Gisborne RTO,RTO_2025_13,International visitor (short-stay),2024-11-30,15200
RTO,Hawke's Bay RTO,RTO_2025_14,Total visitor,2024-11-30,231800
RTO,Hawke's Bay RTO,RTO_2025_14,Local resident,2024-11-30,180500
RTO,Hawke's Bay RTO,RTO_2025_14,Domestic visitor,2024-11-30,196700
RTO,Hawke's Bay RTO,RTO_2025_14,International visitor (short-stay),2024-11-30,31600
RTO,Hawke's Bay RTO,RTO_2025_14,Total international visitor,2024-11-30,35100
RTO,Horowhenua,RTO_2025_22,Local resident,2024-11-30,39700
RTO,Horowhenua,RTO_2025_22,Domestic visitor,2024-11-30,342000
RTO,Horowhenua,RTO_2025_22,Total international visitor,2024-11-30,31100
RTO,Horowhenua,RTO_2025_22,Total visitor,2024-11-30,373100
RTO,Horowhenua,RTO_2025_22,International visitor (short-stay),2024-11-30,29300
RTO,Hurunui RTO,RTO_2025_28,Domestic visitor,2024-11-30,270300
RTO,Hurunui RTO,RTO_2025_28,Total visitor,2024-11-30,326500
RTO,Hurunui RTO,RTO_2025_28,Local resident,2024-11-30,14700
RTO,Hurunui RTO,RTO_2025_28,Total international visitor,2024-11-30,56200
RTO,Hurunui RTO,RTO_2025_28,International visitor (short-stay),2024-11-30,53200
RTO,Kaikōura RTO,RTO_2025_27,Domestic visitor,2024-11-30,123500
RTO,Kaikōura RTO,RTO_2025_27,Total international visitor,2024-11-30,45300
RTO,Kaikōura RTO,RTO_2025_27,International visitor (short-stay),2024-11-30,43300
RTO,Kaikōura RTO,RTO_2025_27,Total visitor,2024-11-30,168800
RTO,Kaikōura RTO,RTO_2025_27,Local resident,2024-11-30,4630
RTO,Mackenzie RTO,RTO_2025_31,International visitor (short-stay),2024-11-30,119000
RTO,Mackenzie RTO,RTO_2025_31,Domestic visitor,2024-11-30,148200
RTO,Mackenzie RTO,RTO_2025_31,Total visitor,2024-11-30,270100
RTO,Mackenzie RTO,RTO_2025_31,Total international visitor,2024-11-30,121900
RTO,Mackenzie RTO,RTO_2025_31,Local resident,2024-11-30,5240
RTO,Manawatū RTO,RTO_2025_19,Total visitor,2024-11-30,466800
RTO,Manawatū RTO,RTO_2025_19,Domestic visitor,2024-11-30,430700
RTO,Manawatū RTO,RTO_2025_19,Total international visitor,2024-11-30,36100
RTO,Manawatū RTO,RTO_2025_19,International visitor (short-stay),2024-11-30,33300
RTO,Manawatū RTO,RTO_2025_19,Local resident,2024-11-30,128000
RTO,Marlborough RTO,RTO_2025_24,Total visitor,2024-11-30,266900
RTO,Marlborough RTO,RTO_2025_24,Domestic visitor,2024-11-30,197300
RTO,Marlborough RTO,RTO_2025_24,International visitor (short-stay),2024-11-30,65900
RTO,Marlborough RTO,RTO_2025_24,Local resident,2024-11-30,49300
RTO,Marlborough RTO,RTO_2025_24,Total international visitor,2024-11-30,69600
RTO,Nelson Tasman RTO,RTO_2025_25,Local resident,2024-11-30,112500
RTO,Nelson Tasman RTO,RTO_2025_25,Total visitor,2024-11-30,186100
RTO,Nelson Tasman RTO,RTO_2025_25,Domestic visitor,2024-11-30,138800
RTO,Nelson Tasman RTO,RTO_2025_25,Total international visitor,2024-11-30,47300
RTO,Nelson Tasman RTO,RTO_2025_25,International visitor (short-stay),2024-11-30,44500
National,New Zealand,NZ_2025_01,Local resident,2024-11-30,5127800
National,New Zealand,NZ_2025_01,Total visitor,2024-11-30,3949100
National,New Zealand,NZ_2025_01,International visitor (short-stay),2024-11-30,403800
National,New Zealand,NZ_2025_01,Domestic visitor,2024-11-30,3465400
National,New Zealand,NZ_2025_01,Total international visitor,2024-11-30,483700
RTO,Northland RTO,RTO_2025_01,Total visitor,2024-11-30,368100
RTO,Northland RTO,RTO_2025_01,Total international visitor,2024-11-30,60400
RTO,Northland RTO,RTO_2025_01,Domestic visitor,2024-11-30,307700
RTO,Northland RTO,RTO_2025_01,Local resident,2024-11-30,196700
RTO,Northland RTO,RTO_2025_01,International visitor (short-stay),2024-11-30,54900
RTO,Ōtorohanga,RTO_2025_05,Total visitor,2024-11-30,102600
RTO,Ōtorohanga,RTO_2025_05,International visitor (short-stay),2024-11-30,4850
RTO,Ōtorohanga,RTO_2025_05,Local resident,2024-11-30,11200
RTO,Ōtorohanga,RTO_2025_05,Domestic visitor,2024-11-30,97400
RTO,Ōtorohanga,RTO_2025_05,Total international visitor,2024-11-30,5240
RTO,Queenstown RTO,RTO_2025_36,Local resident,2024-11-30,31500
RTO,Queenstown RTO,RTO_2025_36,Total visitor,2024-11-30,333500
RTO,Queenstown RTO,RTO_2025_36,International visitor (short-stay),2024-11-30,147100
RTO,Queenstown RTO,RTO_2025_36,Domestic visitor,2024-11-30,181800
RTO,Queenstown RTO,RTO_2025_36,Total international visitor,2024-11-30,151700
RTO,Rangitīkei,RTO_2025_18,International visitor (short-stay),2024-11-30,34400
RTO,Rangitīkei,RTO_2025_18,Domestic visitor,2024-11-30,340600
RTO,Rangitīkei,RTO_2025_18,Total visitor,2024-11-30,376800
RTO,Rangitīkei,RTO_2025_18,Local resident,2024-11-30,17200
RTO,Rangitīkei,RTO_2025_18,Total international visitor,2024-11-30,36200
RTO,Rotorua RTO,RTO_2025_11,Domestic visitor,2024-11-30,383600
RTO,Rotorua RTO,RTO_2025_11,Total international visitor,2024-11-30,96900
RTO,Rotorua RTO,RTO_2025_11,Total visitor,2024-11-30,480500
RTO,Rotorua RTO,RTO_2025_11,International visitor (short-stay),2024-11-30,93200
RTO,Rotorua RTO,RTO_2025_11,Local resident,2024-11-30,74200
RTO,Ruapehu RTO,RTO_2025_15,Total visitor,2024-11-30,304900
RTO,Ruapehu RTO,RTO_2025_15,Domestic visitor,2024-11-30,258700
RTO,Ruapehu RTO,RTO_2025_15,International visitor (short-stay),2024-11-30,44200
RTO,Ruapehu RTO,RTO_2025_15,Total international visitor,2024-11-30,46200
RTO,Ruapehu RTO,RTO_2025_15,Local resident,2024-11-30,12300
RTO,Southland RTO,RTO_2025_39,Total visitor,2024-11-30,275200
RTO,Southland RTO,RTO_2025_39,Domestic visitor,2024-11-30,161600
RTO,Southland RTO,RTO_2025_39,Local resident,2024-11-30,101900
RTO,Southland RTO,RTO_2025_39,International visitor (short-stay),2024-11-30,109900
RTO,Southland RTO,RTO_2025_39,Total international visitor,2024-11-30,113600
RTO,Taranaki RTO,RTO_2025_16,Local resident,2024-11-30,130200
RTO,Taranaki RTO,RTO_2025_16,Total visitor,2024-11-30,199700
RTO,Taranaki RTO,RTO_2025_16,Domestic visitor,2024-11-30,176200
RTO,Taranaki RTO,RTO_2025_16,International visitor (short-stay),2024-11-30,21300
RTO,Taranaki RTO,RTO_2025_16,Total international visitor,2024-11-30,23500
RTO,Tararua,RTO_2025_20,Total visitor,2024-11-30,238500
RTO,Tararua,RTO_2025_20,Total international visitor,2024-11-30,18800
RTO,Tararua,RTO_2025_20,Domestic visitor,2024-11-30,219700
RTO,Tararua,RTO_2025_20,International visitor (short-stay),2024-11-30,17300
RTO,Tararua,RTO_2025_20,Local resident,2024-11-30,19900
RTO,Taupō RTO,RTO_2025_12,International visitor (short-stay),2024-11-30,70300
RTO,Taupō RTO,RTO_2025_12,Local resident,2024-11-30,39100
RTO,Taupō RTO,RTO_2025_12,Domestic visitor,2024-11-30,373900
RTO,Taupō RTO,RTO_2025_12,Total visitor,2024-11-30,448000
RTO,Taupō RTO,RTO_2025_12,Total international visitor,2024-11-30,74100
RTO,Timaru RTO,RTO_2025_30,Local resident,2024-11-30,51500
RTO,Timaru RTO,RTO_2025_30,Domestic visitor,2024-11-30,271800
RTO,Timaru RTO,RTO_2025_30,Total international visitor,2024-11-30,89100
RTO,Timaru RTO,RTO_2025_30,Total visitor,2024-11-30,360900
RTO,Timaru RTO,RTO_2025_30,International visitor (short-stay),2024-11-30,85800
RTO,Waikato RTO,RTO_2025_03,International visitor (short-stay),2024-11-30,142700
RTO,Waikato RTO,RTO_2025_03,Total visitor,2024-11-30,1021900
RTO,Waikato RTO,RTO_2025_03,Local resident,2024-11-30,393300
RTO,Waikato RTO,RTO_2025_03,Domestic visitor,2024-11-30,865400
RTO,Waikato RTO,RTO_2025_03,Total international visitor,2024-11-30,156500
RTO,Waimate,RTO_2025_32,International visitor (short-stay),2024-11-30,44000
RTO,Waimate,RTO_2025_32,Total visitor,2024-11-30,233400
RTO,Waimate,RTO_2025_32,Domestic visitor,2024-11-30,187300
RTO,Waimate,RTO_2025_32,Local resident,2024-11-30,9150
RTO,Waimate,RTO_2025_32,Total international visitor,2024-11-30,46100
RTO,Wairarapa RTO,RTO_2025_21,Local resident,2024-11-30,51600
RTO,Wairarapa RTO,RTO_2025_21,Total international visitor,2024-11-30,20200
RTO,Wairarapa RTO,RTO_2025_21,International visitor (short-stay),2024-11-30,18300
RTO,Wairarapa RTO,RTO_2025_21,Total visitor,2024-11-30,175300
RTO,Wairarapa RTO,RTO_2025_21,Domestic visitor,2024-11-30,155100
RTO,Waitaki RTO,RTO_2025_33,International visitor (short-stay),2024-11-30,117900
RTO,Waitaki RTO,RTO_2025_33,Local resident,2024-11-30,24300
RTO,Waitaki RTO,RTO_2025_33,Total international visitor,2024-11-30,121600
RTO,Waitaki RTO,RTO_2025_33,Domestic visitor,2024-11-30,256600
RTO,Waitaki RTO,RTO_2025_33,Total visitor,2024-11-30,378200
RTO,Waitomo,RTO_2025_06,Total visitor,2024-11-30,84900
RTO,Waitomo,RTO_2025_06,International visitor (short-stay),2024-11-30,7400
RTO,Waitomo,RTO_2025_06,Local resident,2024-11-30,10500
RTO,Waitomo,RTO_2025_06,Domestic visitor,2024-11-30,77100
RTO,Waitomo,RTO_2025_06,Total international visitor,2024-11-30,7770
RTO,Wānaka RTO,RTO_2025_35,Total visitor,2024-11-30,217100
RTO,Wānaka RTO,RTO_2025_35,Domestic visitor,2024-11-30,121800
RTO,Wānaka RTO,RTO_2025_35,Total international visitor,2024-11-30,95300
RTO,Wānaka RTO,RTO_2025_35,International visitor (short-stay),2024-11-30,92700
RTO,Wānaka RTO,RTO_2025_35,Local resident,2024-11-30,15900
RTO,Wellington RTO,RTO_2025_23,International visitor (short-stay),2024-11-30,74200
RTO,Wellington RTO,RTO_2025_23,Local resident,2024-11-30,492200
RTO,Wellington RTO,RTO_2025_23,Domestic visitor,2024-11-30,471600
RTO,Wellington RTO,RTO_2025_23,Total international visitor,2024-11-30,83100
RTO,Wellington RTO,RTO_2025_23,Total visitor,2024-11-30,554700
RTO,West Coast RTO,RTO_2025_26,Total visitor,2024-11-30,176200
RTO,West Coast RTO,RTO_2025_26,International visitor (short-stay),2024-11-30,61500
RTO,West Coast RTO,RTO_2025_26,Local resident,2024-11-30,33200
RTO,West Coast RTO,RTO_2025_26,Total international visitor,2024-11-30,63200
RTO,West Coast RTO,RTO_2025_26,Domestic visitor,2024-11-30,113000
RTO,Whakatane,RTO_2025_09,Local resident,2024-11-30,38800
RTO,Whakatane,RTO_2025_09,International visitor (short-stay),2024-11-30,4510
RTO,Whakatane,RTO_2025_09,Total visitor,2024-11-30,108000
RTO,Whakatane,RTO_2025_09,Domestic visitor,2024-11-30,102900
RTO,Whakatane,RTO_2025_09,Total international visitor,2024-11-30,5130
RTO,Whanganui RTO,RTO_2025_17,Total visitor,2024-11-30,189000
RTO,Whanganui RTO,RTO_2025_17,Total international visitor,2024-11-30,12900
RTO,Whanganui RTO,RTO_2025_17,Domestic visitor,2024-11-30,176100
RTO,Whanganui RTO,RTO_2025_17,Local resident,2024-11-30,50100
RTO,Whanganui RTO,RTO_2025_17,International visitor (short-stay),2024-11-30,12000
RTO,Auckland RTO,RTO_2025_02,Total visitor,2024-12-31,1342900
RTO,Auckland RTO,RTO_2025_02,Local resident,2024-12-31,1751100
RTO,Auckland RTO,RTO_2025_02,International visitor (short-stay),2024-12-31,352300
RTO,Auckland RTO,RTO_2025_02,Domestic visitor,2024-12-31,946300
RTO,Auckland RTO,RTO_2025_02,Total international visitor,2024-12-31,396600
RTO,Canterbury RTO,RTO_2025_29,Total visitor,2024-12-31,699000
RTO,Canterbury RTO,RTO_2025_29,Domestic visitor,2024-12-31,493100
RTO,Canterbury RTO,RTO_2025_29,International visitor (short-stay),2024-12-31,194100
RTO,Canterbury RTO,RTO_2025_29,Local resident,2024-12-31,595700
RTO,Canterbury RTO,RTO_2025_29,Total international visitor,2024-12-31,205900
RTO,Central Otago RTO,RTO_2025_34,Local resident,2024-12-31,27400
RTO,Central Otago RTO,RTO_2025_34,International visitor (short-stay),2024-12-31,154700
RTO,Central Otago RTO,RTO_2025_34,Total international visitor,2024-12-31,159500
RTO,Central Otago RTO,RTO_2025_34,Total visitor,2024-12-31,443900
RTO,Central Otago RTO,RTO_2025_34,Domestic visitor,2024-12-31,284400
RTO,Clutha RTO,RTO_2025_38,International visitor (short-stay),2024-12-31,54200
RTO,Clutha RTO,RTO_2025_38,Local resident,2024-12-31,19600
RTO,Clutha RTO,RTO_2025_38,Total international visitor,2024-12-31,56300
RTO,Clutha RTO,RTO_2025_38,Domestic visitor,2024-12-31,202000
RTO,Clutha RTO,RTO_2025_38,Total visitor,2024-12-31,258300
RTO,Coastal Bay of Plenty RTO,RTO_2025_08,Total visitor,2024-12-31,514800
RTO,Coastal Bay of Plenty RTO,RTO_2025_08,Local resident,2024-12-31,231800
RTO,Coastal Bay of Plenty RTO,RTO_2025_08,International visitor (short-stay),2024-12-31,76500
RTO,Coastal Bay of Plenty RTO,RTO_2025_08,Total international visitor,2024-12-31,83500
RTO,Coastal Bay of Plenty RTO,RTO_2025_08,Domestic visitor,2024-12-31,431300
RTO,Coromandel RTO,RTO_2025_07,Local resident,2024-12-31,58000
RTO,Coromandel RTO,RTO_2025_07,Total visitor,2024-12-31,628600
RTO,Coromandel RTO,RTO_2025_07,Domestic visitor,2024-12-31,527200
RTO,Coromandel RTO,RTO_2025_07,Total international visitor,2024-12-31,101400
RTO,Coromandel RTO,RTO_2025_07,International visitor (short-stay),2024-12-31,94700
RTO,Dunedin RTO,RTO_2025_37,Local resident,2024-12-31,127700
RTO,Dunedin RTO,RTO_2025_37,International visitor (short-stay),2024-12-31,87000
RTO,Dunedin RTO,RTO_2025_37,Total international visitor,2024-12-31,90800
RTO,Dunedin RTO,RTO_2025_37,Domestic visitor,2024-12-31,214100
RTO,Dunedin RTO,RTO_2025_37,Total visitor,2024-12-31,304900
RTO,Fiordland RTO,RTO_2025_40,Domestic visitor,2024-12-31,74000
RTO,Fiordland RTO,RTO_2025_40,Total international visitor,2024-12-31,125200
RTO,Fiordland RTO,RTO_2025_40,Total visitor,2024-12-31,199200
RTO,Fiordland RTO,RTO_2025_40,International visitor (short-stay),2024-12-31,122900
RTO,Fiordland RTO,RTO_2025_40,Local resident,2024-12-31,4720
RTO,Gisborne RTO,RTO_2025_13,Domestic visitor,2024-12-31,169500
RTO,Gisborne RTO,RTO_2025_13,Total visitor,2024-12-31,195800
RTO,Gisborne RTO,RTO_2025_13,International visitor (short-stay),2024-12-31,24100
RTO,Gisborne RTO,RTO_2025_13,Total international visitor,2024-12-31,26300
RTO,Gisborne RTO,RTO_2025_13,Local resident,2024-12-31,65600
RTO,Hawke's Bay RTO,RTO_2025_14,Total visitor,2024-12-31,285500
RTO,Hawke's Bay RTO,RTO_2025_14,International visitor (short-stay),2024-12-31,53000
RTO,Hawke's Bay RTO,RTO_2025_14,Total international visitor,2024-12-31,57200
RTO,Hawke's Bay RTO,RTO_2025_14,Local resident,2024-12-31,188500
RTO,Hawke's Bay RTO,RTO_2025_14,Domestic visitor,2024-12-31,228300
RTO,Horowhenua,RTO_2025_22,Domestic visitor,2024-12-31,415500
RTO,Horowhenua,RTO_2025_22,Total international visitor,2024-12-31,43400
RTO,Horowhenua,RTO_2025_22,Total visitor,2024-12-31,458900
RTO,Horowhenua,RTO_2025_22,Local resident,2024-12-31,41700
RTO,Horowhenua,RTO_2025_22,International visitor (short-stay),2024-12-31,40700
RTO,Hurunui RTO,RTO_2025_28,Total visitor,2024-12-31,406400
RTO,Hurunui RTO,RTO_2025_28,Local resident,2024-12-31,14800
RTO,Hurunui RTO,RTO_2025_28,Domestic visitor,2024-12-31,325800
RTO,Hurunui RTO,RTO_2025_28,International visitor (short-stay),2024-12-31,77000
RTO,Hurunui RTO,RTO_2025_28,Total international visitor,2024-12-31,80600
RTO,Kaikōura RTO,RTO_2025_27,International visitor (short-stay),2024-12-31,60400
RTO,Kaikōura RTO,RTO_2025_27,Total visitor,2024-12-31,216600
RTO,Kaikōura RTO,RTO_2025_27,Domestic visitor,2024-12-31,153800
RTO,Kaikōura RTO,RTO_2025_27,Total international visitor,2024-12-31,62800
RTO,Kaikōura RTO,RTO_2025_27,Local resident,2024-12-31,4680
RTO,Mackenzie RTO,RTO_2025_31,Local resident,2024-12-31,5670
RTO,Mackenzie RTO,RTO_2025_31,International visitor (short-stay),2024-12-31,149500
RTO,Mackenzie RTO,RTO_2025_31,Total visitor,2024-12-31,342400
RTO,Mackenzie RTO,RTO_2025_31,Total international visitor,2024-12-31,153500
RTO,Mackenzie RTO,RTO_2025_31,Domestic visitor,2024-12-31,188900
RTO,Manawatū RTO,RTO_2025_19,Total visitor,2024-12-31,555100
RTO,Manawatū RTO,RTO_2025_19,Domestic visitor,2024-12-31,506400
RTO,Manawatū RTO,RTO_2025_19,Total international visitor,2024-12-31,48700
RTO,Manawatū RTO,RTO_2025_19,International visitor (short-stay),2024-12-31,45200
RTO,Manawatū RTO,RTO_2025_19,Local resident,2024-12-31,126600
RTO,Marlborough RTO,RTO_2025_24,Total visitor,2024-12-31,348900
RTO,Marlborough RTO,RTO_2025_24,International visitor (short-stay),2024-12-31,92600
RTO,Marlborough RTO,RTO_2025_24,Local resident,2024-12-31,53600
RTO,Marlborough RTO,RTO_2025_24,Domestic visitor,2024-12-31,251700
RTO,Marlborough RTO,RTO_2025_24,Total international visitor,2024-12-31,97200
RTO,Nelson Tasman RTO,RTO_2025_25,Total international visitor,2024-12-31,63800
RTO,Nelson Tasman RTO,RTO_2025_25,Local resident,2024-12-31,121300
RTO,Nelson Tasman RTO,RTO_2025_25,Total visitor,2024-12-31,240700
RTO,Nelson Tasman RTO,RTO_2025_25,Domestic visitor,2024-12-31,176900
RTO,Nelson Tasman RTO,RTO_2025_25,International visitor (short-stay),2024-12-31,60300
National,New Zealand,NZ_2025_01,International visitor (short-stay),2024-12-31,593200
National,New Zealand,NZ_2025_01,Local resident,2024-12-31,5121200
National,New Zealand,NZ_2025_01,Total visitor,2024-12-31,4361700
National,New Zealand,NZ_2025_01,Domestic visitor,2024-12-31,3689700
National,New Zealand,NZ_2025_01,Total international visitor,2024-12-31,672000
RTO,Northland RTO,RTO_2025_01,International visitor (short-stay),2024-12-31,74300
RTO,Northland RTO,RTO_2025_01,Total international visitor,2024-12-31,80700
RTO,Northland RTO,RTO_2025_01,Local resident,2024-12-31,215000
RTO,Northland RTO,RTO_2025_01,Total visitor,2024-12-31,462600
RTO,Northland RTO,RTO_2025_01,Domestic visitor,2024-12-31,381900
RTO,Ōtorohanga,RTO_2025_05,Local resident,2024-12-31,11400
RTO,Ōtorohanga,RTO_2025_05,Total international visitor,2024-12-31,8920
RTO,Ōtorohanga,RTO_2025_05,International visitor (short-stay),2024-12-31,8560
RTO,Ōtorohanga,RTO_2025_05,Total visitor,2024-12-31,116800
RTO,Ōtorohanga,RTO_2025_05,Domestic visitor,2024-12-31,107900
RTO,Queenstown RTO,RTO_2025_36,Total international visitor,2024-12-31,204300
RTO,Queenstown RTO,RTO_2025_36,Local resident,2024-12-31,33500
RTO,Queenstown RTO,RTO_2025_36,Total visitor,2024-12-31,423400
RTO,Queenstown RTO,RTO_2025_36,Domestic visitor,2024-12-31,219100
RTO,Queenstown RTO,RTO_2025_36,International visitor (short-stay),2024-12-31,198300
RTO,Rangitīkei,RTO_2025_18,Total visitor,2024-12-31,464600
RTO,Rangitīkei,RTO_2025_18,Local resident,2024-12-31,18000
RTO,Rangitīkei,RTO_2025_18,International visitor (short-stay),2024-12-31,46400
RTO,Rangitīkei,RTO_2025_18,Total international visitor,2024-12-31,49300
RTO,Rangitīkei,RTO_2025_18,Domestic visitor,2024-12-31,415300
RTO,Rotorua RTO,RTO_2025_11,Domestic visitor,2024-12-31,467200
RTO,Rotorua RTO,RTO_2025_11,Total visitor,2024-12-31,598900
RTO,Rotorua RTO,RTO_2025_11,International visitor (short-stay),2024-12-31,126400
RTO,Rotorua RTO,RTO_2025_11,Total international visitor,2024-12-31,131700
RTO,Rotorua RTO,RTO_2025_11,Local resident,2024-12-31,78800
RTO,Ruapehu RTO,RTO_2025_15,International visitor (short-stay),2024-12-31,60500
RTO,Ruapehu RTO,RTO_2025_15,Total visitor,2024-12-31,388800
RTO,Ruapehu RTO,RTO_2025_15,Domestic visitor,2024-12-31,325200
RTO,Ruapehu RTO,RTO_2025_15,Local resident,2024-12-31,13100
RTO,Ruapehu RTO,RTO_2025_15,Total international visitor,2024-12-31,63600
RTO,Southland RTO,RTO_2025_39,Total visitor,2024-12-31,336100
RTO,Southland RTO,RTO_2025_39,Domestic visitor,2024-12-31,178800
RTO,Southland RTO,RTO_2025_39,Local resident,2024-12-31,102900
RTO,Southland RTO,RTO_2025_39,Total international visitor,2024-12-31,157300
RTO,Southland RTO,RTO_2025_39,International visitor (short-stay),2024-12-31,153200
RTO,Taranaki RTO,RTO_2025_16,Total visitor,2024-12-31,220100
RTO,Taranaki RTO,RTO_2025_16,Local resident,2024-12-31,134900
RTO,Taranaki RTO,RTO_2025_16,Domestic visitor,2024-12-31,187700
RTO,Taranaki RTO,RTO_2025_16,International visitor (short-stay),2024-12-31,29600
RTO,Taranaki RTO,RTO_2025_16,Total international visitor,2024-12-31,32400
RTO,Tararua,RTO_2025_20,Total visitor,2024-12-31,283600
RTO,Tararua,RTO_2025_20,Local resident,2024-12-31,20500
RTO,Tararua,RTO_2025_20,International visitor (short-stay),2024-12-31,27200
RTO,Tararua,RTO_2025_20,Total international visitor,2024-12-31,28900
RTO,Tararua,RTO_2025_20,Domestic visitor,2024-12-31,254700
RTO,Taupō RTO,RTO_2025_12,Total visitor,2024-12-31,585300
RTO,Taupō RTO,RTO_2025_12,International visitor (short-stay),2024-12-31,103200
RTO,Taupō RTO,RTO_2025_12,Domestic visitor,2024-12-31,476400
RTO,Taupō RTO,RTO_2025_12,Local resident,2024-12-31,43800
RTO,Taupō RTO,RTO_2025_12,Total international visitor,2024-12-31,108900
RTO,Timaru RTO,RTO_2025_30,Local resident,2024-12-31,51900
RTO,Timaru RTO,RTO_2025_30,Domestic visitor,2024-12-31,319200
RTO,Timaru RTO,RTO_2025_30,Total visitor,2024-12-31,429000
RTO,Timaru RTO,RTO_2025_30,International visitor (short-stay),2024-12-31,105900
RTO,Timaru RTO,RTO_2025_30,Total international visitor,2024-12-31,109800
RTO,Waikato RTO,RTO_2025_03,Total visitor,2024-12-31,1218700
RTO,Waikato RTO,RTO_2025_03,International visitor (short-stay),2024-12-31,197700
RTO,Waikato RTO,RTO_2025_03,Total international visitor,2024-12-31,214700
RTO,Waikato RTO,RTO_2025_03,Domestic visitor,2024-12-31,1004000
RTO,Waikato RTO,RTO_2025_03,Local resident,2024-12-31,394300
RTO,Waimate,RTO_2025_32,Total visitor,2024-12-31,278300
RTO,Waimate,RTO_2025_32,Total international visitor,2024-12-31,59100
RTO,Waimate,RTO_2025_32,Domestic visitor,2024-12-31,219200
RTO,Waimate,RTO_2025_32,Local resident,2024-12-31,9500
RTO,Waimate,RTO_2025_32,International visitor (short-stay),2024-12-31,56800
RTO,Wairarapa RTO,RTO_2025_21,Total international visitor,2024-12-31,35500
RTO,Wairarapa RTO,RTO_2025_21,Domestic visitor,2024-12-31,175700
RTO,Wairarapa RTO,RTO_2025_21,Local resident,2024-12-31,55100
RTO,Wairarapa RTO,RTO_2025_21,International visitor (short-stay),2024-12-31,33200
RTO,Wairarapa RTO,RTO_2025_21,Total visitor,2024-12-31,211200
RTO,Waitaki RTO,RTO_2025_33,Total visitor,2024-12-31,474200
RTO,Waitaki RTO,RTO_2025_33,Total international visitor,2024-12-31,159800
RTO,Waitaki RTO,RTO_2025_33,International visitor (short-stay),2024-12-31,155200
RTO,Waitaki RTO,RTO_2025_33,Domestic visitor,2024-12-31,314400
RTO,Waitaki RTO,RTO_2025_33,Local resident,2024-12-31,25500
RTO,Waitomo,RTO_2025_06,Total visitor,2024-12-31,98700
RTO,Waitomo,RTO_2025_06,Domestic visitor,2024-12-31,88800
RTO,Waitomo,RTO_2025_06,Local resident,2024-12-31,10500
RTO,Waitomo,RTO_2025_06,International visitor (short-stay),2024-12-31,9480
RTO,Waitomo,RTO_2025_06,Total international visitor,2024-12-31,9940
RTO,Wānaka RTO,RTO_2025_35,Domestic visitor,2024-12-31,175800
RTO,Wānaka RTO,RTO_2025_35,Total international visitor,2024-12-31,139500
RTO,Wānaka RTO,RTO_2025_35,International visitor (short-stay),2024-12-31,135700
RTO,Wānaka RTO,RTO_2025_35,Local resident,2024-12-31,18300
RTO,Wānaka RTO,RTO_2025_35,Total visitor,2024-12-31,315300
RTO,Wellington RTO,RTO_2025_23,International visitor (short-stay),2024-12-31,114200
RTO,Wellington RTO,RTO_2025_23,Local resident,2024-12-31,471400
RTO,Wellington RTO,RTO_2025_23,Total visitor,2024-12-31,629000
RTO,Wellington RTO,RTO_2025_23,Total international visitor,2024-12-31,123700
RTO,Wellington RTO,RTO_2025_23,Domestic visitor,2024-12-31,505300
RTO,West Coast RTO,RTO_2025_26,Total visitor,2024-12-31,239100
RTO,West Coast RTO,RTO_2025_26,Local resident,2024-12-31,36300
RTO,West Coast RTO,RTO_2025_26,Domestic visitor,2024-12-31,152500
RTO,West Coast RTO,RTO_2025_26,Total international visitor,2024-12-31,86600
RTO,West Coast RTO,RTO_2025_26,International visitor (short-stay),2024-12-31,84100
RTO,Whakatane,RTO_2025_09,Total visitor,2024-12-31,142800
RTO,Whakatane,RTO_2025_09,Domestic visitor,2024-12-31,134500
RTO,Whakatane,RTO_2025_09,Total international visitor,2024-12-31,8310
RTO,Whakatane,RTO_2025_09,Local resident,2024-12-31,40800
RTO,Whakatane,RTO_2025_09,International visitor (short-stay),2024-12-31,7430
RTO,Whanganui RTO,RTO_2025_17,Local resident,2024-12-31,51200
RTO,Whanganui RTO,RTO_2025_17,Domestic visitor,2024-12-31,209000
RTO,Whanganui RTO,RTO_2025_17,International visitor (short-stay),2024-12-31,18100
RTO,Whanganui RTO,RTO_2025_17,Total international visitor,2024-12-31,19500
RTO,Whanganui RTO,RTO_2025_17,Total visitor,2024-12-31,228500
RTO,Auckland RTO,RTO_2025_02,Local resident,2025-01-31,1726300
RTO,Auckland RTO,RTO_2025_02,Total visitor,2025-01-31,1399900
RTO,Auckland RTO,RTO_2025_02,International visitor (short-stay),2025-01-31,393100
RTO,Auckland RTO,RTO_2025_02,Domestic visitor,2025-01-31,963400
RTO,Auckland RTO,RTO_2025_02,Total international visitor,2025-01-31,436500
RTO,Canterbury RTO,RTO_2025_29,Total visitor,2025-01-31,719800
RTO,Canterbury RTO,RTO_2025_29,Total international visitor,2025-01-31,226800
RTO,Canterbury RTO,RTO_2025_29,International visitor (short-stay),2025-01-31,214700
RTO,Canterbury RTO,RTO_2025_29,Domestic visitor,2025-01-31,493000
RTO,Canterbury RTO,RTO_2025_29,Local resident,2025-01-31,584000
RTO,Central Otago RTO,RTO_2025_34,Total visitor,2025-01-31,489400
RTO,Central Otago RTO,RTO_2025_34,International visitor (short-stay),2025-01-31,163400
RTO,Central Otago RTO,RTO_2025_34,Total international visitor,2025-01-31,169000
RTO,Central Otago RTO,RTO_2025_34,Domestic visitor,2025-01-31,320400
RTO,Central Otago RTO,RTO_2025_34,Local resident,2025-01-31,27200
RTO,Clutha RTO,RTO_2025_38,International visitor (short-stay),2025-01-31,58300
RTO,Clutha RTO,RTO_2025_38,Local resident,2025-01-31,18900
RTO,Clutha RTO,RTO_2025_38,Total visitor,2025-01-31,265200
RTO,Clutha RTO,RTO_2025_38,Domestic visitor,2025-01-31,204500
RTO,Clutha RTO,RTO_2025_38,Total international visitor,2025-01-31,60700
RTO,Coastal Bay of Plenty RTO,RTO_2025_08,Domestic visitor,2025-01-31,443500
RTO,Coastal Bay of Plenty RTO,RTO_2025_08,International visitor (short-stay),2025-01-31,95400
RTO,Coastal Bay of Plenty RTO,RTO_2025_08,Local resident,2025-01-31,232600
RTO,Coastal Bay of Plenty RTO,RTO_2025_08,Total visitor,2025-01-31,546500
RTO,Coastal Bay of Plenty RTO,RTO_2025_08,Total international visitor,2025-01-31,103000
RTO,Coromandel RTO,RTO_2025_07,Total visitor,2025-01-31,679400
RTO,Coromandel RTO,RTO_2025_07,Domestic visitor,2025-01-31,563200
RTO,Coromandel RTO,RTO_2025_07,Local resident,2025-01-31,57700
RTO,Coromandel RTO,RTO_2025_07,International visitor (short-stay),2025-01-31,109500
RTO,Coromandel RTO,RTO_2025_07,Total international visitor,2025-01-31,116200
RTO,Dunedin RTO,RTO_2025_37,Total visitor,2025-01-31,307600
RTO,Dunedin RTO,RTO_2025_37,Local resident,2025-01-31,119700
RTO,Dunedin RTO,RTO_2025_37,Domestic visitor,2025-01-31,209400
RTO,Dunedin RTO,RTO_2025_37,Total international visitor,2025-01-31,98200
RTO,Dunedin RTO,RTO_2025_37,International visitor (short-stay),2025-01-31,93700
RTO,Fiordland RTO,RTO_2025_40,Local resident,2025-01-31,4590
RTO,Fiordland RTO,RTO_2025_40,Domestic visitor,2025-01-31,81200
RTO,Fiordland RTO,RTO_2025_40,Total visitor,2025-01-31,213600
RTO,Fiordland RTO,RTO_2025_40,International visitor (short-stay),2025-01-31,129900
RTO,Fiordland RTO,RTO_2025_40,Total international visitor,2025-01-31,132400
RTO,Gisborne RTO,RTO_2025_13,International visitor (short-stay),2025-01-31,32400
RTO,Gisborne RTO,RTO_2025_13,Total visitor,2025-01-31,212400
RTO,Gisborne RTO,RTO_2025_13,Total international visitor,2025-01-31,35000
RTO,Gisborne RTO,RTO_2025_13,Local resident,2025-01-31,65500
RTO,Gisborne RTO,RTO_2025_13,Domestic visitor,2025-01-31,177400
RTO,Hawke's Bay RTO,RTO_2025_14,Total visitor,2025-01-31,312700
RTO,Hawke's Bay RTO,RTO_2025_14,Total international visitor,2025-01-31,71400
RTO,Hawke's Bay RTO,RTO_2025_14,International visitor (short-stay),2025-01-31,66500
RTO,Hawke's Bay RTO,RTO_2025_14,Domestic visitor,2025-01-31,241300
RTO,Hawke's Bay RTO,RTO_2025_14,Local resident,2025-01-31,190200
RTO,Horowhenua,RTO_2025_22,Local resident,2025-01-31,41000
RTO,Horowhenua,RTO_2025_22,Total visitor,2025-01-31,464700
RTO,Horowhenua,RTO_2025_22,International visitor (short-stay),2025-01-31,46100
RTO,Horowhenua,RTO_2025_22,Total international visitor,2025-01-31,48600
RTO,Horowhenua,RTO_2025_22,Domestic visitor,2025-01-31,416100
RTO,Hurunui RTO,RTO_2025_28,International visitor (short-stay),2025-01-31,88700
RTO,Hurunui RTO,RTO_2025_28,Domestic visitor,2025-01-31,339300
RTO,Hurunui RTO,RTO_2025_28,Local resident,2025-01-31,14800
RTO,Hurunui RTO,RTO_2025_28,Total visitor,2025-01-31,432000
RTO,Hurunui RTO,RTO_2025_28,Total international visitor,2025-01-31,92700
RTO,Kaikōura RTO,RTO_2025_27,Domestic visitor,2025-01-31,160800
RTO,Kaikōura RTO,RTO_2025_27,Total visitor,2025-01-31,233900
RTO,Kaikōura RTO,RTO_2025_27,International visitor (short-stay),2025-01-31,70400
RTO,Kaikōura RTO,RTO_2025_27,Local resident,2025-01-31,4530
RTO,Kaikōura RTO,RTO_2025_27,Total international visitor,2025-01-31,73100
RTO,Mackenzie RTO,RTO_2025_31,Total visitor,2025-01-31,367600
RTO,Mackenzie RTO,RTO_2025_31,Local resident,2025-01-31,5500
RTO,Mackenzie RTO,RTO_2025_31,International visitor (short-stay),2025-01-31,158100
RTO,Mackenzie RTO,RTO_2025_31,Domestic visitor,2025-01-31,205300
RTO,Mackenzie RTO,RTO_2025_31,Total international visitor,2025-01-31,162300
RTO,Manawatū RTO,RTO_2025_19,Total visitor,2025-01-31,556500
RTO,Manawatū RTO,RTO_2025_19,International visitor (short-stay),2025-01-31,50700
RTO,Manawatū RTO,RTO_2025_19,Total international visitor,2025-01-31,54000
RTO,Manawatū RTO,RTO_2025_19,Domestic visitor,2025-01-31,502500
RTO,Manawatū RTO,RTO_2025_19,Local resident,2025-01-31,120400
RTO,Marlborough RTO,RTO_2025_24,International visitor (short-stay),2025-01-31,103300
RTO,Marlborough RTO,RTO_2025_24,Local resident,2025-01-31,53300
RTO,Marlborough RTO,RTO_2025_24,Domestic visitor,2025-01-31,265500
RTO,Marlborough RTO,RTO_2025_24,Total visitor,2025-01-31,373700
RTO,Marlborough RTO,RTO_2025_24,Total international visitor,2025-01-31,108200
RTO,Nelson Tasman RTO,RTO_2025_25,International visitor (short-stay),2025-01-31,67300
RTO,Nelson Tasman RTO,RTO_2025_25,Local resident,2025-01-31,121300
RTO,Nelson Tasman RTO,RTO_2025_25,Domestic visitor,2025-01-31,203100
RTO,Nelson Tasman RTO,RTO_2025_25,Total visitor,2025-01-31,274200
RTO,Nelson Tasman RTO,RTO_2025_25,Total international visitor,2025-01-31,71100
National,New Zealand,NZ_2025_01,Total visitor,2025-01-31,4418000
National,New Zealand,NZ_2025_01,Local resident,2025-01-31,5112700
National,New Zealand,NZ_2025_01,Domestic visitor,2025-01-31,3694100
National,New Zealand,NZ_2025_01,International visitor (short-stay),2025-01-31,645400
National,New Zealand,NZ_2025_01,Total international visitor,2025-01-31,723900
RTO,Northland RTO,RTO_2025_01,Total visitor,2025-01-31,486700
RTO,Northland RTO,RTO_2025_01,International visitor (short-stay),2025-01-31,84500
RTO,Northland RTO,RTO_2025_01,Domestic visitor,2025-01-31,395200
RTO,Northland RTO,RTO_2025_01,Local resident,2025-01-31,213900
RTO,Northland RTO,RTO_2025_01,Total international visitor,2025-01-31,91500
RTO,Ōtorohanga,RTO_2025_05,Total visitor,2025-01-31,106400
RTO,Ōtorohanga,RTO_2025_05,International visitor (short-stay),2025-01-31,5150
RTO,Ōtorohanga,RTO_2025_05,Local resident,2025-01-31,10600
RTO,Ōtorohanga,RTO_2025_05,Total international visitor,2025-01-31,5540
RTO,Ōtorohanga,RTO_2025_05,Domestic visitor,2025-01-31,100900
RTO,Queenstown RTO,RTO_2025_36,Local resident,2025-01-31,34200
RTO,Queenstown RTO,RTO_2025_36,International visitor (short-stay),2025-01-31,217200
RTO,Queenstown RTO,RTO_2025_36,Total visitor,2025-01-31,467300
RTO,Queenstown RTO,RTO_2025_36,Domestic visitor,2025-01-31,243500
RTO,Queenstown RTO,RTO_2025_36,Total international visitor,2025-01-31,223800
RTO,Rangitīkei,RTO_2025_18,Total visitor,2025-01-31,479500
RTO,Rangitīkei,RTO_2025_18,Domestic visitor,2025-01-31,425600
RTO,Rangitīkei,RTO_2025_18,International visitor (short-stay),2025-01-31,51200
RTO,Rangitīkei,RTO_2025_18,Total international visitor,2025-01-31,53900
RTO,Rangitīkei,RTO_2025_18,Local resident,2025-01-31,17500
RTO,Rotorua RTO,RTO_2025_11,Total international visitor,2025-01-31,140600
RTO,Rotorua RTO,RTO_2025_11,Total visitor,2025-01-31,625700
RTO,Rotorua RTO,RTO_2025_11,Local resident,2025-01-31,79900
RTO,Rotorua RTO,RTO_2025_11,International visitor (short-stay),2025-01-31,135300
RTO,Rotorua RTO,RTO_2025_11,Domestic visitor,2025-01-31,485100
RTO,Ruapehu RTO,RTO_2025_15,International visitor (short-stay),2025-01-31,68800
RTO,Ruapehu RTO,RTO_2025_15,Local resident,2025-01-31,13300
RTO,Ruapehu RTO,RTO_2025_15,Domestic visitor,2025-01-31,343000
RTO,Ruapehu RTO,RTO_2025_15,Total international visitor,2025-01-31,71900
RTO,Ruapehu RTO,RTO_2025_15,Total visitor,2025-01-31,414900
RTO,Southland RTO,RTO_2025_39,Total visitor,2025-01-31,345900
RTO,Southland RTO,RTO_2025_39,International visitor (short-stay),2025-01-31,159100
RTO,Southland RTO,RTO_2025_39,Domestic visitor,2025-01-31,182000
RTO,Southland RTO,RTO_2025_39,Total international visitor,2025-01-31,163900
RTO,Southland RTO,RTO_2025_39,Local resident,2025-01-31,99500
RTO,Taranaki RTO,RTO_2025_16,Domestic visitor,2025-01-31,197200
RTO,Taranaki RTO,RTO_2025_16,Total international visitor,2025-01-31,36600
RTO,Taranaki RTO,RTO_2025_16,International visitor (short-stay),2025-01-31,33700
RTO,Taranaki RTO,RTO_2025_16,Local resident,2025-01-31,136400
RTO,Taranaki RTO,RTO_2025_16,Total visitor,2025-01-31,233800
RTO,Tararua,RTO_2025_20,Domestic visitor,2025-01-31,259000
RTO,Tararua,RTO_2025_20,Local resident,2025-01-31,19600
RTO,Tararua,RTO_2025_20,Total visitor,2025-01-31,292600
RTO,Tararua,RTO_2025_20,International visitor (short-stay),2025-01-31,31600
RTO,Tararua,RTO_2025_20,Total international visitor,2025-01-31,33600
RTO,Taupō RTO,RTO_2025_12,Local resident,2025-01-31,43600
RTO,Taupō RTO,RTO_2025_12,Domestic visitor,2025-01-31,506800
RTO,Taupō RTO,RTO_2025_12,Total visitor,2025-01-31,618500
RTO,Taupō RTO,RTO_2025_12,International visitor (short-stay),2025-01-31,106500
RTO,Taupō RTO,RTO_2025_12,Total international visitor,2025-01-31,111700
RTO,Timaru RTO,RTO_2025_30,International visitor (short-stay),2025-01-31,117300
RTO,Timaru RTO,RTO_2025_30,Total visitor,2025-01-31,444200
RTO,Timaru RTO,RTO_2025_30,Local resident,2025-01-31,50000
RTO,Timaru RTO,RTO_2025_30,Domestic visitor,2025-01-31,323000
RTO,Timaru RTO,RTO_2025_30,Total international visitor,2025-01-31,121200
RTO,Waikato RTO,RTO_2025_03,Local resident,2025-01-31,382700
RTO,Waikato RTO,RTO_2025_03,International visitor (short-stay),2025-01-31,215400
RTO,Waikato RTO,RTO_2025_03,Total visitor,2025-01-31,1258600
RTO,Waikato RTO,RTO_2025_03,Domestic visitor,2025-01-31,1026400
RTO,Waikato RTO,RTO_2025_03,Total international visitor,2025-01-31,232200
RTO,Waimate,RTO_2025_32,Local resident,2025-01-31,9240
RTO,Waimate,RTO_2025_32,International visitor (short-stay),2025-01-31,63200
RTO,Waimate,RTO_2025_32,Domestic visitor,2025-01-31,217200
RTO,Waimate,RTO_2025_32,Total visitor,2025-01-31,282800
RTO,Waimate,RTO_2025_32,Total international visitor,2025-01-31,65600
RTO,Wairarapa RTO,RTO_2025_21,Domestic visitor,2025-01-31,176800
RTO,Wairarapa RTO,RTO_2025_21,International visitor (short-stay),2025-01-31,39300
RTO,Wairarapa RTO,RTO_2025_21,Local resident,2025-01-31,54600
RTO,Wairarapa RTO,RTO_2025_21,Total visitor,2025-01-31,218800
RTO,Wairarapa RTO,RTO_2025_21,Total international visitor,2025-01-31,42000
RTO,Waitaki RTO,RTO_2025_33,Local resident,2025-01-31,25500
RTO,Waitaki RTO,RTO_2025_33,Total visitor,2025-01-31,495000
RTO,Waitaki RTO,RTO_2025_33,International visitor (short-stay),2025-01-31,162800
RTO,Waitaki RTO,RTO_2025_33,Domestic visitor,2025-01-31,327100
RTO,Waitaki RTO,RTO_2025_33,Total international visitor,2025-01-31,167900
RTO,Waitomo,RTO_2025_06,Total visitor,2025-01-31,99800
RTO,Waitomo,RTO_2025_06,Local resident,2025-01-31,10300
RTO,Waitomo,RTO_2025_06,Total international visitor,2025-01-31,11500
RTO,Waitomo,RTO_2025_06,International visitor (short-stay),2025-01-31,11200
RTO,Waitomo,RTO_2025_06,Domestic visitor,2025-01-31,88300
RTO,Wānaka RTO,RTO_2025_35,Local resident,2025-01-31,18400
RTO,Wānaka RTO,RTO_2025_35,Total international visitor,2025-01-31,152000
RTO,Wānaka RTO,RTO_2025_35,Domestic visitor,2025-01-31,213400
RTO,Wānaka RTO,RTO_2025_35,Total visitor,2025-01-31,365400
RTO,Wānaka RTO,RTO_2025_35,International visitor (short-stay),2025-01-31,147500
RTO,Wellington RTO,RTO_2025_23,Domestic visitor,2025-01-31,493200
RTO,Wellington RTO,RTO_2025_23,Local resident,2025-01-31,455700
RTO,Wellington RTO,RTO_2025_23,International visitor (short-stay),2025-01-31,126700
RTO,Wellington RTO,RTO_2025_23,Total international visitor,2025-01-31,136400
RTO,Wellington RTO,RTO_2025_23,Total visitor,2025-01-31,629600
RTO,West Coast RTO,RTO_2025_26,Local resident,2025-01-31,36100
RTO,West Coast RTO,RTO_2025_26,Total visitor,2025-01-31,283100
RTO,West Coast RTO,RTO_2025_26,International visitor (short-stay),2025-01-31,94800
RTO,West Coast RTO,RTO_2025_26,Domestic visitor,2025-01-31,185300
RTO,West Coast RTO,RTO_2025_26,Total international visitor,2025-01-31,97800
RTO,Whakatane,RTO_2025_09,Total international visitor,2025-01-31,7730
RTO,Whakatane,RTO_2025_09,Total visitor,2025-01-31,141000
RTO,Whakatane,RTO_2025_09,International visitor (short-stay),2025-01-31,6900
RTO,Whakatane,RTO_2025_09,Local resident,2025-01-31,40900
RTO,Whakatane,RTO_2025_09,Domestic visitor,2025-01-31,133300
RTO,Whanganui RTO,RTO_2025_17,International visitor (short-stay),2025-01-31,21200
RTO,Whanganui RTO,RTO_2025_17,Local resident,2025-01-31,50300
RTO,Whanganui RTO,RTO_2025_17,Total international visitor,2025-01-31,22600
RTO,Whanganui RTO,RTO_2025_17,Total visitor,2025-01-31,241700
RTO,Whanganui RTO,RTO_2025_17,Domestic visitor,2025-01-31,219100
RTO,Auckland RTO,RTO_2025_02,Total visitor,2025-02-28,1357300
RTO,Auckland RTO,RTO_2025_02,Total international visitor,2025-02-28,373800
RTO,Auckland RTO,RTO_2025_02,International visitor (short-stay),2025-02-28,329400
RTO,Auckland RTO,RTO_2025_02,Local resident,2025-02-28,1783000
RTO,Auckland RTO,RTO_2025_02,Domestic visitor,2025-02-28,983500
RTO,Canterbury RTO,RTO_2025_29,Local resident,2025-02-28,609100
RTO,Canterbury RTO,RTO_2025_29,Total visitor,2025-02-28,749700
RTO,Canterbury RTO,RTO_2025_29,Domestic visitor,2025-02-28,549600
RTO,Canterbury RTO,RTO_2025_29,Total international visitor,2025-02-28,200100
RTO,Canterbury RTO,RTO_2025_29,International visitor (short-stay),2025-02-28,186600
RTO,Central Otago RTO,RTO_2025_34,Total international visitor,2025-02-28,138900
RTO,Central Otago RTO,RTO_2025_34,Total visitor,2025-02-28,392600
RTO,Central Otago RTO,RTO_2025_34,Domestic visitor,2025-02-28,253700
RTO,Central Otago RTO,RTO_2025_34,International visitor (short-stay),2025-02-28,133400
RTO,Central Otago RTO,RTO_2025_34,Local resident,2025-02-28,27000
RTO,Clutha RTO,RTO_2025_38,Total visitor,2025-02-28,264200
RTO,Clutha RTO,RTO_2025_38,Domestic visitor,2025-02-28,206800
RTO,Clutha RTO,RTO_2025_38,Total international visitor,2025-02-28,57400
RTO,Clutha RTO,RTO_2025_38,International visitor (short-stay),2025-02-28,54400
RTO,Clutha RTO,RTO_2025_38,Local resident,2025-02-28,19600
RTO,Coastal Bay of Plenty RTO,RTO_2025_08,International visitor (short-stay),2025-02-28,80500
RTO,Coastal Bay of Plenty RTO,RTO_2025_08,Total international visitor,2025-02-28,87600
RTO,Coastal Bay of Plenty RTO,RTO_2025_08,Total visitor,2025-02-28,473700
RTO,Coastal Bay of Plenty RTO,RTO_2025_08,Domestic visitor,2025-02-28,386100
RTO,Coastal Bay of Plenty RTO,RTO_2025_08,Local resident,2025-02-28,227700
RTO,Coromandel RTO,RTO_2025_07,Total international visitor,2025-02-28,92900
RTO,Coromandel RTO,RTO_2025_07,Total visitor,2025-02-28,518600
RTO,Coromandel RTO,RTO_2025_07,Domestic visitor,2025-02-28,425700
RTO,Coromandel RTO,RTO_2025_07,International visitor (short-stay),2025-02-28,87100
RTO,Coromandel RTO,RTO_2025_07,Local resident,2025-02-28,57400
RTO,Dunedin RTO,RTO_2025_37,Domestic visitor,2025-02-28,239600
RTO,Dunedin RTO,RTO_2025_37,Total visitor,2025-02-28,334900
RTO,Dunedin RTO,RTO_2025_37,International visitor (short-stay),2025-02-28,89900
RTO,Dunedin RTO,RTO_2025_37,Total international visitor,2025-02-28,95300
RTO,Dunedin RTO,RTO_2025_37,Local resident,2025-02-28,131300
RTO,Fiordland RTO,RTO_2025_40,Domestic visitor,2025-02-28,70800
RTO,Fiordland RTO,RTO_2025_40,Total visitor,2025-02-28,186200
RTO,Fiordland RTO,RTO_2025_40,International visitor (short-stay),2025-02-28,112400
RTO,Fiordland RTO,RTO_2025_40,Local resident,2025-02-28,4560
RTO,Fiordland RTO,RTO_2025_40,Total international visitor,2025-02-28,115400
RTO,Gisborne RTO,RTO_2025_13,Domestic visitor,2025-02-28,132200
RTO,Gisborne RTO,RTO_2025_13,International visitor (short-stay),2025-02-28,24600
RTO,Gisborne RTO,RTO_2025_13,Total visitor,2025-02-28,159400
RTO,Gisborne RTO,RTO_2025_13,Local resident,2025-02-28,65600
RTO,Gisborne RTO,RTO_2025_13,Total international visitor,2025-02-28,27200
RTO,Hawke's Bay RTO,RTO_2025_14,Total visitor,2025-02-28,305600
RTO,Hawke's Bay RTO,RTO_2025_14,Local resident,2025-02-28,191500
RTO,Hawke's Bay RTO,RTO_2025_14,International visitor (short-stay),2025-02-28,66600
RTO,Hawke's Bay RTO,RTO_2025_14,Domestic visitor,2025-02-28,232800
RTO,Hawke's Bay RTO,RTO_2025_14,Total international visitor,2025-02-28,72800
RTO,Horowhenua,RTO_2025_22,Total visitor,2025-02-28,410800
RTO,Horowhenua,RTO_2025_22,International visitor (short-stay),2025-02-28,38200
RTO,Horowhenua,RTO_2025_22,Domestic visitor,2025-02-28,370300
RTO,Horowhenua,RTO_2025_22,Local resident,2025-02-28,41400
RTO,Horowhenua,RTO_2025_22,Total international visitor,2025-02-28,40500
RTO,Hurunui RTO,RTO_2025_28,Domestic visitor,2025-02-28,307500
RTO,Hurunui RTO,RTO_2025_28,Total visitor,2025-02-28,388500
RTO,Hurunui RTO,RTO_2025_28,Local resident,2025-02-28,14800
RTO,Hurunui RTO,RTO_2025_28,International visitor (short-stay),2025-02-28,76800
RTO,Hurunui RTO,RTO_2025_28,Total international visitor,2025-02-28,81000
RTO,Kaikōura RTO,RTO_2025_27,Total visitor,2025-02-28,210500
RTO,Kaikōura RTO,RTO_2025_27,Domestic visitor,2025-02-28,145000
RTO,Kaikōura RTO,RTO_2025_27,Total international visitor,2025-02-28,65500
RTO,Kaikōura RTO,RTO_2025_27,Local resident,2025-02-28,4490
RTO,Kaikōura RTO,RTO_2025_27,International visitor (short-stay),2025-02-28,62600
RTO,Mackenzie RTO,RTO_2025_31,Domestic visitor,2025-02-28,173200
RTO,Mackenzie RTO,RTO_2025_31,International visitor (short-stay),2025-02-28,131000
RTO,Mackenzie RTO,RTO_2025_31,Local resident,2025-02-28,5450
RTO,Mackenzie RTO,RTO_2025_31,Total visitor,2025-02-28,308500
RTO,Mackenzie RTO,RTO_2025_31,Total international visitor,2025-02-28,135300
RTO,Manawatū RTO,RTO_2025_19,Total visitor,2025-02-28,502900
RTO,Manawatū RTO,RTO_2025_19,Domestic visitor,2025-02-28,457300
RTO,Manawatū RTO,RTO_2025_19,International visitor (short-stay),2025-02-28,42500
RTO,Manawatū RTO,RTO_2025_19,Total international visitor,2025-02-28,45600
RTO,Manawatū RTO,RTO_2025_19,Local resident,2025-02-28,124700
RTO,Marlborough RTO,RTO_2025_24,Domestic visitor,2025-02-28,253400
RTO,Marlborough RTO,RTO_2025_24,Local resident,2025-02-28,53500
RTO,Marlborough RTO,RTO_2025_24,Total visitor,2025-02-28,362300
RTO,Marlborough RTO,RTO_2025_24,Total international visitor,2025-02-28,108900
RTO,Marlborough RTO,RTO_2025_24,International visitor (short-stay),2025-02-28,103000
RTO,Nelson Tasman RTO,RTO_2025_25,Total visitor,2025-02-28,242100
RTO,Nelson Tasman RTO,RTO_2025_25,Domestic visitor,2025-02-28,176500
RTO,Nelson Tasman RTO,RTO_2025_25,International visitor (short-stay),2025-02-28,61200
RTO,Nelson Tasman RTO,RTO_2025_25,Local resident,2025-02-28,121400
RTO,Nelson Tasman RTO,RTO_2025_25,Total international visitor,2025-02-28,65600
National,New Zealand,NZ_2025_01,Total international visitor,2025-02-28,611200
National,New Zealand,NZ_2025_01,International visitor (short-stay),2025-02-28,528700
National,New Zealand,NZ_2025_01,Local resident,2025-02-28,5158400
National,New Zealand,NZ_2025_01,Domestic visitor,2025-02-28,3809200
National,New Zealand,NZ_2025_01,Total visitor,2025-02-28,4420400
RTO,Northland RTO,RTO_2025_01,International visitor (short-stay),2025-02-28,75800
RTO,Northland RTO,RTO_2025_01,Local resident,2025-02-28,213700
RTO,Northland RTO,RTO_2025_01,Total visitor,2025-02-28,435700
RTO,Northland RTO,RTO_2025_01,Domestic visitor,2025-02-28,353200
RTO,Northland RTO,RTO_2025_01,Total international visitor,2025-02-28,82500
RTO,Ōtorohanga,RTO_2025_05,Local resident,2025-02-28,10300
RTO,Ōtorohanga,RTO_2025_05,International visitor (short-stay),2025-02-28,3660
RTO,Ōtorohanga,RTO_2025_05,Total visitor,2025-02-28,91700
RTO,Ōtorohanga,RTO_2025_05,Domestic visitor,2025-02-28,87700
RTO,Ōtorohanga,RTO_2025_05,Total international visitor,2025-02-28,4030
RTO,Queenstown RTO,RTO_2025_36,Total visitor,2025-02-28,381700
RTO,Queenstown RTO,RTO_2025_36,Local resident,2025-02-28,31600
RTO,Queenstown RTO,RTO_2025_36,Domestic visitor,2025-02-28,198100
RTO,Queenstown RTO,RTO_2025_36,International visitor (short-stay),2025-02-28,176900
RTO,Queenstown RTO,RTO_2025_36,Total international visitor,2025-02-28,183600
RTO,Rangitīkei,RTO_2025_18,Local resident,2025-02-28,17100
RTO,Rangitīkei,RTO_2025_18,Total visitor,2025-02-28,400300
RTO,Rangitīkei,RTO_2025_18,Total international visitor,2025-02-28,44300
RTO,Rangitīkei,RTO_2025_18,International visitor (short-stay),2025-02-28,42200
RTO,Rangitīkei,RTO_2025_18,Domestic visitor,2025-02-28,356000
RTO,Rotorua RTO,RTO_2025_11,Total visitor,2025-02-28,519700
RTO,Rotorua RTO,RTO_2025_11,Local resident,2025-02-28,76100
RTO,Rotorua RTO,RTO_2025_11,Domestic visitor,2025-02-28,401700
RTO,Rotorua RTO,RTO_2025_11,International visitor (short-stay),2025-02-28,113600
RTO,Rotorua RTO,RTO_2025_11,Total international visitor,2025-02-28,118000
RTO,Ruapehu RTO,RTO_2025_15,International visitor (short-stay),2025-02-28,61100
RTO,Ruapehu RTO,RTO_2025_15,Domestic visitor,2025-02-28,267600
RTO,Ruapehu RTO,RTO_2025_15,Total visitor,2025-02-28,331600
RTO,Ruapehu RTO,RTO_2025_15,Local resident,2025-02-28,13400
RTO,Ruapehu RTO,RTO_2025_15,Total international visitor,2025-02-28,64000
RTO,Southland RTO,RTO_2025_39,International visitor (short-stay),2025-02-28,137200
RTO,Southland RTO,RTO_2025_39,Domestic visitor,2025-02-28,192400
RTO,Southland RTO,RTO_2025_39,Local resident,2025-02-28,100400
RTO,Southland RTO,RTO_2025_39,Total visitor,2025-02-28,334900
RTO,Southland RTO,RTO_2025_39,Total international visitor,2025-02-28,142500
RTO,Taranaki RTO,RTO_2025_16,Total visitor,2025-02-28,228600
RTO,Taranaki RTO,RTO_2025_16,Domestic visitor,2025-02-28,199900
RTO,Taranaki RTO,RTO_2025_16,Local resident,2025-02-28,137000
RTO,Taranaki RTO,RTO_2025_16,International visitor (short-stay),2025-02-28,26000
RTO,Taranaki RTO,RTO_2025_16,Total international visitor,2025-02-28,28700
RTO,Tararua,RTO_2025_20,Total visitor,2025-02-28,271300
RTO,Tararua,RTO_2025_20,Total international visitor,2025-02-28,32000
RTO,Tararua,RTO_2025_20,Domestic visitor,2025-02-28,239300
RTO,Tararua,RTO_2025_20,International visitor (short-stay),2025-02-28,29800
RTO,Tararua,RTO_2025_20,Local resident,2025-02-28,20000
RTO,Taupō RTO,RTO_2025_12,International visitor (short-stay),2025-02-28,87200
RTO,Taupō RTO,RTO_2025_12,Domestic visitor,2025-02-28,370700
RTO,Taupō RTO,RTO_2025_12,Total visitor,2025-02-28,462100
RTO,Taupō RTO,RTO_2025_12,Local resident,2025-02-28,41900
RTO,Taupō RTO,RTO_2025_12,Total international visitor,2025-02-28,91400
RTO,Timaru RTO,RTO_2025_30,International visitor (short-stay),2025-02-28,96000
RTO,Timaru RTO,RTO_2025_30,Total visitor,2025-02-28,400800
RTO,Timaru RTO,RTO_2025_30,Domestic visitor,2025-02-28,300500
RTO,Timaru RTO,RTO_2025_30,Local resident,2025-02-28,50100
RTO,Timaru RTO,RTO_2025_30,Total international visitor,2025-02-28,100300
RTO,Waikato RTO,RTO_2025_03,Domestic visitor,2025-02-28,940900
RTO,Waikato RTO,RTO_2025_03,Total visitor,2025-02-28,1131300
RTO,Waikato RTO,RTO_2025_03,International visitor (short-stay),2025-02-28,175200
RTO,Waikato RTO,RTO_2025_03,Local resident,2025-02-28,387300
RTO,Waikato RTO,RTO_2025_03,Total international visitor,2025-02-28,190400
RTO,Waimate,RTO_2025_32,International visitor (short-stay),2025-02-28,56000
RTO,Waimate,RTO_2025_32,Domestic visitor,2025-02-28,215700
RTO,Waimate,RTO_2025_32,Total international visitor,2025-02-28,58700
RTO,Waimate,RTO_2025_32,Total visitor,2025-02-28,274400
RTO,Waimate,RTO_2025_32,Local resident,2025-02-28,9430
RTO,Wairarapa RTO,RTO_2025_21,International visitor (short-stay),2025-02-28,35600
RTO,Wairarapa RTO,RTO_2025_21,Domestic visitor,2025-02-28,180400
RTO,Wairarapa RTO,RTO_2025_21,Total visitor,2025-02-28,218800
RTO,Wairarapa RTO,RTO_2025_21,Local resident,2025-02-28,55800
RTO,Wairarapa RTO,RTO_2025_21,Total international visitor,2025-02-28,38400
RTO,Waitaki RTO,RTO_2025_33,Domestic visitor,2025-02-28,296000
RTO,Waitaki RTO,RTO_2025_33,Total international visitor,2025-02-28,139700
RTO,Waitaki RTO,RTO_2025_33,Total visitor,2025-02-28,435700
RTO,Waitaki RTO,RTO_2025_33,International visitor (short-stay),2025-02-28,134400
RTO,Waitaki RTO,RTO_2025_33,Local resident,2025-02-28,25600
RTO,Waitomo,RTO_2025_06,Total visitor,2025-02-28,80500
RTO,Waitomo,RTO_2025_06,Domestic visitor,2025-02-28,72700
RTO,Waitomo,RTO_2025_06,International visitor (short-stay),2025-02-28,7600
RTO,Waitomo,RTO_2025_06,Local resident,2025-02-28,9820
RTO,Waitomo,RTO_2025_06,Total international visitor,2025-02-28,7840
RTO,Wānaka RTO,RTO_2025_35,Total visitor,2025-02-28,276700
RTO,Wānaka RTO,RTO_2025_35,International visitor (short-stay),2025-02-28,120400
RTO,Wānaka RTO,RTO_2025_35,Local resident,2025-02-28,18600
RTO,Wānaka RTO,RTO_2025_35,Domestic visitor,2025-02-28,151800
RTO,Wānaka RTO,RTO_2025_35,Total international visitor,2025-02-28,124900
RTO,Wellington RTO,RTO_2025_23,International visitor (short-stay),2025-02-28,116900
RTO,Wellington RTO,RTO_2025_23,Total visitor,2025-02-28,663600
RTO,Wellington RTO,RTO_2025_23,Local resident,2025-02-28,475400
RTO,Wellington RTO,RTO_2025_23,Domestic visitor,2025-02-28,535800
RTO,Wellington RTO,RTO_2025_23,Total international visitor,2025-02-28,127800
RTO,West Coast RTO,RTO_2025_26,Total international visitor,2025-02-28,87300
RTO,West Coast RTO,RTO_2025_26,Domestic visitor,2025-02-28,154500
RTO,West Coast RTO,RTO_2025_26,Total visitor,2025-02-28,241800
RTO,West Coast RTO,RTO_2025_26,International visitor (short-stay),2025-02-28,84100
RTO,West Coast RTO,RTO_2025_26,Local resident,2025-02-28,36100
RTO,Whakatane,RTO_2025_09,Total international visitor,2025-02-28,8540
RTO,Whakatane,RTO_2025_09,Domestic visitor,2025-02-28,112400
RTO,Whakatane,RTO_2025_09,Total visitor,2025-02-28,120900
RTO,Whakatane,RTO_2025_09,Local resident,2025-02-28,38900
RTO,Whakatane,RTO_2025_09,International visitor (short-stay),2025-02-28,7750
RTO,Whanganui RTO,RTO_2025_17,Total visitor,2025-02-28,221500
RTO,Whanganui RTO,RTO_2025_17,Local resident,2025-02-28,51100
RTO,Whanganui RTO,RTO_2025_17,Domestic visitor,2025-02-28,203200
RTO,Whanganui RTO,RTO_2025_17,International visitor (short-stay),2025-02-28,17000
RTO,Whanganui RTO,RTO_2025_17,Total international visitor,2025-02-28,18300
RTO,Auckland RTO,RTO_2025_02,Local resident,2025-03-31,1816400
RTO,Auckland RTO,RTO_2025_02,Domestic visitor,2025-03-31,978500
RTO,Auckland RTO,RTO_2025_02,Total international visitor,2025-03-31,343300
RTO,Auckland RTO,RTO_2025_02,Total visitor,2025-03-31,1321800
RTO,Auckland RTO,RTO_2025_02,International visitor (short-stay),2025-03-31,297500
RTO,Canterbury RTO,RTO_2025_29,Total visitor,2025-03-31,701100
RTO,Canterbury RTO,RTO_2025_29,Domestic visitor,2025-03-31,522900
RTO,Canterbury RTO,RTO_2025_29,Total international visitor,2025-03-31,178200
RTO,Canterbury RTO,RTO_2025_29,International visitor (short-stay),2025-03-31,164800
RTO,Canterbury RTO,RTO_2025_29,Local resident,2025-03-31,608100
RTO,Central Otago RTO,RTO_2025_34,Local resident,2025-03-31,26900
RTO,Central Otago RTO,RTO_2025_34,Domestic visitor,2025-03-31,249800
RTO,Central Otago RTO,RTO_2025_34,Total international visitor,2025-03-31,126600
RTO,Central Otago RTO,RTO_2025_34,International visitor (short-stay),2025-03-31,121600
RTO,Central Otago RTO,RTO_2025_34,Total visitor,2025-03-31,376400
RTO,Clutha RTO,RTO_2025_38,Total visitor,2025-03-31,241800
RTO,Clutha RTO,RTO_2025_38,Local resident,2025-03-31,19300
RTO,Clutha RTO,RTO_2025_38,International visitor (short-stay),2025-03-31,44300
RTO,Clutha RTO,RTO_2025_38,Domestic visitor,2025-03-31,195000
RTO,Clutha RTO,RTO_2025_38,Total international visitor,2025-03-31,46800
RTO,Coastal Bay of Plenty RTO,RTO_2025_08,International visitor (short-stay),2025-03-31,67300
RTO,Coastal Bay of Plenty RTO,RTO_2025_08,Domestic visitor,2025-03-31,372300
RTO,Coastal Bay of Plenty RTO,RTO_2025_08,Total visitor,2025-03-31,447200
RTO,Coastal Bay of Plenty RTO,RTO_2025_08,Local resident,2025-03-31,230000
RTO,Coastal Bay of Plenty RTO,RTO_2025_08,Total international visitor,2025-03-31,74900
RTO,Coromandel RTO,RTO_2025_07,Local resident,2025-03-31,56800
RTO,Coromandel RTO,RTO_2025_07,Total international visitor,2025-03-31,82800
RTO,Coromandel RTO,RTO_2025_07,Domestic visitor,2025-03-31,420500
RTO,Coromandel RTO,RTO_2025_07,Total visitor,2025-03-31,503300
RTO,Coromandel RTO,RTO_2025_07,International visitor (short-stay),2025-03-31,76800
RTO,Dunedin RTO,RTO_2025_37,Total visitor,2025-03-31,307700
RTO,Dunedin RTO,RTO_2025_37,Local resident,2025-03-31,131900
RTO,Dunedin RTO,RTO_2025_37,Domestic visitor,2025-03-31,232900
RTO,Dunedin RTO,RTO_2025_37,International visitor (short-stay),2025-03-31,69700
RTO,Dunedin RTO,RTO_2025_37,Total international visitor,2025-03-31,74800
RTO,Fiordland RTO,RTO_2025_40,Domestic visitor,2025-03-31,71300
RTO,Fiordland RTO,RTO_2025_40,Total international visitor,2025-03-31,106700
RTO,Fiordland RTO,RTO_2025_40,International visitor (short-stay),2025-03-31,103800
RTO,Fiordland RTO,RTO_2025_40,Total visitor,2025-03-31,178000
RTO,Fiordland RTO,RTO_2025_40,Local resident,2025-03-31,4550
RTO,Gisborne RTO,RTO_2025_13,International visitor (short-stay),2025-03-31,19100
RTO,Gisborne RTO,RTO_2025_13,Total international visitor,2025-03-31,21700
RTO,Gisborne RTO,RTO_2025_13,Total visitor,2025-03-31,141300
RTO,Gisborne RTO,RTO_2025_13,Local resident,2025-03-31,64100
RTO,Gisborne RTO,RTO_2025_13,Domestic visitor,2025-03-31,119600
RTO,Hawke's Bay RTO,RTO_2025_14,Domestic visitor,2025-03-31,214900
RTO,Hawke's Bay RTO,RTO_2025_14,Total international visitor,2025-03-31,53400
RTO,Hawke's Bay RTO,RTO_2025_14,Local resident,2025-03-31,190300
RTO,Hawke's Bay RTO,RTO_2025_14,Total visitor,2025-03-31,268300
RTO,Hawke's Bay RTO,RTO_2025_14,International visitor (short-stay),2025-03-31,47500
RTO,Horowhenua,RTO_2025_22,Total visitor,2025-03-31,389400
RTO,Horowhenua,RTO_2025_22,Total international visitor,2025-03-31,38200
RTO,Horowhenua,RTO_2025_22,International visitor (short-stay),2025-03-31,36000
RTO,Horowhenua,RTO_2025_22,Local resident,2025-03-31,40500
RTO,Horowhenua,RTO_2025_22,Domestic visitor,2025-03-31,351200
RTO,Hurunui RTO,RTO_2025_28,Domestic visitor,2025-03-31,279300
RTO,Hurunui RTO,RTO_2025_28,International visitor (short-stay),2025-03-31,63100
RTO,Hurunui RTO,RTO_2025_28,Total visitor,2025-03-31,346400
RTO,Hurunui RTO,RTO_2025_28,Local resident,2025-03-31,14700
RTO,Hurunui RTO,RTO_2025_28,Total international visitor,2025-03-31,67100
RTO,Kaikōura RTO,RTO_2025_27,Total international visitor,2025-03-31,55400
RTO,Kaikōura RTO,RTO_2025_27,Total visitor,2025-03-31,185900
RTO,Kaikōura RTO,RTO_2025_27,Domestic visitor,2025-03-31,130500
RTO,Kaikōura RTO,RTO_2025_27,International visitor (short-stay),2025-03-31,52500
RTO,Kaikōura RTO,RTO_2025_27,Local resident,2025-03-31,4450
RTO,Mackenzie RTO,RTO_2025_31,Total visitor,2025-03-31,291100
RTO,Mackenzie RTO,RTO_2025_31,Total international visitor,2025-03-31,124100
RTO,Mackenzie RTO,RTO_2025_31,International visitor (short-stay),2025-03-31,120000
RTO,Mackenzie RTO,RTO_2025_31,Domestic visitor,2025-03-31,167000
RTO,Mackenzie RTO,RTO_2025_31,Local resident,2025-03-31,5420
RTO,Manawatū RTO,RTO_2025_19,International visitor (short-stay),2025-03-31,39300
RTO,Manawatū RTO,RTO_2025_19,Local resident,2025-03-31,125300
RTO,Manawatū RTO,RTO_2025_19,Domestic visitor,2025-03-31,447100
RTO,Manawatū RTO,RTO_2025_19,Total visitor,2025-03-31,489400
RTO,Manawatū RTO,RTO_2025_19,Total international visitor,2025-03-31,42300
RTO,Marlborough RTO,RTO_2025_24,Local resident,2025-03-31,53400
RTO,Marlborough RTO,RTO_2025_24,Domestic visitor,2025-03-31,223100
RTO,Marlborough RTO,RTO_2025_24,International visitor (short-stay),2025-03-31,80500
RTO,Marlborough RTO,RTO_2025_24,Total visitor,2025-03-31,309000
RTO,Marlborough RTO,RTO_2025_24,Total international visitor,2025-03-31,85900
RTO,Nelson Tasman RTO,RTO_2025_25,Total visitor,2025-03-31,216700
RTO,Nelson Tasman RTO,RTO_2025_25,Local resident,2025-03-31,120000
RTO,Nelson Tasman RTO,RTO_2025_25,Domestic visitor,2025-03-31,158100
RTO,Nelson Tasman RTO,RTO_2025_25,International visitor (short-stay),2025-03-31,53900
RTO,Nelson Tasman RTO,RTO_2025_25,Total international visitor,2025-03-31,58600
National,New Zealand,NZ_2025_01,Total international visitor,2025-03-31,564400
National,New Zealand,NZ_2025_01,Local resident,2025-03-31,5164900
National,New Zealand,NZ_2025_01,Domestic visitor,2025-03-31,3668500
National,New Zealand,NZ_2025_01,Total visitor,2025-03-31,4232900
National,New Zealand,NZ_2025_01,International visitor (short-stay),2025-03-31,480600
RTO,Northland RTO,RTO_2025_01,Domestic visitor,2025-03-31,321000
RTO,Northland RTO,RTO_2025_01,International visitor (short-stay),2025-03-31,68500
RTO,Northland RTO,RTO_2025_01,Local resident,2025-03-31,213300
RTO,Northland RTO,RTO_2025_01,Total visitor,2025-03-31,396300
RTO,Northland RTO,RTO_2025_01,Total international visitor,2025-03-31,75300
RTO,Ōtorohanga,RTO_2025_05,Total visitor,2025-03-31,96000
RTO,Ōtorohanga,RTO_2025_05,Domestic visitor,2025-03-31,92000
RTO,Ōtorohanga,RTO_2025_05,Local resident,2025-03-31,9970
RTO,Ōtorohanga,RTO_2025_05,International visitor (short-stay),2025-03-31,3740
RTO,Ōtorohanga,RTO_2025_05,Total international visitor,2025-03-31,4040
RTO,Queenstown RTO,RTO_2025_36,Local resident,2025-03-31,33200
RTO,Queenstown RTO,RTO_2025_36,Total visitor,2025-03-31,374700
RTO,Queenstown RTO,RTO_2025_36,Domestic visitor,2025-03-31,207400
RTO,Queenstown RTO,RTO_2025_36,International visitor (short-stay),2025-03-31,160700
RTO,Queenstown RTO,RTO_2025_36,Total international visitor,2025-03-31,167300
RTO,Rangitīkei,RTO_2025_18,Domestic visitor,2025-03-31,345600
RTO,Rangitīkei,RTO_2025_18,Total international visitor,2025-03-31,41100
RTO,Rangitīkei,RTO_2025_18,International visitor (short-stay),2025-03-31,39000
RTO,Rangitīkei,RTO_2025_18,Total visitor,2025-03-31,386700
RTO,Rangitīkei,RTO_2025_18,Local resident,2025-03-31,17200
RTO,Rotorua RTO,RTO_2025_11,Total international visitor,2025-03-31,105400
RTO,Rotorua RTO,RTO_2025_11,Total visitor,2025-03-31,502200
RTO,Rotorua RTO,RTO_2025_11,Domestic visitor,2025-03-31,396800
RTO,Rotorua RTO,RTO_2025_11,International visitor (short-stay),2025-03-31,101100
RTO,Rotorua RTO,RTO_2025_11,Local resident,2025-03-31,76100
RTO,Ruapehu RTO,RTO_2025_15,International visitor (short-stay),2025-03-31,53100
RTO,Ruapehu RTO,RTO_2025_15,Total international visitor,2025-03-31,55900
RTO,Ruapehu RTO,RTO_2025_15,Total visitor,2025-03-31,315900
RTO,Ruapehu RTO,RTO_2025_15,Domestic visitor,2025-03-31,260000
RTO,Ruapehu RTO,RTO_2025_15,Local resident,2025-03-31,13500
RTO,Southland RTO,RTO_2025_39,Total visitor,2025-03-31,316700
RTO,Southland RTO,RTO_2025_39,Local resident,2025-03-31,101400
RTO,Southland RTO,RTO_2025_39,Total international visitor,2025-03-31,125800
RTO,Southland RTO,RTO_2025_39,Domestic visitor,2025-03-31,190900
RTO,Southland RTO,RTO_2025_39,International visitor (short-stay),2025-03-31,120500
RTO,Taranaki RTO,RTO_2025_16,Total visitor,2025-03-31,223000
RTO,Taranaki RTO,RTO_2025_16,Domestic visitor,2025-03-31,193800
RTO,Taranaki RTO,RTO_2025_16,Total international visitor,2025-03-31,29200
RTO,Taranaki RTO,RTO_2025_16,Local resident,2025-03-31,134000
RTO,Taranaki RTO,RTO_2025_16,International visitor (short-stay),2025-03-31,26300
RTO,Tararua,RTO_2025_20,Total visitor,2025-03-31,258900
RTO,Tararua,RTO_2025_20,International visitor (short-stay),2025-03-31,22900
RTO,Tararua,RTO_2025_20,Local resident,2025-03-31,19600
RTO,Tararua,RTO_2025_20,Domestic visitor,2025-03-31,234000
RTO,Tararua,RTO_2025_20,Total international visitor,2025-03-31,24900
RTO,Taupō RTO,RTO_2025_12,Local resident,2025-03-31,41600
RTO,Taupō RTO,RTO_2025_12,Total international visitor,2025-03-31,82400
RTO,Taupō RTO,RTO_2025_12,Total visitor,2025-03-31,450100
RTO,Taupō RTO,RTO_2025_12,Domestic visitor,2025-03-31,367700
RTO,Taupō RTO,RTO_2025_12,International visitor (short-stay),2025-03-31,78100
RTO,Timaru RTO,RTO_2025_30,Total international visitor,2025-03-31,94400
RTO,Timaru RTO,RTO_2025_30,Total visitor,2025-03-31,380400
RTO,Timaru RTO,RTO_2025_30,Local resident,2025-03-31,49800
RTO,Timaru RTO,RTO_2025_30,International visitor (short-stay),2025-03-31,90300
RTO,Timaru RTO,RTO_2025_30,Domestic visitor,2025-03-31,286000
RTO,Waikato RTO,RTO_2025_03,Total visitor,2025-03-31,1103100
RTO,Waikato RTO,RTO_2025_03,Local resident,2025-03-31,388800
RTO,Waikato RTO,RTO_2025_03,Total international visitor,2025-03-31,181700
RTO,Waikato RTO,RTO_2025_03,International visitor (short-stay),2025-03-31,166300
RTO,Waikato RTO,RTO_2025_03,Domestic visitor,2025-03-31,921400
RTO,Waimate,RTO_2025_32,Domestic visitor,2025-03-31,202300
RTO,Waimate,RTO_2025_32,Total visitor,2025-03-31,252100
RTO,Waimate,RTO_2025_32,International visitor (short-stay),2025-03-31,47300
RTO,Waimate,RTO_2025_32,Local resident,2025-03-31,9250
RTO,Waimate,RTO_2025_32,Total international visitor,2025-03-31,49800
RTO,Wairarapa RTO,RTO_2025_21,Local resident,2025-03-31,54200
RTO,Wairarapa RTO,RTO_2025_21,Total international visitor,2025-03-31,27900
RTO,Wairarapa RTO,RTO_2025_21,Total visitor,2025-03-31,201800
RTO,Wairarapa RTO,RTO_2025_21,International visitor (short-stay),2025-03-31,25100
RTO,Wairarapa RTO,RTO_2025_21,Domestic visitor,2025-03-31,173900
RTO,Waitaki RTO,RTO_2025_33,Total visitor,2025-03-31,404100
RTO,Waitaki RTO,RTO_2025_33,Domestic visitor,2025-03-31,280700
RTO,Waitaki RTO,RTO_2025_33,International visitor (short-stay),2025-03-31,118300
RTO,Waitaki RTO,RTO_2025_33,Local resident,2025-03-31,25500
RTO,Waitaki RTO,RTO_2025_33,Total international visitor,2025-03-31,123400
RTO,Waitomo,RTO_2025_06,International visitor (short-stay),2025-03-31,6180
RTO,Waitomo,RTO_2025_06,Total visitor,2025-03-31,81200
RTO,Waitomo,RTO_2025_06,Domestic visitor,2025-03-31,74800
RTO,Waitomo,RTO_2025_06,Total international visitor,2025-03-31,6360
RTO,Waitomo,RTO_2025_06,Local resident,2025-03-31,9420
RTO,Wānaka RTO,RTO_2025_35,Total visitor,2025-03-31,272300
RTO,Wānaka RTO,RTO_2025_35,Domestic visitor,2025-03-31,159000
RTO,Wānaka RTO,RTO_2025_35,Local resident,2025-03-31,18600
RTO,Wānaka RTO,RTO_2025_35,International visitor (short-stay),2025-03-31,109000
RTO,Wānaka RTO,RTO_2025_35,Total international visitor,2025-03-31,113300
RTO,Wellington RTO,RTO_2025_23,Total visitor,2025-03-31,619900
RTO,Wellington RTO,RTO_2025_23,International visitor (short-stay),2025-03-31,95900
RTO,Wellington RTO,RTO_2025_23,Domestic visitor,2025-03-31,513700
RTO,Wellington RTO,RTO_2025_23,Local resident,2025-03-31,486000
RTO,Wellington RTO,RTO_2025_23,Total international visitor,2025-03-31,106200
RTO,West Coast RTO,RTO_2025_26,Local resident,2025-03-31,35900
RTO,West Coast RTO,RTO_2025_26,Total visitor,2025-03-31,218000
RTO,West Coast RTO,RTO_2025_26,International visitor (short-stay),2025-03-31,76400
RTO,West Coast RTO,RTO_2025_26,Domestic visitor,2025-03-31,138500
RTO,West Coast RTO,RTO_2025_26,Total international visitor,2025-03-31,79500
RTO,Whakatane,RTO_2025_09,International visitor (short-stay),2025-03-31,5680
RTO,Whakatane,RTO_2025_09,Domestic visitor,2025-03-31,106400
RTO,Whakatane,RTO_2025_09,Total international visitor,2025-03-31,6370
RTO,Whakatane,RTO_2025_09,Total visitor,2025-03-31,112800
RTO,Whakatane,RTO_2025_09,Local resident,2025-03-31,38200
RTO,Whanganui RTO,RTO_2025_17,Total international visitor,2025-03-31,16600
RTO,Whanganui RTO,RTO_2025_17,Total visitor,2025-03-31,210200
RTO,Whanganui RTO,RTO_2025_17,International visitor (short-stay),2025-03-31,15300
RTO,Whanganui RTO,RTO_2025_17,Domestic visitor,2025-03-31,193600
RTO,Whanganui RTO,RTO_2025_17,Local resident,2025-03-31,50000
RTO,Auckland RTO,RTO_2025_02,International visitor (short-stay),2025-04-30,219200
RTO,Auckland RTO,RTO_2025_02,Total visitor,2025-04-30,1183000
RTO,Auckland RTO,RTO_2025_02,Domestic visitor,2025-04-30,921200
RTO,Auckland RTO,RTO_2025_02,Local resident,2025-04-30,1780300
RTO,Auckland RTO,RTO_2025_02,Total international visitor,2025-04-30,261800
RTO,Canterbury RTO,RTO_2025_29,Domestic visitor,2025-04-30,505400
RTO,Canterbury RTO,RTO_2025_29,Total international visitor,2025-04-30,130500
RTO,Canterbury RTO,RTO_2025_29,Total visitor,2025-04-30,635900
RTO,Canterbury RTO,RTO_2025_29,International visitor (short-stay),2025-04-30,119200
RTO,Canterbury RTO,RTO_2025_29,Local resident,2025-04-30,598700
RTO,Central Otago RTO,RTO_2025_34,Total visitor,2025-04-30,390600
RTO,Central Otago RTO,RTO_2025_34,Domestic visitor,2025-04-30,279600
RTO,Central Otago RTO,RTO_2025_34,International visitor (short-stay),2025-04-30,105900
RTO,Central Otago RTO,RTO_2025_34,Local resident,2025-04-30,27100
RTO,Central Otago RTO,RTO_2025_34,Total international visitor,2025-04-30,111000
RTO,Clutha RTO,RTO_2025_38,Domestic visitor,2025-04-30,207000
RTO,Clutha RTO,RTO_2025_38,Local resident,2025-04-30,18900
RTO,Clutha RTO,RTO_2025_38,Total visitor,2025-04-30,238300
RTO,Clutha RTO,RTO_2025_38,International visitor (short-stay),2025-04-30,29100
RTO,Clutha RTO,RTO_2025_38,Total international visitor,2025-04-30,31300
RTO,Coastal Bay of Plenty RTO,RTO_2025_08,Local resident,2025-04-30,228700
RTO,Coastal Bay of Plenty RTO,RTO_2025_08,Total international visitor,2025-04-30,44600
RTO,Coastal Bay of Plenty RTO,RTO_2025_08,Total visitor,2025-04-30,411800
RTO,Coastal Bay of Plenty RTO,RTO_2025_08,Domestic visitor,2025-04-30,367200
RTO,Coastal Bay of Plenty RTO,RTO_2025_08,International visitor (short-stay),2025-04-30,37500
RTO,Coromandel RTO,RTO_2025_07,International visitor (short-stay),2025-04-30,43200
RTO,Coromandel RTO,RTO_2025_07,Total international visitor,2025-04-30,48300
RTO,Coromandel RTO,RTO_2025_07,Local resident,2025-04-30,56900
RTO,Coromandel RTO,RTO_2025_07,Domestic visitor,2025-04-30,376500
RTO,Coromandel RTO,RTO_2025_07,Total visitor,2025-04-30,424800
RTO,Dunedin RTO,RTO_2025_37,Local resident,2025-04-30,131400
RTO,Dunedin RTO,RTO_2025_37,Total international visitor,2025-04-30,44500
RTO,Dunedin RTO,RTO_2025_37,Total visitor,2025-04-30,272400
RTO,Dunedin RTO,RTO_2025_37,International visitor (short-stay),2025-04-30,40700
RTO,Dunedin RTO,RTO_2025_37,Domestic visitor,2025-04-30,227900
RTO,Fiordland RTO,RTO_2025_40,Total visitor,2025-04-30,154300
RTO,Fiordland RTO,RTO_2025_40,International visitor (short-stay),2025-04-30,79900
RTO,Fiordland RTO,RTO_2025_40,Domestic visitor,2025-04-30,71800
RTO,Fiordland RTO,RTO_2025_40,Total international visitor,2025-04-30,82500
RTO,Fiordland RTO,RTO_2025_40,Local resident,2025-04-30,4600
RTO,Gisborne RTO,RTO_2025_13,Local resident,2025-04-30,63400
RTO,Gisborne RTO,RTO_2025_13,Total visitor,2025-04-30,130200
RTO,Gisborne RTO,RTO_2025_13,International visitor (short-stay),2025-04-30,9530
RTO,Gisborne RTO,RTO_2025_13,Domestic visitor,2025-04-30,118900
RTO,Gisborne RTO,RTO_2025_13,Total international visitor,2025-04-30,11300
RTO,Hawke's Bay RTO,RTO_2025_14,Local resident,2025-04-30,187000
RTO,Hawke's Bay RTO,RTO_2025_14,Total visitor,2025-04-30,231200
RTO,Hawke's Bay RTO,RTO_2025_14,International visitor (short-stay),2025-04-30,19800
RTO,Hawke's Bay RTO,RTO_2025_14,Total international visitor,2025-04-30,24200
RTO,Hawke's Bay RTO,RTO_2025_14,Domestic visitor,2025-04-30,207000
RTO,Horowhenua,RTO_2025_22,Total international visitor,2025-04-30,24200
RTO,Horowhenua,RTO_2025_22,Total visitor,2025-04-30,397500
RTO,Horowhenua,RTO_2025_22,Domestic visitor,2025-04-30,373300
RTO,Horowhenua,RTO_2025_22,International visitor (short-stay),2025-04-30,21800
RTO,Horowhenua,RTO_2025_22,Local resident,2025-04-30,40200
RTO,Hurunui RTO,RTO_2025_28,Total visitor,2025-04-30,334200
RTO,Hurunui RTO,RTO_2025_28,International visitor (short-stay),2025-04-30,41700
RTO,Hurunui RTO,RTO_2025_28,Total international visitor,2025-04-30,45200
RTO,Hurunui RTO,RTO_2025_28,Local resident,2025-04-30,15000
RTO,Hurunui RTO,RTO_2025_28,Domestic visitor,2025-04-30,289000
RTO,Kaikōura RTO,RTO_2025_27,Total visitor,2025-04-30,169700
RTO,Kaikōura RTO,RTO_2025_27,Total international visitor,2025-04-30,35100
RTO,Kaikōura RTO,RTO_2025_27,Local resident,2025-04-30,4460
RTO,Kaikōura RTO,RTO_2025_27,International visitor (short-stay),2025-04-30,32600
RTO,Kaikōura RTO,RTO_2025_27,Domestic visitor,2025-04-30,134600
RTO,Mackenzie RTO,RTO_2025_31,Domestic visitor,2025-04-30,184400
RTO,Mackenzie RTO,RTO_2025_31,Total visitor,2025-04-30,294200
RTO,Mackenzie RTO,RTO_2025_31,International visitor (short-stay),2025-04-30,105800
RTO,Mackenzie RTO,RTO_2025_31,Total international visitor,2025-04-30,109800
RTO,Mackenzie RTO,RTO_2025_31,Local resident,2025-04-30,5500
RTO,Manawatū RTO,RTO_2025_19,Domestic visitor,2025-04-30,465100
RTO,Manawatū RTO,RTO_2025_19,Total visitor,2025-04-30,493100
RTO,Manawatū RTO,RTO_2025_19,Local resident,2025-04-30,122600
RTO,Manawatū RTO,RTO_2025_19,International visitor (short-stay),2025-04-30,24700
RTO,Manawatū RTO,RTO_2025_19,Total international visitor,2025-04-30,28000
RTO,Marlborough RTO,RTO_2025_24,Total international visitor,2025-04-30,47900
RTO,Marlborough RTO,RTO_2025_24,International visitor (short-stay),2025-04-30,43500
RTO,Marlborough RTO,RTO_2025_24,Local resident,2025-04-30,53700
RTO,Marlborough RTO,RTO_2025_24,Domestic visitor,2025-04-30,215500
RTO,Marlborough RTO,RTO_2025_24,Total visitor,2025-04-30,263400
RTO,Nelson Tasman RTO,RTO_2025_25,International visitor (short-stay),2025-04-30,29100
RTO,Nelson Tasman RTO,RTO_2025_25,Local resident,2025-04-30,117800
RTO,Nelson Tasman RTO,RTO_2025_25,Total international visitor,2025-04-30,33100
RTO,Nelson Tasman RTO,RTO_2025_25,Total visitor,2025-04-30,185800
RTO,Nelson Tasman RTO,RTO_2025_25,Domestic visitor,2025-04-30,152700
National,New Zealand,NZ_2025_01,Total visitor,2025-04-30,4079300
National,New Zealand,NZ_2025_01,Total international visitor,2025-04-30,456100
National,New Zealand,NZ_2025_01,Domestic visitor,2025-04-30,3623200
National,New Zealand,NZ_2025_01,Local resident,2025-04-30,5159800
National,New Zealand,NZ_2025_01,International visitor (short-stay),2025-04-30,377700
RTO,Northland RTO,RTO_2025_01,International visitor (short-stay),2025-04-30,37200
RTO,Northland RTO,RTO_2025_01,Domestic visitor,2025-04-30,296600
RTO,Northland RTO,RTO_2025_01,Local resident,2025-04-30,213300
RTO,Northland RTO,RTO_2025_01,Total visitor,2025-04-30,339600
RTO,Northland RTO,RTO_2025_01,Total international visitor,2025-04-30,43000
RTO,Ōtorohanga,RTO_2025_05,Total international visitor,2025-04-30,3290
RTO,Ōtorohanga,RTO_2025_05,Total visitor,2025-04-30,100200
RTO,Ōtorohanga,RTO_2025_05,Domestic visitor,2025-04-30,96900
RTO,Ōtorohanga,RTO_2025_05,Local resident,2025-04-30,11200
RTO,Ōtorohanga,RTO_2025_05,International visitor (short-stay),2025-04-30,3090
RTO,Queenstown RTO,RTO_2025_36,Total visitor,2025-04-30,369500
RTO,Queenstown RTO,RTO_2025_36,Total international visitor,2025-04-30,146200
RTO,Queenstown RTO,RTO_2025_36,International visitor (short-stay),2025-04-30,139300
RTO,Queenstown RTO,RTO_2025_36,Local resident,2025-04-30,34300
RTO,Queenstown RTO,RTO_2025_36,Domestic visitor,2025-04-30,223300
RTO,Rangitīkei,RTO_2025_18,Total visitor,2025-04-30,399200
RTO,Rangitīkei,RTO_2025_18,International visitor (short-stay),2025-04-30,24800
RTO,Rangitīkei,RTO_2025_18,Domestic visitor,2025-04-30,371800
RTO,Rangitīkei,RTO_2025_18,Total international visitor,2025-04-30,27400
RTO,Rangitīkei,RTO_2025_18,Local resident,2025-04-30,15800
RTO,Rotorua RTO,RTO_2025_11,Total visitor,2025-04-30,499700
RTO,Rotorua RTO,RTO_2025_11,International visitor (short-stay),2025-04-30,74000
RTO,Rotorua RTO,RTO_2025_11,Local resident,2025-04-30,78300
RTO,Rotorua RTO,RTO_2025_11,Domestic visitor,2025-04-30,420300
RTO,Rotorua RTO,RTO_2025_11,Total international visitor,2025-04-30,79400
RTO,Ruapehu RTO,RTO_2025_15,Total international visitor,2025-04-30,34400
RTO,Ruapehu RTO,RTO_2025_15,Total visitor,2025-04-30,318100
RTO,Ruapehu RTO,RTO_2025_15,Local resident,2025-04-30,14000
RTO,Ruapehu RTO,RTO_2025_15,International visitor (short-stay),2025-04-30,31600
RTO,Ruapehu RTO,RTO_2025_15,Domestic visitor,2025-04-30,283700
RTO,Southland RTO,RTO_2025_39,Domestic visitor,2025-04-30,187000
RTO,Southland RTO,RTO_2025_39,Total visitor,2025-04-30,279900
RTO,Southland RTO,RTO_2025_39,Local resident,2025-04-30,99400
RTO,Southland RTO,RTO_2025_39,Total international visitor,2025-04-30,92900
RTO,Southland RTO,RTO_2025_39,International visitor (short-stay),2025-04-30,88700
RTO,Taranaki RTO,RTO_2025_16,Total international visitor,2025-04-30,20900
RTO,Taranaki RTO,RTO_2025_16,Total visitor,2025-04-30,205600
RTO,Taranaki RTO,RTO_2025_16,Local resident,2025-04-30,131000
RTO,Taranaki RTO,RTO_2025_16,International visitor (short-stay),2025-04-30,18000
RTO,Taranaki RTO,RTO_2025_16,Domestic visitor,2025-04-30,184700
RTO,Tararua,RTO_2025_20,Total visitor,2025-04-30,247800
RTO,Tararua,RTO_2025_20,Total international visitor,2025-04-30,13700
RTO,Tararua,RTO_2025_20,Local resident,2025-04-30,18700
RTO,Tararua,RTO_2025_20,Domestic visitor,2025-04-30,234100
RTO,Tararua,RTO_2025_20,International visitor (short-stay),2025-04-30,12000
RTO,Taupō RTO,RTO_2025_12,Total visitor,2025-04-30,482600
RTO,Taupō RTO,RTO_2025_12,Total international visitor,2025-04-30,61700
RTO,Taupō RTO,RTO_2025_12,Domestic visitor,2025-04-30,420900
RTO,Taupō RTO,RTO_2025_12,International visitor (short-stay),2025-04-30,56300
RTO,Taupō RTO,RTO_2025_12,Local resident,2025-04-30,43100
RTO,Timaru RTO,RTO_2025_30,Local resident,2025-04-30,47700
RTO,Timaru RTO,RTO_2025_30,Total visitor,2025-04-30,382700
RTO,Timaru RTO,RTO_2025_30,Total international visitor,2025-04-30,76100
RTO,Timaru RTO,RTO_2025_30,Domestic visitor,2025-04-30,306600
RTO,Timaru RTO,RTO_2025_30,International visitor (short-stay),2025-04-30,72400
RTO,Waikato RTO,RTO_2025_03,Total international visitor,2025-04-30,140300
RTO,Waikato RTO,RTO_2025_03,Total visitor,2025-04-30,1047800
RTO,Waikato RTO,RTO_2025_03,International visitor (short-stay),2025-04-30,124300
RTO,Waikato RTO,RTO_2025_03,Local resident,2025-04-30,384200
RTO,Waikato RTO,RTO_2025_03,Domestic visitor,2025-04-30,907500
RTO,Waimate,RTO_2025_32,International visitor (short-stay),2025-04-30,35900
RTO,Waimate,RTO_2025_32,Total visitor,2025-04-30,255000
RTO,Waimate,RTO_2025_32,Local resident,2025-04-30,8560
RTO,Waimate,RTO_2025_32,Domestic visitor,2025-04-30,216800
RTO,Waimate,RTO_2025_32,Total international visitor,2025-04-30,38200
RTO,Wairarapa RTO,RTO_2025_21,Local resident,2025-04-30,54000
RTO,Wairarapa RTO,RTO_2025_21,Total international visitor,2025-04-30,14800
RTO,Wairarapa RTO,RTO_2025_21,International visitor (short-stay),2025-04-30,12800
RTO,Wairarapa RTO,RTO_2025_21,Total visitor,2025-04-30,176600
RTO,Wairarapa RTO,RTO_2025_21,Domestic visitor,2025-04-30,161800
RTO,Waitaki RTO,RTO_2025_33,Total visitor,2025-04-30,412000
RTO,Waitaki RTO,RTO_2025_33,Domestic visitor,2025-04-30,305300
RTO,Waitaki RTO,RTO_2025_33,International visitor (short-stay),2025-04-30,102100
RTO,Waitaki RTO,RTO_2025_33,Local resident,2025-04-30,25500
RTO,Waitaki RTO,RTO_2025_33,Total international visitor,2025-04-30,106700
RTO,Waitomo,RTO_2025_06,Total visitor,2025-04-30,87300
RTO,Waitomo,RTO_2025_06,Domestic visitor,2025-04-30,82500
RTO,Waitomo,RTO_2025_06,International visitor (short-stay),2025-04-30,4550
RTO,Waitomo,RTO_2025_06,Local resident,2025-04-30,10200
RTO,Waitomo,RTO_2025_06,Total international visitor,2025-04-30,4760
RTO,Wānaka RTO,RTO_2025_35,International visitor (short-stay),2025-04-30,94500
RTO,Wānaka RTO,RTO_2025_35,Total visitor,2025-04-30,278600
RTO,Wānaka RTO,RTO_2025_35,Local resident,2025-04-30,19100
RTO,Wānaka RTO,RTO_2025_35,Total international visitor,2025-04-30,98700
RTO,Wānaka RTO,RTO_2025_35,Domestic visitor,2025-04-30,179900
RTO,Wellington RTO,RTO_2025_23,Domestic visitor,2025-04-30,484000
RTO,Wellington RTO,RTO_2025_23,Local resident,2025-04-30,483600
RTO,Wellington RTO,RTO_2025_23,International visitor (short-stay),2025-04-30,56400
RTO,Wellington RTO,RTO_2025_23,Total visitor,2025-04-30,549400
RTO,Wellington RTO,RTO_2025_23,Total international visitor,2025-04-30,65400
RTO,West Coast RTO,RTO_2025_26,International visitor (short-stay),2025-04-30,53800
RTO,West Coast RTO,RTO_2025_26,Total international visitor,2025-04-30,56700
RTO,West Coast RTO,RTO_2025_26,Local resident,2025-04-30,36000
RTO,West Coast RTO,RTO_2025_26,Domestic visitor,2025-04-30,145500
RTO,West Coast RTO,RTO_2025_26,Total visitor,2025-04-30,202200
RTO,Whakatane,RTO_2025_09,International visitor (short-stay),2025-04-30,4030
RTO,Whakatane,RTO_2025_09,Total international visitor,2025-04-30,4760
RTO,Whakatane,RTO_2025_09,Domestic visitor,2025-04-30,109100
RTO,Whakatane,RTO_2025_09,Total visitor,2025-04-30,113900
RTO,Whakatane,RTO_2025_09,Local resident,2025-04-30,39900
RTO,Whanganui RTO,RTO_2025_17,Total visitor,2025-04-30,199800
RTO,Whanganui RTO,RTO_2025_17,Domestic visitor,2025-04-30,189600
RTO,Whanganui RTO,RTO_2025_17,International visitor (short-stay),2025-04-30,8790
RTO,Whanganui RTO,RTO_2025_17,Total international visitor,2025-04-30,10200
RTO,Whanganui RTO,RTO_2025_17,Local resident,2025-04-30,50200
RTO,Auckland RTO,RTO_2025_02,International visitor (short-stay),2025-05-31,164400
RTO,Auckland RTO,RTO_2025_02,Total international visitor,2025-05-31,205500
RTO,Auckland RTO,RTO_2025_02,Local resident,2025-05-31,1843100
RTO,Auckland RTO,RTO_2025_02,Total visitor,2025-05-31,1123300
RTO,Auckland RTO,RTO_2025_02,Domestic visitor,2025-05-31,917800
RTO,Canterbury RTO,RTO_2025_29,Domestic visitor,2025-05-31,486400
RTO,Canterbury RTO,RTO_2025_29,Total visitor,2025-05-31,572300
RTO,Canterbury RTO,RTO_2025_29,Local resident,2025-05-31,615500
RTO,Canterbury RTO,RTO_2025_29,Total international visitor,2025-05-31,85900
RTO,Canterbury RTO,RTO_2025_29,International visitor (short-stay),2025-05-31,75600
RTO,Central Otago RTO,RTO_2025_34,Total visitor,2025-05-31,255800
RTO,Central Otago RTO,RTO_2025_34,International visitor (short-stay),2025-05-31,60600
RTO,Central Otago RTO,RTO_2025_34,Local resident,2025-05-31,23800
RTO,Central Otago RTO,RTO_2025_34,Domestic visitor,2025-05-31,191900
RTO,Central Otago RTO,RTO_2025_34,Total international visitor,2025-05-31,63900
RTO,Clutha RTO,RTO_2025_38,Total visitor,2025-05-31,191200
RTO,Clutha RTO,RTO_2025_38,Local resident,2025-05-31,18600
RTO,Clutha RTO,RTO_2025_38,International visitor (short-stay),2025-05-31,16300
RTO,Clutha RTO,RTO_2025_38,Domestic visitor,2025-05-31,173400
RTO,Clutha RTO,RTO_2025_38,Total international visitor,2025-05-31,17800
RTO,Coastal Bay of Plenty RTO,RTO_2025_08,Domestic visitor,2025-05-31,334200
RTO,Coastal Bay of Plenty RTO,RTO_2025_08,Local resident,2025-05-31,221200
RTO,Coastal Bay of Plenty RTO,RTO_2025_08,Total visitor,2025-05-31,363900
RTO,Coastal Bay of Plenty RTO,RTO_2025_08,International visitor (short-stay),2025-05-31,23800
RTO,Coastal Bay of Plenty RTO,RTO_2025_08,Total international visitor,2025-05-31,29700
RTO,Coromandel RTO,RTO_2025_07,Total visitor,2025-05-31,362700
RTO,Coromandel RTO,RTO_2025_07,International visitor (short-stay),2025-05-31,23000
RTO,Coromandel RTO,RTO_2025_07,Local resident,2025-05-31,49200
RTO,Coromandel RTO,RTO_2025_07,Total international visitor,2025-05-31,27100
RTO,Coromandel RTO,RTO_2025_07,Domestic visitor,2025-05-31,335600
RTO,Dunedin RTO,RTO_2025_37,International visitor (short-stay),2025-05-31,22200
RTO,Dunedin RTO,RTO_2025_37,Total visitor,2025-05-31,240700
RTO,Dunedin RTO,RTO_2025_37,Local resident,2025-05-31,137100
RTO,Dunedin RTO,RTO_2025_37,Total international visitor,2025-05-31,25200
RTO,Dunedin RTO,RTO_2025_37,Domestic visitor,2025-05-31,215500
RTO,Fiordland RTO,RTO_2025_40,International visitor (short-stay),2025-05-31,43200
RTO,Fiordland RTO,RTO_2025_40,Domestic visitor,2025-05-31,44600
RTO,Fiordland RTO,RTO_2025_40,Total international visitor,2025-05-31,44500
RTO,Fiordland RTO,RTO_2025_40,Total visitor,2025-05-31,89100
RTO,Fiordland RTO,RTO_2025_40,Local resident,2025-05-31,3760
RTO,Gisborne RTO,RTO_2025_13,International visitor (short-stay),2025-05-31,5660
RTO,Gisborne RTO,RTO_2025_13,Domestic visitor,2025-05-31,108800
RTO,Gisborne RTO,RTO_2025_13,Total visitor,2025-05-31,116100
RTO,Gisborne RTO,RTO_2025_13,Local resident,2025-05-31,60500
RTO,Gisborne RTO,RTO_2025_13,Total international visitor,2025-05-31,7250
RTO,Hawke's Bay RTO,RTO_2025_14,Local resident,2025-05-31,181800
RTO,Hawke's Bay RTO,RTO_2025_14,Domestic visitor,2025-05-31,199000
RTO,Hawke's Bay RTO,RTO_2025_14,Total visitor,2025-05-31,214600
RTO,Hawke's Bay RTO,RTO_2025_14,Total international visitor,2025-05-31,15600
RTO,Hawke's Bay RTO,RTO_2025_14,International visitor (short-stay),2025-05-31,11700
RTO,Horowhenua,RTO_2025_22,Total visitor,2025-05-31,331000
RTO,Horowhenua,RTO_2025_22,Local resident,2025-05-31,39400
RTO,Horowhenua,RTO_2025_22,Domestic visitor,2025-05-31,317200
RTO,Horowhenua,RTO_2025_22,International visitor (short-stay),2025-05-31,12000
RTO,Horowhenua,RTO_2025_22,Total international visitor,2025-05-31,13800
RTO,Hurunui RTO,RTO_2025_28,Domestic visitor,2025-05-31,232800
RTO,Hurunui RTO,RTO_2025_28,International visitor (short-stay),2025-05-31,22900
RTO,Hurunui RTO,RTO_2025_28,Total international visitor,2025-05-31,25300
RTO,Hurunui RTO,RTO_2025_28,Total visitor,2025-05-31,258100
RTO,Hurunui RTO,RTO_2025_28,Local resident,2025-05-31,13900
RTO,Kaikōura RTO,RTO_2025_27,Total visitor,2025-05-31,118300
RTO,Kaikōura RTO,RTO_2025_27,Domestic visitor,2025-05-31,99400
RTO,Kaikōura RTO,RTO_2025_27,Total international visitor,2025-05-31,18900
RTO,Kaikōura RTO,RTO_2025_27,Local resident,2025-05-31,3980
RTO,Kaikōura RTO,RTO_2025_27,International visitor (short-stay),2025-05-31,17200
RTO,Mackenzie RTO,RTO_2025_31,International visitor (short-stay),2025-05-31,63900
RTO,Mackenzie RTO,RTO_2025_31,Total visitor,2025-05-31,188400
RTO,Mackenzie RTO,RTO_2025_31,Domestic visitor,2025-05-31,121600
RTO,Mackenzie RTO,RTO_2025_31,Local resident,2025-05-31,4900
RTO,Mackenzie RTO,RTO_2025_31,Total international visitor,2025-05-31,66800
RTO,Manawatū RTO,RTO_2025_19,Local resident,2025-05-31,126600
RTO,Manawatū RTO,RTO_2025_19,Total visitor,2025-05-31,430800
RTO,Manawatū RTO,RTO_2025_19,Total international visitor,2025-05-31,16800
RTO,Manawatū RTO,RTO_2025_19,Domestic visitor,2025-05-31,414000
RTO,Manawatū RTO,RTO_2025_19,International visitor (short-stay),2025-05-31,14100
RTO,Marlborough RTO,RTO_2025_24,Total visitor,2025-05-31,190100
RTO,Marlborough RTO,RTO_2025_24,Domestic visitor,2025-05-31,165800
RTO,Marlborough RTO,RTO_2025_24,International visitor (short-stay),2025-05-31,20900
RTO,Marlborough RTO,RTO_2025_24,Local resident,2025-05-31,49200
RTO,Marlborough RTO,RTO_2025_24,Total international visitor,2025-05-31,24300
RTO,Nelson Tasman RTO,RTO_2025_25,Total visitor,2025-05-31,148000
RTO,Nelson Tasman RTO,RTO_2025_25,Total international visitor,2025-05-31,17900
RTO,Nelson Tasman RTO,RTO_2025_25,International visitor (short-stay),2025-05-31,14700
RTO,Nelson Tasman RTO,RTO_2025_25,Local resident,2025-05-31,109700
RTO,Nelson Tasman RTO,RTO_2025_25,Domestic visitor,2025-05-31,130100
National,New Zealand,NZ_2025_01,Total international visitor,2025-05-31,343400
National,New Zealand,NZ_2025_01,Total visitor,2025-05-31,3874200
National,New Zealand,NZ_2025_01,Local resident,2025-05-31,5133400
National,New Zealand,NZ_2025_01,International visitor (short-stay),2025-05-31,268500
National,New Zealand,NZ_2025_01,Domestic visitor,2025-05-31,3530800
RTO,Northland RTO,RTO_2025_01,International visitor (short-stay),2025-05-31,23100
RTO,Northland RTO,RTO_2025_01,Total visitor,2025-05-31,313900
RTO,Northland RTO,RTO_2025_01,Domestic visitor,2025-05-31,286200
RTO,Northland RTO,RTO_2025_01,Local resident,2025-05-31,196600
RTO,Northland RTO,RTO_2025_01,Total international visitor,2025-05-31,27700
RTO,Ōtorohanga,RTO_2025_05,International visitor (short-stay),2025-05-31,3530
RTO,Ōtorohanga,RTO_2025_05,Local resident,2025-05-31,9540
RTO,Ōtorohanga,RTO_2025_05,Total visitor,2025-05-31,78500
RTO,Ōtorohanga,RTO_2025_05,Domestic visitor,2025-05-31,74900
RTO,Ōtorohanga,RTO_2025_05,Total international visitor,2025-05-31,3640
RTO,Queenstown RTO,RTO_2025_36,Total visitor,2025-05-31,248500
RTO,Queenstown RTO,RTO_2025_36,Local resident,2025-05-31,30800
RTO,Queenstown RTO,RTO_2025_36,Domestic visitor,2025-05-31,161600
RTO,Queenstown RTO,RTO_2025_36,Total international visitor,2025-05-31,86900
RTO,Queenstown RTO,RTO_2025_36,International visitor (short-stay),2025-05-31,82200
RTO,Rangitīkei,RTO_2025_18,Total visitor,2025-05-31,323300
RTO,Rangitīkei,RTO_2025_18,Local resident,2025-05-31,15900
RTO,Rangitīkei,RTO_2025_18,International visitor (short-stay),2025-05-31,12800
RTO,Rangitīkei,RTO_2025_18,Total international visitor,2025-05-31,14500
RTO,Rangitīkei,RTO_2025_18,Domestic visitor,2025-05-31,308800
RTO,Rotorua RTO,RTO_2025_11,International visitor (short-stay),2025-05-31,43700
RTO,Rotorua RTO,RTO_2025_11,Domestic visitor,2025-05-31,381000
RTO,Rotorua RTO,RTO_2025_11,Total international visitor,2025-05-31,48000
RTO,Rotorua RTO,RTO_2025_11,Total visitor,2025-05-31,429000
RTO,Rotorua RTO,RTO_2025_11,Local resident,2025-05-31,75700
RTO,Ruapehu RTO,RTO_2025_15,Total visitor,2025-05-31,234400
RTO,Ruapehu RTO,RTO_2025_15,Domestic visitor,2025-05-31,217000
RTO,Ruapehu RTO,RTO_2025_15,Local resident,2025-05-31,11800
RTO,Ruapehu RTO,RTO_2025_15,International visitor (short-stay),2025-05-31,15400
RTO,Ruapehu RTO,RTO_2025_15,Total international visitor,2025-05-31,17400
RTO,Southland RTO,RTO_2025_39,Local resident,2025-05-31,97700
RTO,Southland RTO,RTO_2025_39,Total international visitor,2025-05-31,51300
RTO,Southland RTO,RTO_2025_39,Total visitor,2025-05-31,208800
RTO,Southland RTO,RTO_2025_39,Domestic visitor,2025-05-31,157500
RTO,Southland RTO,RTO_2025_39,International visitor (short-stay),2025-05-31,48600
RTO,Taranaki RTO,RTO_2025_16,Total visitor,2025-05-31,192600
RTO,Taranaki RTO,RTO_2025_16,Local resident,2025-05-31,127000
RTO,Taranaki RTO,RTO_2025_16,Domestic visitor,2025-05-31,178200
RTO,Taranaki RTO,RTO_2025_16,International visitor (short-stay),2025-05-31,12000
RTO,Taranaki RTO,RTO_2025_16,Total international visitor,2025-05-31,14400
RTO,Tararua,RTO_2025_20,Domestic visitor,2025-05-31,210300
RTO,Tararua,RTO_2025_20,Total visitor,2025-05-31,218200
RTO,Tararua,RTO_2025_20,Local resident,2025-05-31,19200
RTO,Tararua,RTO_2025_20,International visitor (short-stay),2025-05-31,6530
RTO,Tararua,RTO_2025_20,Total international visitor,2025-05-31,7900
RTO,Taupō RTO,RTO_2025_12,International visitor (short-stay),2025-05-31,29600
RTO,Taupō RTO,RTO_2025_12,Local resident,2025-05-31,39100
RTO,Taupō RTO,RTO_2025_12,Total international visitor,2025-05-31,33400
RTO,Taupō RTO,RTO_2025_12,Total visitor,2025-05-31,378600
RTO,Taupō RTO,RTO_2025_12,Domestic visitor,2025-05-31,345200
RTO,Timaru RTO,RTO_2025_30,Total visitor,2025-05-31,298100
RTO,Timaru RTO,RTO_2025_30,International visitor (short-stay),2025-05-31,44400
RTO,Timaru RTO,RTO_2025_30,Local resident,2025-05-31,47400
RTO,Timaru RTO,RTO_2025_30,Total international visitor,2025-05-31,47100
RTO,Timaru RTO,RTO_2025_30,Domestic visitor,2025-05-31,251000
RTO,Waikato RTO,RTO_2025_03,Total visitor,2025-05-31,939900
RTO,Waikato RTO,RTO_2025_03,Total international visitor,2025-05-31,95400
RTO,Waikato RTO,RTO_2025_03,Local resident,2025-05-31,386400
RTO,Waikato RTO,RTO_2025_03,International visitor (short-stay),2025-05-31,81600
RTO,Waikato RTO,RTO_2025_03,Domestic visitor,2025-05-31,844500
RTO,Waimate,RTO_2025_32,International visitor (short-stay),2025-05-31,20000
RTO,Waimate,RTO_2025_32,Local resident,2025-05-31,8080
RTO,Waimate,RTO_2025_32,Total visitor,2025-05-31,197700
RTO,Waimate,RTO_2025_32,Domestic visitor,2025-05-31,176200
RTO,Waimate,RTO_2025_32,Total international visitor,2025-05-31,21500
RTO,Wairarapa RTO,RTO_2025_21,Domestic visitor,2025-05-31,139100
RTO,Wairarapa RTO,RTO_2025_21,Total visitor,2025-05-31,147900
RTO,Wairarapa RTO,RTO_2025_21,Local resident,2025-05-31,50400
RTO,Wairarapa RTO,RTO_2025_21,International visitor (short-stay),2025-05-31,7240
RTO,Wairarapa RTO,RTO_2025_21,Total international visitor,2025-05-31,8810
RTO,Waitaki RTO,RTO_2025_33,Domestic visitor,2025-05-31,229500
RTO,Waitaki RTO,RTO_2025_33,Local resident,2025-05-31,23400
RTO,Waitaki RTO,RTO_2025_33,Total international visitor,2025-05-31,62400
RTO,Waitaki RTO,RTO_2025_33,Total visitor,2025-05-31,291900
RTO,Waitaki RTO,RTO_2025_33,International visitor (short-stay),2025-05-31,59300
RTO,Waitomo,RTO_2025_06,Local resident,2025-05-31,9970
RTO,Waitomo,RTO_2025_06,International visitor (short-stay),2025-05-31,3030
RTO,Waitomo,RTO_2025_06,Domestic visitor,2025-05-31,66600
RTO,Waitomo,RTO_2025_06,Total international visitor,2025-05-31,3310
RTO,Waitomo,RTO_2025_06,Total visitor,2025-05-31,69900
RTO,Wānaka RTO,RTO_2025_35,International visitor (short-stay),2025-05-31,52000
RTO,Wānaka RTO,RTO_2025_35,Total international visitor,2025-05-31,54600
RTO,Wānaka RTO,RTO_2025_35,Domestic visitor,2025-05-31,99900
RTO,Wānaka RTO,RTO_2025_35,Local resident,2025-05-31,14500
RTO,Wānaka RTO,RTO_2025_35,Total visitor,2025-05-31,154500
RTO,Wellington RTO,RTO_2025_23,Local resident,2025-05-31,501100
RTO,Wellington RTO,RTO_2025_23,Total visitor,2025-05-31,497500
RTO,Wellington RTO,RTO_2025_23,International visitor (short-stay),2025-05-31,34200
RTO,Wellington RTO,RTO_2025_23,Domestic visitor,2025-05-31,454800
RTO,Wellington RTO,RTO_2025_23,Total international visitor,2025-05-31,42700
RTO,West Coast RTO,RTO_2025_26,Domestic visitor,2025-05-31,100000
RTO,West Coast RTO,RTO_2025_26,Local resident,2025-05-31,31900
RTO,West Coast RTO,RTO_2025_26,International visitor (short-stay),2025-05-31,25400
RTO,West Coast RTO,RTO_2025_26,Total international visitor,2025-05-31,27200
RTO,West Coast RTO,RTO_2025_26,Total visitor,2025-05-31,127200
RTO,Whakatane,RTO_2025_09,Local resident,2025-05-31,39100
RTO,Whakatane,RTO_2025_09,Total international visitor,2025-05-31,3410
RTO,Whakatane,RTO_2025_09,International visitor (short-stay),2025-05-31,2720
RTO,Whakatane,RTO_2025_09,Total visitor,2025-05-31,105600
RTO,Whakatane,RTO_2025_09,Domestic visitor,2025-05-31,102200
RTO,Whanganui RTO,RTO_2025_17,Local resident,2025-05-31,49400
RTO,Whanganui RTO,RTO_2025_17,Total international visitor,2025-05-31,5680
RTO,Whanganui RTO,RTO_2025_17,International visitor (short-stay),2025-05-31,4640
RTO,Whanganui RTO,RTO_2025_17,Total visitor,2025-05-31,174300
RTO,Whanganui RTO,RTO_2025_17,Domestic visitor,2025-05-31,168600
RTO,Auckland RTO,RTO_2025_02,Domestic visitor,2025-06-30,887500
RTO,Auckland RTO,RTO_2025_02,International visitor (short-stay),2025-06-30,142000
RTO,Auckland RTO,RTO_2025_02,Total visitor,2025-06-30,1067600
RTO,Auckland RTO,RTO_2025_02,Local resident,2025-06-30,1822300
RTO,Auckland RTO,RTO_2025_02,Total international visitor,2025-06-30,180100
RTO,Canterbury RTO,RTO_2025_29,Local resident,2025-06-30,609600
RTO,Canterbury RTO,RTO_2025_29,Total visitor,2025-06-30,510400
RTO,Canterbury RTO,RTO_2025_29,Domestic visitor,2025-06-30,446000
RTO,Canterbury RTO,RTO_2025_29,International visitor (short-stay),2025-06-30,55300
RTO,Canterbury RTO,RTO_2025_29,Total international visitor,2025-06-30,64400
RTO,Central Otago RTO,RTO_2025_34,Total visitor,2025-06-30,233300
RTO,Central Otago RTO,RTO_2025_34,International visitor (short-stay),2025-06-30,46800
RTO,Central Otago RTO,RTO_2025_34,Domestic visitor,2025-06-30,183600
RTO,Central Otago RTO,RTO_2025_34,Local resident,2025-06-30,22700
RTO,Central Otago RTO,RTO_2025_34,Total international visitor,2025-06-30,49700
RTO,Clutha RTO,RTO_2025_38,Total visitor,2025-06-30,166000
RTO,Clutha RTO,RTO_2025_38,International visitor (short-stay),2025-06-30,9020
RTO,Clutha RTO,RTO_2025_38,Total international visitor,2025-06-30,10200
RTO,Clutha RTO,RTO_2025_38,Local resident,2025-06-30,18200
RTO,Clutha RTO,RTO_2025_38,Domestic visitor,2025-06-30,155800
RTO,Coastal Bay of Plenty RTO,RTO_2025_08,International visitor (short-stay),2025-06-30,18100
RTO,Coastal Bay of Plenty RTO,RTO_2025_08,Domestic visitor,2025-06-30,322500
RTO,Coastal Bay of Plenty RTO,RTO_2025_08,Total international visitor,2025-06-30,23800
RTO,Coastal Bay of Plenty RTO,RTO_2025_08,Total visitor,2025-06-30,346300
RTO,Coastal Bay of Plenty RTO,RTO_2025_08,Local resident,2025-06-30,224000
RTO,Coromandel RTO,RTO_2025_07,Total visitor,2025-06-30,360300
RTO,Coromandel RTO,RTO_2025_07,International visitor (short-stay),2025-06-30,19400
RTO,Coromandel RTO,RTO_2025_07,Local resident,2025-06-30,49600
RTO,Coromandel RTO,RTO_2025_07,Total international visitor,2025-06-30,23100
RTO,Coromandel RTO,RTO_2025_07,Domestic visitor,2025-06-30,337200
RTO,Dunedin RTO,RTO_2025_37,International visitor (short-stay),2025-06-30,13600
RTO,Dunedin RTO,RTO_2025_37,Local resident,2025-06-30,132400
RTO,Dunedin RTO,RTO_2025_37,Total international visitor,2025-06-30,16100
RTO,Dunedin RTO,RTO_2025_37,Domestic visitor,2025-06-30,185100
RTO,Dunedin RTO,RTO_2025_37,Total visitor,2025-06-30,201200
RTO,Fiordland RTO,RTO_2025_40,Total visitor,2025-06-30,65400
RTO,Fiordland RTO,RTO_2025_40,Domestic visitor,2025-06-30,35500
RTO,Fiordland RTO,RTO_2025_40,International visitor (short-stay),2025-06-30,28800
RTO,Fiordland RTO,RTO_2025_40,Local resident,2025-06-30,3490
RTO,Fiordland RTO,RTO_2025_40,Total international visitor,2025-06-30,29900
RTO,Gisborne RTO,RTO_2025_13,Local resident,2025-06-30,60900
RTO,Gisborne RTO,RTO_2025_13,International visitor (short-stay),2025-06-30,4850
RTO,Gisborne RTO,RTO_2025_13,Total international visitor,2025-06-30,6550
RTO,Gisborne RTO,RTO_2025_13,Total visitor,2025-06-30,110600
RTO,Gisborne RTO,RTO_2025_13,Domestic visitor,2025-06-30,104000
RTO,Hawke's Bay RTO,RTO_2025_14,International visitor (short-stay),2025-06-30,9460
RTO,Hawke's Bay RTO,RTO_2025_14,Domestic visitor,2025-06-30,186300
RTO,Hawke's Bay RTO,RTO_2025_14,Total international visitor,2025-06-30,12700
RTO,Hawke's Bay RTO,RTO_2025_14,Total visitor,2025-06-30,199000
RTO,Hawke's Bay RTO,RTO_2025_14,Local resident,2025-06-30,179200
RTO,Horowhenua,RTO_2025_22,Domestic visitor,2025-06-30,313100
RTO,Horowhenua,RTO_2025_22,Local resident,2025-06-30,38600
RTO,Horowhenua,RTO_2025_22,Total international visitor,2025-06-30,10700
RTO,Horowhenua,RTO_2025_22,Total visitor,2025-06-30,323800
RTO,Horowhenua,RTO_2025_22,International visitor (short-stay),2025-06-30,9110
RTO,Hurunui RTO,RTO_2025_28,Total visitor,2025-06-30,247000
RTO,Hurunui RTO,RTO_2025_28,Local resident,2025-06-30,14300
RTO,Hurunui RTO,RTO_2025_28,International visitor (short-stay),2025-06-30,16300
RTO,Hurunui RTO,RTO_2025_28,Domestic visitor,2025-06-30,228400
RTO,Hurunui RTO,RTO_2025_28,Total international visitor,2025-06-30,18600
RTO,Kaikōura RTO,RTO_2025_27,Total visitor,2025-06-30,114200
RTO,Kaikōura RTO,RTO_2025_27,International visitor (short-stay),2025-06-30,11800
RTO,Kaikōura RTO,RTO_2025_27,Domestic visitor,2025-06-30,100900
RTO,Kaikōura RTO,RTO_2025_27,Local resident,2025-06-30,4100
RTO,Kaikōura RTO,RTO_2025_27,Total international visitor,2025-06-30,13300
RTO,Mackenzie RTO,RTO_2025_31,International visitor (short-stay),2025-06-30,41200
RTO,Mackenzie RTO,RTO_2025_31,Domestic visitor,2025-06-30,115700
RTO,Mackenzie RTO,RTO_2025_31,Local resident,2025-06-30,4860
RTO,Mackenzie RTO,RTO_2025_31,Total visitor,2025-06-30,159400
RTO,Mackenzie RTO,RTO_2025_31,Total international visitor,2025-06-30,43700
RTO,Manawatū RTO,RTO_2025_19,Total visitor,2025-06-30,430600
RTO,Manawatū RTO,RTO_2025_19,Domestic visitor,2025-06-30,417300
RTO,Manawatū RTO,RTO_2025_19,Local resident,2025-06-30,126500
RTO,Manawatū RTO,RTO_2025_19,Total international visitor,2025-06-30,13300
RTO,Manawatū RTO,RTO_2025_19,International visitor (short-stay),2025-06-30,10800
RTO,Marlborough RTO,RTO_2025_24,Domestic visitor,2025-06-30,160200
RTO,Marlborough RTO,RTO_2025_24,International visitor (short-stay),2025-06-30,14900
RTO,Marlborough RTO,RTO_2025_24,Local resident,2025-06-30,49100
RTO,Marlborough RTO,RTO_2025_24,Total international visitor,2025-06-30,18000
RTO,Marlborough RTO,RTO_2025_24,Total visitor,2025-06-30,178200
RTO,Nelson Tasman RTO,RTO_2025_25,Total visitor,2025-06-30,129800
RTO,Nelson Tasman RTO,RTO_2025_25,Local resident,2025-06-30,108900
RTO,Nelson Tasman RTO,RTO_2025_25,Total international visitor,2025-06-30,12500
RTO,Nelson Tasman RTO,RTO_2025_25,Domestic visitor,2025-06-30,117300
RTO,Nelson Tasman RTO,RTO_2025_25,International visitor (short-stay),2025-06-30,9950
National,New Zealand,NZ_2025_01,Total visitor,2025-06-30,3737500
National,New Zealand,NZ_2025_01,International visitor (short-stay),2025-06-30,239300
National,New Zealand,NZ_2025_01,Local resident,2025-06-30,5112500
National,New Zealand,NZ_2025_01,Domestic visitor,2025-06-30,3429500
National,New Zealand,NZ_2025_01,Total international visitor,2025-06-30,308000
RTO,Northland RTO,RTO_2025_01,Local resident,2025-06-30,197900
RTO,Northland RTO,RTO_2025_01,Domestic visitor,2025-06-30,279600
RTO,Northland RTO,RTO_2025_01,Total visitor,2025-06-30,302800
RTO,Northland RTO,RTO_2025_01,International visitor (short-stay),2025-06-30,18600
RTO,Northland RTO,RTO_2025_01,Total international visitor,2025-06-30,23200
RTO,Ōtorohanga,RTO_2025_05,Domestic visitor,2025-06-30,97300
RTO,Ōtorohanga,RTO_2025_05,International visitor (short-stay),2025-06-30,4190
RTO,Ōtorohanga,RTO_2025_05,Local resident,2025-06-30,9570
RTO,Ōtorohanga,RTO_2025_05,Total visitor,2025-06-30,101700
RTO,Ōtorohanga,RTO_2025_05,Total international visitor,2025-06-30,4440
RTO,Queenstown RTO,RTO_2025_36,Local resident,2025-06-30,34200
RTO,Queenstown RTO,RTO_2025_36,Domestic visitor,2025-06-30,157000
RTO,Queenstown RTO,RTO_2025_36,Total international visitor,2025-06-30,70100
RTO,Queenstown RTO,RTO_2025_36,Total visitor,2025-06-30,227100
RTO,Queenstown RTO,RTO_2025_36,International visitor (short-stay),2025-06-30,65400
RTO,Rangitīkei,RTO_2025_18,International visitor (short-stay),2025-06-30,9720
RTO,Rangitīkei,RTO_2025_18,Local resident,2025-06-30,15800
RTO,Rangitīkei,RTO_2025_18,Total international visitor,2025-06-30,11400
RTO,Rangitīkei,RTO_2025_18,Total visitor,2025-06-30,325500
RTO,Rangitīkei,RTO_2025_18,Domestic visitor,2025-06-30,314100
RTO,Rotorua RTO,RTO_2025_11,International visitor (short-stay),2025-06-30,33600
RTO,Rotorua RTO,RTO_2025_11,Total visitor,2025-06-30,415100
RTO,Rotorua RTO,RTO_2025_11,Local resident,2025-06-30,79000
RTO,Rotorua RTO,RTO_2025_11,Domestic visitor,2025-06-30,377500
RTO,Rotorua RTO,RTO_2025_11,Total international visitor,2025-06-30,37600
RTO,Ruapehu RTO,RTO_2025_15,Total visitor,2025-06-30,251300
RTO,Ruapehu RTO,RTO_2025_15,Total international visitor,2025-06-30,15100
RTO,Ruapehu RTO,RTO_2025_15,Local resident,2025-06-30,13700
RTO,Ruapehu RTO,RTO_2025_15,Domestic visitor,2025-06-30,236200
RTO,Ruapehu RTO,RTO_2025_15,International visitor (short-stay),2025-06-30,13000
RTO,Southland RTO,RTO_2025_39,Total international visitor,2025-06-30,34900
RTO,Southland RTO,RTO_2025_39,Local resident,2025-06-30,94400
RTO,Southland RTO,RTO_2025_39,International visitor (short-stay),2025-06-30,32600
RTO,Southland RTO,RTO_2025_39,Total visitor,2025-06-30,172300
RTO,Southland RTO,RTO_2025_39,Domestic visitor,2025-06-30,137400
RTO,Taranaki RTO,RTO_2025_16,Total visitor,2025-06-30,181600
RTO,Taranaki RTO,RTO_2025_16,Domestic visitor,2025-06-30,170400
RTO,Taranaki RTO,RTO_2025_16,International visitor (short-stay),2025-06-30,8990
RTO,Taranaki RTO,RTO_2025_16,Local resident,2025-06-30,129300
RTO,Taranaki RTO,RTO_2025_16,Total international visitor,2025-06-30,11200
RTO,Tararua,RTO_2025_20,Local resident,2025-06-30,18700
RTO,Tararua,RTO_2025_20,Total international visitor,2025-06-30,6530
RTO,Tararua,RTO_2025_20,Total visitor,2025-06-30,243400
RTO,Tararua,RTO_2025_20,Domestic visitor,2025-06-30,236900
RTO,Tararua,RTO_2025_20,International visitor (short-stay),2025-06-30,5270
RTO,Taupō RTO,RTO_2025_12,Total international visitor,2025-06-30,27500
RTO,Taupō RTO,RTO_2025_12,Local resident,2025-06-30,41400
RTO,Taupō RTO,RTO_2025_12,Domestic visitor,2025-06-30,347300
RTO,Taupō RTO,RTO_2025_12,Total visitor,2025-06-30,374800
RTO,Taupō RTO,RTO_2025_12,International visitor (short-stay),2025-06-30,23800
RTO,Timaru RTO,RTO_2025_30,Total visitor,2025-06-30,271000
RTO,Timaru RTO,RTO_2025_30,Total international visitor,2025-06-30,32600
RTO,Timaru RTO,RTO_2025_30,Domestic visitor,2025-06-30,238400
RTO,Timaru RTO,RTO_2025_30,Local resident,2025-06-30,47800
RTO,Timaru RTO,RTO_2025_30,International visitor (short-stay),2025-06-30,30200
RTO,Waikato RTO,RTO_2025_03,International visitor (short-stay),2025-06-30,66300
RTO,Waikato RTO,RTO_2025_03,Domestic visitor,2025-06-30,839700
RTO,Waikato RTO,RTO_2025_03,Local resident,2025-06-30,388000
RTO,Waikato RTO,RTO_2025_03,Total international visitor,2025-06-30,79500
RTO,Waikato RTO,RTO_2025_03,Total visitor,2025-06-30,919200
RTO,Waimate,RTO_2025_32,Total visitor,2025-06-30,178500
RTO,Waimate,RTO_2025_32,Local resident,2025-06-30,7570
RTO,Waimate,RTO_2025_32,Total international visitor,2025-06-30,14500
RTO,Waimate,RTO_2025_32,Domestic visitor,2025-06-30,164000
RTO,Waimate,RTO_2025_32,International visitor (short-stay),2025-06-30,13100
RTO,Wairarapa RTO,RTO_2025_21,Domestic visitor,2025-06-30,134000
RTO,Wairarapa RTO,RTO_2025_21,Total visitor,2025-06-30,141100
RTO,Wairarapa RTO,RTO_2025_21,International visitor (short-stay),2025-06-30,5620
RTO,Wairarapa RTO,RTO_2025_21,Local resident,2025-06-30,51300
RTO,Wairarapa RTO,RTO_2025_21,Total international visitor,2025-06-30,7080
RTO,Waitaki RTO,RTO_2025_33,Total visitor,2025-06-30,251100
RTO,Waitaki RTO,RTO_2025_33,Local resident,2025-06-30,22700
RTO,Waitaki RTO,RTO_2025_33,Total international visitor,2025-06-30,42000
RTO,Waitaki RTO,RTO_2025_33,International visitor (short-stay),2025-06-30,39300
RTO,Waitaki RTO,RTO_2025_33,Domestic visitor,2025-06-30,209100
RTO,Waitomo,RTO_2025_06,International visitor (short-stay),2025-06-30,3070
RTO,Waitomo,RTO_2025_06,Domestic visitor,2025-06-30,74400
RTO,Waitomo,RTO_2025_06,Total visitor,2025-06-30,77700
RTO,Waitomo,RTO_2025_06,Local resident,2025-06-30,10000
RTO,Waitomo,RTO_2025_06,Total international visitor,2025-06-30,3330
RTO,Wānaka RTO,RTO_2025_35,Total visitor,2025-06-30,130800
RTO,Wānaka RTO,RTO_2025_35,Total international visitor,2025-06-30,39000
RTO,Wānaka RTO,RTO_2025_35,Local resident,2025-06-30,14900
RTO,Wānaka RTO,RTO_2025_35,International visitor (short-stay),2025-06-30,36800
RTO,Wānaka RTO,RTO_2025_35,Domestic visitor,2025-06-30,91800
RTO,Wellington RTO,RTO_2025_23,Local resident,2025-06-30,496700
RTO,Wellington RTO,RTO_2025_23,Total international visitor,2025-06-30,35200
RTO,Wellington RTO,RTO_2025_23,Total visitor,2025-06-30,465900
RTO,Wellington RTO,RTO_2025_23,International visitor (short-stay),2025-06-30,27800
RTO,Wellington RTO,RTO_2025_23,Domestic visitor,2025-06-30,430700
RTO,West Coast RTO,RTO_2025_26,Domestic visitor,2025-06-30,86100
RTO,West Coast RTO,RTO_2025_26,Total visitor,2025-06-30,101700
RTO,West Coast RTO,RTO_2025_26,International visitor (short-stay),2025-06-30,14400
RTO,West Coast RTO,RTO_2025_26,Local resident,2025-06-30,31200
RTO,West Coast RTO,RTO_2025_26,Total international visitor,2025-06-30,15600
RTO,Whakatane,RTO_2025_09,Total visitor,2025-06-30,108800
RTO,Whakatane,RTO_2025_09,Local resident,2025-06-30,40200
RTO,Whakatane,RTO_2025_09,International visitor (short-stay),2025-06-30,2920
RTO,Whakatane,RTO_2025_09,Domestic visitor,2025-06-30,105100
RTO,Whakatane,RTO_2025_09,Total international visitor,2025-06-30,3650
RTO,Whanganui RTO,RTO_2025_17,Domestic visitor,2025-06-30,163000
RTO,Whanganui RTO,RTO_2025_17,Total international visitor,2025-06-30,4100
RTO,Whanganui RTO,RTO_2025_17,Total visitor,2025-06-30,167100
RTO,Whanganui RTO,RTO_2025_17,International visitor (short-stay),2025-06-30,3150
RTO,Whanganui RTO,RTO_2025_17,Local resident,2025-06-30,49000
RTO,Auckland RTO,RTO_2025_02,Total visitor,2025-07-31,1030800
RTO,Auckland RTO,RTO_2025_02,International visitor (short-stay),2025-07-31,175000
RTO,Auckland RTO,RTO_2025_02,Local resident,2025-07-31,1849500
RTO,Auckland RTO,RTO_2025_02,Domestic visitor,2025-07-31,818700
RTO,Auckland RTO,RTO_2025_02,Total international visitor,2025-07-31,212100
RTO,Canterbury RTO,RTO_2025_29,Domestic visitor,2025-07-31,412300
RTO,Canterbury RTO,RTO_2025_29,Total international visitor,2025-07-31,83100
RTO,Canterbury RTO,RTO_2025_29,Total visitor,2025-07-31,495400
RTO,Canterbury RTO,RTO_2025_29,Local resident,2025-07-31,627300
RTO,Canterbury RTO,RTO_2025_29,International visitor (short-stay),2025-07-31,73900
RTO,Central Otago RTO,RTO_2025_34,International visitor (short-stay),2025-07-31,77100
RTO,Central Otago RTO,RTO_2025_34,Domestic visitor,2025-07-31,191100
RTO,Central Otago RTO,RTO_2025_34,Total international visitor,2025-07-31,80700
RTO,Central Otago RTO,RTO_2025_34,Total visitor,2025-07-31,271800
RTO,Central Otago RTO,RTO_2025_34,Local resident,2025-07-31,24500
RTO,Clutha RTO,RTO_2025_38,Total visitor,2025-07-31,173100
RTO,Clutha RTO,RTO_2025_38,Domestic visitor,2025-07-31,157200
RTO,Clutha RTO,RTO_2025_38,International visitor (short-stay),2025-07-31,14400
RTO,Clutha RTO,RTO_2025_38,Total international visitor,2025-07-31,15900
RTO,Clutha RTO,RTO_2025_38,Local resident,2025-07-31,17700
RTO,Coastal Bay of Plenty RTO,RTO_2025_08,Local resident,2025-07-31,216000
RTO,Coastal Bay of Plenty RTO,RTO_2025_08,Total visitor,2025-07-31,321700
RTO,Coastal Bay of Plenty RTO,RTO_2025_08,Domestic visitor,2025-07-31,295000
RTO,Coastal Bay of Plenty RTO,RTO_2025_08,Total international visitor,2025-07-31,26700
RTO,Coastal Bay of Plenty RTO,RTO_2025_08,International visitor (short-stay),2025-07-31,21900
RTO,Coromandel RTO,RTO_2025_07,International visitor (short-stay),2025-07-31,21400
RTO,Coromandel RTO,RTO_2025_07,Total visitor,2025-07-31,316600
RTO,Coromandel RTO,RTO_2025_07,Total international visitor,2025-07-31,24500
RTO,Coromandel RTO,RTO_2025_07,Domestic visitor,2025-07-31,292100
RTO,Coromandel RTO,RTO_2025_07,Local resident,2025-07-31,44800
RTO,Dunedin RTO,RTO_2025_37,Domestic visitor,2025-07-31,187400
RTO,Dunedin RTO,RTO_2025_37,Local resident,2025-07-31,136100
RTO,Dunedin RTO,RTO_2025_37,Total international visitor,2025-07-31,23700
RTO,Dunedin RTO,RTO_2025_37,Total visitor,2025-07-31,211100
RTO,Dunedin RTO,RTO_2025_37,International visitor (short-stay),2025-07-31,20900
RTO,Fiordland RTO,RTO_2025_40,Domestic visitor,2025-07-31,36700
RTO,Fiordland RTO,RTO_2025_40,Total international visitor,2025-07-31,38000
RTO,Fiordland RTO,RTO_2025_40,Total visitor,2025-07-31,74700
RTO,Fiordland RTO,RTO_2025_40,Local resident,2025-07-31,3320
RTO,Fiordland RTO,RTO_2025_40,International visitor (short-stay),2025-07-31,37000
RTO,Gisborne RTO,RTO_2025_13,Total visitor,2025-07-31,101000
RTO,Gisborne RTO,RTO_2025_13,Local resident,2025-07-31,58500
RTO,Gisborne RTO,RTO_2025_13,Domestic visitor,2025-07-31,94000
RTO,Gisborne RTO,RTO_2025_13,International visitor (short-stay),2025-07-31,5480
RTO,Gisborne RTO,RTO_2025_13,Total international visitor,2025-07-31,7010
RTO,Hawke's Bay RTO,RTO_2025_14,Total visitor,2025-07-31,178600
RTO,Hawke's Bay RTO,RTO_2025_14,Local resident,2025-07-31,173900
RTO,Hawke's Bay RTO,RTO_2025_14,International visitor (short-stay),2025-07-31,11300
RTO,Hawke's Bay RTO,RTO_2025_14,Total international visitor,2025-07-31,14100
RTO,Hawke's Bay RTO,RTO_2025_14,Domestic visitor,2025-07-31,164500
RTO,Horowhenua,RTO_2025_22,Total visitor,2025-07-31,313900
RTO,Horowhenua,RTO_2025_22,Domestic visitor,2025-07-31,300300
RTO,Horowhenua,RTO_2025_22,International visitor (short-stay),2025-07-31,12000
RTO,Horowhenua,RTO_2025_22,Total international visitor,2025-07-31,13600
RTO,Horowhenua,RTO_2025_22,Local resident,2025-07-31,37600
RTO,Hurunui RTO,RTO_2025_28,Domestic visitor,2025-07-31,215500
RTO,Hurunui RTO,RTO_2025_28,International visitor (short-stay),2025-07-31,21700
RTO,Hurunui RTO,RTO_2025_28,Local resident,2025-07-31,14200
RTO,Hurunui RTO,RTO_2025_28,Total international visitor,2025-07-31,23900
RTO,Hurunui RTO,RTO_2025_28,Total visitor,2025-07-31,239400
RTO,Kaikōura RTO,RTO_2025_27,Total visitor,2025-07-31,110000
RTO,Kaikōura RTO,RTO_2025_27,Local resident,2025-07-31,3650
RTO,Kaikōura RTO,RTO_2025_27,International visitor (short-stay),2025-07-31,15800
RTO,Kaikōura RTO,RTO_2025_27,Domestic visitor,2025-07-31,92700
RTO,Kaikōura RTO,RTO_2025_27,Total international visitor,2025-07-31,17300
RTO,Mackenzie RTO,RTO_2025_31,Total visitor,2025-07-31,172000
RTO,Mackenzie RTO,RTO_2025_31,Local resident,2025-07-31,4930
RTO,Mackenzie RTO,RTO_2025_31,Total international visitor,2025-07-31,59300
RTO,Mackenzie RTO,RTO_2025_31,Domestic visitor,2025-07-31,112700
RTO,Mackenzie RTO,RTO_2025_31,International visitor (short-stay),2025-07-31,56800
RTO,Manawatū RTO,RTO_2025_19,International visitor (short-stay),2025-07-31,14400
RTO,Manawatū RTO,RTO_2025_19,Local resident,2025-07-31,124400
RTO,Manawatū RTO,RTO_2025_19,Domestic visitor,2025-07-31,388500
RTO,Manawatū RTO,RTO_2025_19,Total visitor,2025-07-31,405300
RTO,Manawatū RTO,RTO_2025_19,Total international visitor,2025-07-31,16800
RTO,Marlborough RTO,RTO_2025_24,Domestic visitor,2025-07-31,147900
RTO,Marlborough RTO,RTO_2025_24,Local resident,2025-07-31,46900
RTO,Marlborough RTO,RTO_2025_24,Total international visitor,2025-07-31,20600
RTO,Marlborough RTO,RTO_2025_24,International visitor (short-stay),2025-07-31,17800
RTO,Marlborough RTO,RTO_2025_24,Total visitor,2025-07-31,168500
RTO,Nelson Tasman RTO,RTO_2025_25,Local resident,2025-07-31,107900
RTO,Nelson Tasman RTO,RTO_2025_25,Total international visitor,2025-07-31,14500
RTO,Nelson Tasman RTO,RTO_2025_25,International visitor (short-stay),2025-07-31,12200
RTO,Nelson Tasman RTO,RTO_2025_25,Total visitor,2025-07-31,121800
RTO,Nelson Tasman RTO,RTO_2025_25,Domestic visitor,2025-07-31,107300
National,New Zealand,NZ_2025_01,Domestic visitor,2025-07-31,3218300
National,New Zealand,NZ_2025_01,International visitor (short-stay),2025-07-31,308900
National,New Zealand,NZ_2025_01,Total international visitor,2025-07-31,376500
National,New Zealand,NZ_2025_01,Total visitor,2025-07-31,3594800
National,New Zealand,NZ_2025_01,Local resident,2025-07-31,5110400
RTO,Northland RTO,RTO_2025_01,Domestic visitor,2025-07-31,260500
RTO,Northland RTO,RTO_2025_01,Total international visitor,2025-07-31,25400
RTO,Northland RTO,RTO_2025_01,Total visitor,2025-07-31,285900
RTO,Northland RTO,RTO_2025_01,Local resident,2025-07-31,187300
RTO,Northland RTO,RTO_2025_01,International visitor (short-stay),2025-07-31,21500
RTO,Ōtorohanga,RTO_2025_05,Local resident,2025-07-31,10000
RTO,Ōtorohanga,RTO_2025_05,Total visitor,2025-07-31,107700
RTO,Ōtorohanga,RTO_2025_05,Domestic visitor,2025-07-31,102200
RTO,Ōtorohanga,RTO_2025_05,Total international visitor,2025-07-31,5540
RTO,Ōtorohanga,RTO_2025_05,International visitor (short-stay),2025-07-31,5250
RTO,Queenstown RTO,RTO_2025_36,Total visitor,2025-07-31,281400
RTO,Queenstown RTO,RTO_2025_36,Domestic visitor,2025-07-31,170700
RTO,Queenstown RTO,RTO_2025_36,Total international visitor,2025-07-31,110700
RTO,Queenstown RTO,RTO_2025_36,Local resident,2025-07-31,35600
RTO,Queenstown RTO,RTO_2025_36,International visitor (short-stay),2025-07-31,105500
RTO,Rangitīkei,RTO_2025_18,Local resident,2025-07-31,15400
RTO,Rangitīkei,RTO_2025_18,Total international visitor,2025-07-31,15200
RTO,Rangitīkei,RTO_2025_18,Total visitor,2025-07-31,310100
RTO,Rangitīkei,RTO_2025_18,Domestic visitor,2025-07-31,294900
RTO,Rangitīkei,RTO_2025_18,International visitor (short-stay),2025-07-31,13500
RTO,Rotorua RTO,RTO_2025_11,Local resident,2025-07-31,77400
RTO,Rotorua RTO,RTO_2025_11,International visitor (short-stay),2025-07-31,44300
RTO,Rotorua RTO,RTO_2025_11,Total visitor,2025-07-31,395200
RTO,Rotorua RTO,RTO_2025_11,Domestic visitor,2025-07-31,347100
RTO,Rotorua RTO,RTO_2025_11,Total international visitor,2025-07-31,48100
RTO,Ruapehu RTO,RTO_2025_15,Local resident,2025-07-31,14000
RTO,Ruapehu RTO,RTO_2025_15,Total visitor,2025-07-31,258600
RTO,Ruapehu RTO,RTO_2025_15,International visitor (short-stay),2025-07-31,20500
RTO,Ruapehu RTO,RTO_2025_15,Total international visitor,2025-07-31,23400
RTO,Ruapehu RTO,RTO_2025_15,Domestic visitor,2025-07-31,235200
RTO,Southland RTO,RTO_2025_39,Total visitor,2025-07-31,174000
RTO,Southland RTO,RTO_2025_39,Domestic visitor,2025-07-31,129700
RTO,Southland RTO,RTO_2025_39,International visitor (short-stay),2025-07-31,42100
RTO,Southland RTO,RTO_2025_39,Local resident,2025-07-31,94900
RTO,Southland RTO,RTO_2025_39,Total international visitor,2025-07-31,44300
RTO,Taranaki RTO,RTO_2025_16,Domestic visitor,2025-07-31,156600
RTO,Taranaki RTO,RTO_2025_16,Total international visitor,2025-07-31,14700
RTO,Taranaki RTO,RTO_2025_16,International visitor (short-stay),2025-07-31,12600
RTO,Taranaki RTO,RTO_2025_16,Total visitor,2025-07-31,171300
RTO,Taranaki RTO,RTO_2025_16,Local resident,2025-07-31,127700
RTO,Tararua,RTO_2025_20,International visitor (short-stay),2025-07-31,6790
RTO,Tararua,RTO_2025_20,Total visitor,2025-07-31,221700
RTO,Tararua,RTO_2025_20,Total international visitor,2025-07-31,7990
RTO,Tararua,RTO_2025_20,Domestic visitor,2025-07-31,213700
RTO,Tararua,RTO_2025_20,Local resident,2025-07-31,18200
RTO,Taupō RTO,RTO_2025_12,Local resident,2025-07-31,40800
RTO,Taupō RTO,RTO_2025_12,Domestic visitor,2025-07-31,324400
RTO,Taupō RTO,RTO_2025_12,International visitor (short-stay),2025-07-31,33600
RTO,Taupō RTO,RTO_2025_12,Total international visitor,2025-07-31,37600
RTO,Taupō RTO,RTO_2025_12,Total visitor,2025-07-31,362000
RTO,Timaru RTO,RTO_2025_30,Total visitor,2025-07-31,274200
RTO,Timaru RTO,RTO_2025_30,Domestic visitor,2025-07-31,229600
RTO,Timaru RTO,RTO_2025_30,International visitor (short-stay),2025-07-31,42000
RTO,Timaru RTO,RTO_2025_30,Local resident,2025-07-31,48400
RTO,Timaru RTO,RTO_2025_30,Total international visitor,2025-07-31,44600
RTO,Waikato RTO,RTO_2025_03,International visitor (short-stay),2025-07-31,86300
RTO,Waikato RTO,RTO_2025_03,Total visitor,2025-07-31,843400
RTO,Waikato RTO,RTO_2025_03,Local resident,2025-07-31,382100
RTO,Waikato RTO,RTO_2025_03,Domestic visitor,2025-07-31,744500
RTO,Waikato RTO,RTO_2025_03,Total international visitor,2025-07-31,98900
RTO,Waimate,RTO_2025_32,Domestic visitor,2025-07-31,159600
RTO,Waimate,RTO_2025_32,Total international visitor,2025-07-31,19700
RTO,Waimate,RTO_2025_32,Local resident,2025-07-31,7400
RTO,Waimate,RTO_2025_32,Total visitor,2025-07-31,179300
RTO,Waimate,RTO_2025_32,International visitor (short-stay),2025-07-31,18200
RTO,Wairarapa RTO,RTO_2025_21,Domestic visitor,2025-07-31,133500
RTO,Wairarapa RTO,RTO_2025_21,Local resident,2025-07-31,51000
RTO,Wairarapa RTO,RTO_2025_21,Total international visitor,2025-07-31,9260
RTO,Wairarapa RTO,RTO_2025_21,Total visitor,2025-07-31,142800
RTO,Wairarapa RTO,RTO_2025_21,International visitor (short-stay),2025-07-31,7650
RTO,Waitaki RTO,RTO_2025_33,Domestic visitor,2025-07-31,208000
RTO,Waitaki RTO,RTO_2025_33,Total visitor,2025-07-31,265100
RTO,Waitaki RTO,RTO_2025_33,International visitor (short-stay),2025-07-31,54200
RTO,Waitaki RTO,RTO_2025_33,Total international visitor,2025-07-31,57100
RTO,Waitaki RTO,RTO_2025_33,Local resident,2025-07-31,22200
RTO,Waitomo,RTO_2025_06,Total visitor,2025-07-31,81300
RTO,Waitomo,RTO_2025_06,Local resident,2025-07-31,10000
RTO,Waitomo,RTO_2025_06,International visitor (short-stay),2025-07-31,5830
RTO,Waitomo,RTO_2025_06,Domestic visitor,2025-07-31,75000
RTO,Waitomo,RTO_2025_06,Total international visitor,2025-07-31,6260
RTO,Wānaka RTO,RTO_2025_35,International visitor (short-stay),2025-07-31,61200
RTO,Wānaka RTO,RTO_2025_35,Total visitor,2025-07-31,165800
RTO,Wānaka RTO,RTO_2025_35,Domestic visitor,2025-07-31,101900
RTO,Wānaka RTO,RTO_2025_35,Total international visitor,2025-07-31,63900
RTO,Wānaka RTO,RTO_2025_35,Local resident,2025-07-31,18400
RTO,Wellington RTO,RTO_2025_23,Domestic visitor,2025-07-31,406400
RTO,Wellington RTO,RTO_2025_23,Total international visitor,2025-07-31,42300
RTO,Wellington RTO,RTO_2025_23,Total visitor,2025-07-31,448700
RTO,Wellington RTO,RTO_2025_23,International visitor (short-stay),2025-07-31,34900
RTO,Wellington RTO,RTO_2025_23,Local resident,2025-07-31,504700
RTO,West Coast RTO,RTO_2025_26,Total international visitor,2025-07-31,21300
RTO,West Coast RTO,RTO_2025_26,Domestic visitor,2025-07-31,82000
RTO,West Coast RTO,RTO_2025_26,Local resident,2025-07-31,29800
RTO,West Coast RTO,RTO_2025_26,Total visitor,2025-07-31,103300
RTO,West Coast RTO,RTO_2025_26,International visitor (short-stay),2025-07-31,20200
RTO,Whakatane,RTO_2025_09,Total visitor,2025-07-31,95400
RTO,Whakatane,RTO_2025_09,International visitor (short-stay),2025-07-31,2150
RTO,Whakatane,RTO_2025_09,Local resident,2025-07-31,38400
RTO,Whakatane,RTO_2025_09,Total international visitor,2025-07-31,2900
RTO,Whakatane,RTO_2025_09,Domestic visitor,2025-07-31,92500
RTO,Whanganui RTO,RTO_2025_17,Domestic visitor,2025-07-31,158200
RTO,Whanganui RTO,RTO_2025_17,International visitor (short-stay),2025-07-31,5110
RTO,Whanganui RTO,RTO_2025_17,Local resident,2025-07-31,48500
RTO,Whanganui RTO,RTO_2025_17,Total visitor,2025-07-31,164300
RTO,Whanganui RTO,RTO_2025_17,Total international visitor,2025-07-31,6090
RTO,Auckland RTO,RTO_2025_02,Total visitor,2025-08-31,1032800
RTO,Auckland RTO,RTO_2025_02,Total international visitor,2025-08-31,219200
RTO,Auckland RTO,RTO_2025_02,Domestic visitor,2025-08-31,813600
RTO,Auckland RTO,RTO_2025_02,International visitor (short-stay),2025-08-31,182500
RTO,Auckland RTO,RTO_2025_02,Local resident,2025-08-31,1858300
RTO,Canterbury RTO,RTO_2025_29,Domestic visitor,2025-08-31,400200
RTO,Canterbury RTO,RTO_2025_29,Total visitor,2025-08-31,490700
RTO,Canterbury RTO,RTO_2025_29,Local resident,2025-08-31,627100
RTO,Canterbury RTO,RTO_2025_29,International visitor (short-stay),2025-08-31,81300
RTO,Canterbury RTO,RTO_2025_29,Total international visitor,2025-08-31,90500
RTO,Central Otago RTO,RTO_2025_34,Total visitor,2025-08-31,284800
RTO,Central Otago RTO,RTO_2025_34,Domestic visitor,2025-08-31,199100
RTO,Central Otago RTO,RTO_2025_34,International visitor (short-stay),2025-08-31,82300
RTO,Central Otago RTO,RTO_2025_34,Local resident,2025-08-31,25100
RTO,Central Otago RTO,RTO_2025_34,Total international visitor,2025-08-31,85700
RTO,Clutha RTO,RTO_2025_38,Total visitor,2025-08-31,167000
RTO,Clutha RTO,RTO_2025_38,Local resident,2025-08-31,17300
RTO,Clutha RTO,RTO_2025_38,Domestic visitor,2025-08-31,149300
RTO,Clutha RTO,RTO_2025_38,Total international visitor,2025-08-31,17700
RTO,Clutha RTO,RTO_2025_38,International visitor (short-stay),2025-08-31,16700
RTO,Coastal Bay of Plenty RTO,RTO_2025_08,Total visitor,2025-08-31,331000
RTO,Coastal Bay of Plenty RTO,RTO_2025_08,Domestic visitor,2025-08-31,304600
RTO,Coastal Bay of Plenty RTO,RTO_2025_08,International visitor (short-stay),2025-08-31,21500
RTO,Coastal Bay of Plenty RTO,RTO_2025_08,Total international visitor,2025-08-31,26400
RTO,Coastal Bay of Plenty RTO,RTO_2025_08,Local resident,2025-08-31,215800
RTO,Coromandel RTO,RTO_2025_07,Total visitor,2025-08-31,314300
RTO,Coromandel RTO,RTO_2025_07,Local resident,2025-08-31,43700
RTO,Coromandel RTO,RTO_2025_07,International visitor (short-stay),2025-08-31,22400
RTO,Coromandel RTO,RTO_2025_07,Domestic visitor,2025-08-31,288700
RTO,Coromandel RTO,RTO_2025_07,Total international visitor,2025-08-31,25600
RTO,Dunedin RTO,RTO_2025_37,International visitor (short-stay),2025-08-31,23100
RTO,Dunedin RTO,RTO_2025_37,Domestic visitor,2025-08-31,175000
RTO,Dunedin RTO,RTO_2025_37,Total international visitor,2025-08-31,25400
RTO,Dunedin RTO,RTO_2025_37,Total visitor,2025-08-31,200400
RTO,Dunedin RTO,RTO_2025_37,Local resident,2025-08-31,133700
RTO,Fiordland RTO,RTO_2025_40,Total visitor,2025-08-31,79600
RTO,Fiordland RTO,RTO_2025_40,Domestic visitor,2025-08-31,37500
RTO,Fiordland RTO,RTO_2025_40,Local resident,2025-08-31,3480
RTO,Fiordland RTO,RTO_2025_40,Total international visitor,2025-08-31,42100
RTO,Fiordland RTO,RTO_2025_40,International visitor (short-stay),2025-08-31,41000
RTO,Gisborne RTO,RTO_2025_13,Total visitor,2025-08-31,99200
RTO,Gisborne RTO,RTO_2025_13,International visitor (short-stay),2025-08-31,5550
RTO,Gisborne RTO,RTO_2025_13,Domestic visitor,2025-08-31,92200
RTO,Gisborne RTO,RTO_2025_13,Local resident,2025-08-31,57600
RTO,Gisborne RTO,RTO_2025_13,Total international visitor,2025-08-31,7000
RTO,Hawke's Bay RTO,RTO_2025_14,International visitor (short-stay),2025-08-31,11000
RTO,Hawke's Bay RTO,RTO_2025_14,Total visitor,2025-08-31,176600
RTO,Hawke's Bay RTO,RTO_2025_14,Domestic visitor,2025-08-31,162800
RTO,Hawke's Bay RTO,RTO_2025_14,Local resident,2025-08-31,172400
RTO,Hawke's Bay RTO,RTO_2025_14,Total international visitor,2025-08-31,13800
RTO,Horowhenua,RTO_2025_22,International visitor (short-stay),2025-08-31,12300
RTO,Horowhenua,RTO_2025_22,Domestic visitor,2025-08-31,289400
RTO,Horowhenua,RTO_2025_22,Total international visitor,2025-08-31,13700
RTO,Horowhenua,RTO_2025_22,Local resident,2025-08-31,37200
RTO,Horowhenua,RTO_2025_22,Total visitor,2025-08-31,303100
RTO,Hurunui RTO,RTO_2025_28,Total visitor,2025-08-31,238600
RTO,Hurunui RTO,RTO_2025_28,Local resident,2025-08-31,13700
RTO,Hurunui RTO,RTO_2025_28,Domestic visitor,2025-08-31,211000
RTO,Hurunui RTO,RTO_2025_28,International visitor (short-stay),2025-08-31,25500
RTO,Hurunui RTO,RTO_2025_28,Total international visitor,2025-08-31,27600
RTO,Kaikōura RTO,RTO_2025_27,Total visitor,2025-08-31,105100
RTO,Kaikōura RTO,RTO_2025_27,Domestic visitor,2025-08-31,85500
RTO,Kaikōura RTO,RTO_2025_27,Total international visitor,2025-08-31,19600
RTO,Kaikōura RTO,RTO_2025_27,International visitor (short-stay),2025-08-31,18200
RTO,Kaikōura RTO,RTO_2025_27,Local resident,2025-08-31,3450
RTO,Mackenzie RTO,RTO_2025_31,International visitor (short-stay),2025-08-31,66700
RTO,Mackenzie RTO,RTO_2025_31,Domestic visitor,2025-08-31,115300
RTO,Mackenzie RTO,RTO_2025_31,Total international visitor,2025-08-31,69200
RTO,Mackenzie RTO,RTO_2025_31,Total visitor,2025-08-31,184500
RTO,Mackenzie RTO,RTO_2025_31,Local resident,2025-08-31,5190
RTO,Manawatū RTO,RTO_2025_19,Local resident,2025-08-31,125100
RTO,Manawatū RTO,RTO_2025_19,International visitor (short-stay),2025-08-31,14900
RTO,Manawatū RTO,RTO_2025_19,Domestic visitor,2025-08-31,380100
RTO,Manawatū RTO,RTO_2025_19,Total visitor,2025-08-31,397400
RTO,Manawatū RTO,RTO_2025_19,Total international visitor,2025-08-31,17300
RTO,Marlborough RTO,RTO_2025_24,Local resident,2025-08-31,47800
RTO,Marlborough RTO,RTO_2025_24,International visitor (short-stay),2025-08-31,18500
RTO,Marlborough RTO,RTO_2025_24,Domestic visitor,2025-08-31,144000
RTO,Marlborough RTO,RTO_2025_24,Total international visitor,2025-08-31,21400
RTO,Marlborough RTO,RTO_2025_24,Total visitor,2025-08-31,165400
RTO,Nelson Tasman RTO,RTO_2025_25,Total visitor,2025-08-31,127500
RTO,Nelson Tasman RTO,RTO_2025_25,Total international visitor,2025-08-31,16400
RTO,Nelson Tasman RTO,RTO_2025_25,Local resident,2025-08-31,108200
RTO,Nelson Tasman RTO,RTO_2025_25,International visitor (short-stay),2025-08-31,14200
RTO,Nelson Tasman RTO,RTO_2025_25,Domestic visitor,2025-08-31,111100
National,New Zealand,NZ_2025_01,Local resident,2025-08-31,5113200
National,New Zealand,NZ_2025_01,Domestic visitor,2025-08-31,3207100
National,New Zealand,NZ_2025_01,Total international visitor,2025-08-31,376900
National,New Zealand,NZ_2025_01,International visitor (short-stay),2025-08-31,310300
National,New Zealand,NZ_2025_01,Total visitor,2025-08-31,3584000
RTO,Northland RTO,RTO_2025_01,Total visitor,2025-08-31,288000
RTO,Northland RTO,RTO_2025_01,Domestic visitor,2025-08-31,261100
RTO,Northland RTO,RTO_2025_01,Local resident,2025-08-31,183600
RTO,Northland RTO,RTO_2025_01,Total international visitor,2025-08-31,26900
RTO,Northland RTO,RTO_2025_01,International visitor (short-stay),2025-08-31,22900
RTO,Ōtorohanga,RTO_2025_05,Total visitor,2025-08-31,95800
RTO,Ōtorohanga,RTO_2025_05,International visitor (short-stay),2025-08-31,2790
RTO,Ōtorohanga,RTO_2025_05,Total international visitor,2025-08-31,3160
RTO,Ōtorohanga,RTO_2025_05,Domestic visitor,2025-08-31,92600
RTO,Ōtorohanga,RTO_2025_05,Local resident,2025-08-31,10900
RTO,Queenstown RTO,RTO_2025_36,International visitor (short-stay),2025-08-31,108300
RTO,Queenstown RTO,RTO_2025_36,Local resident,2025-08-31,36500
RTO,Queenstown RTO,RTO_2025_36,Total visitor,2025-08-31,286100
RTO,Queenstown RTO,RTO_2025_36,Domestic visitor,2025-08-31,172700
RTO,Queenstown RTO,RTO_2025_36,Total international visitor,2025-08-31,113400
RTO,Rangitīkei,RTO_2025_18,Total visitor,2025-08-31,303300
RTO,Rangitīkei,RTO_2025_18,Domestic visitor,2025-08-31,288700
RTO,Rangitīkei,RTO_2025_18,International visitor (short-stay),2025-08-31,13100
RTO,Rangitīkei,RTO_2025_18,Total international visitor,2025-08-31,14600
RTO,Rangitīkei,RTO_2025_18,Local resident,2025-08-31,15300
RTO,Rotorua RTO,RTO_2025_11,Total visitor,2025-08-31,393400
RTO,Rotorua RTO,RTO_2025_11,Domestic visitor,2025-08-31,343200
RTO,Rotorua RTO,RTO_2025_11,International visitor (short-stay),2025-08-31,46600
RTO,Rotorua RTO,RTO_2025_11,Local resident,2025-08-31,76400
RTO,Rotorua RTO,RTO_2025_11,Total international visitor,2025-08-31,50200
RTO,Ruapehu RTO,RTO_2025_15,Total visitor,2025-08-31,260800
RTO,Ruapehu RTO,RTO_2025_15,Local resident,2025-08-31,14100
RTO,Ruapehu RTO,RTO_2025_15,Total international visitor,2025-08-31,23500
RTO,Ruapehu RTO,RTO_2025_15,International visitor (short-stay),2025-08-31,20700
RTO,Ruapehu RTO,RTO_2025_15,Domestic visitor,2025-08-31,237300
RTO,Southland RTO,RTO_2025_39,International visitor (short-stay),2025-08-31,46900
RTO,Southland RTO,RTO_2025_39,Total international visitor,2025-08-31,49000
RTO,Southland RTO,RTO_2025_39,Domestic visitor,2025-08-31,131700
RTO,Southland RTO,RTO_2025_39,Local resident,2025-08-31,94700
RTO,Southland RTO,RTO_2025_39,Total visitor,2025-08-31,180700
RTO,Taranaki RTO,RTO_2025_16,Domestic visitor,2025-08-31,155800
RTO,Taranaki RTO,RTO_2025_16,Local resident,2025-08-31,126700
RTO,Taranaki RTO,RTO_2025_16,Total international visitor,2025-08-31,17000
RTO,Taranaki RTO,RTO_2025_16,Total visitor,2025-08-31,172800
RTO,Taranaki RTO,RTO_2025_16,International visitor (short-stay),2025-08-31,15100
RTO,Tararua,RTO_2025_20,Total visitor,2025-08-31,209000
RTO,Tararua,RTO_2025_20,Local resident,2025-08-31,18100
RTO,Tararua,RTO_2025_20,Total international visitor,2025-08-31,8190
RTO,Tararua,RTO_2025_20,International visitor (short-stay),2025-08-31,7120
RTO,Tararua,RTO_2025_20,Domestic visitor,2025-08-31,200800
RTO,Taupō RTO,RTO_2025_12,Local resident,2025-08-31,40800
RTO,Taupō RTO,RTO_2025_12,International visitor (short-stay),2025-08-31,33800
RTO,Taupō RTO,RTO_2025_12,Total visitor,2025-08-31,358700
RTO,Taupō RTO,RTO_2025_12,Domestic visitor,2025-08-31,321200
RTO,Taupō RTO,RTO_2025_12,Total international visitor,2025-08-31,37500
RTO,Timaru RTO,RTO_2025_30,Local resident,2025-08-31,48300
RTO,Timaru RTO,RTO_2025_30,Domestic visitor,2025-08-31,221900
RTO,Timaru RTO,RTO_2025_30,International visitor (short-stay),2025-08-31,49400
RTO,Timaru RTO,RTO_2025_30,Total visitor,2025-08-31,273700
RTO,Timaru RTO,RTO_2025_30,Total international visitor,2025-08-31,51800
RTO,Waikato RTO,RTO_2025_03,International visitor (short-stay),2025-08-31,93000
RTO,Waikato RTO,RTO_2025_03,Total international visitor,2025-08-31,105300
RTO,Waikato RTO,RTO_2025_03,Total visitor,2025-08-31,856900
RTO,Waikato RTO,RTO_2025_03,Domestic visitor,2025-08-31,751600
RTO,Waikato RTO,RTO_2025_03,Local resident,2025-08-31,380900
RTO,Waimate,RTO_2025_32,International visitor (short-stay),2025-08-31,22200
RTO,Waimate,RTO_2025_32,Domestic visitor,2025-08-31,151500
RTO,Waimate,RTO_2025_32,Total visitor,2025-08-31,175000
RTO,Waimate,RTO_2025_32,Local resident,2025-08-31,7500
RTO,Waimate,RTO_2025_32,Total international visitor,2025-08-31,23500
RTO,Wairarapa RTO,RTO_2025_21,Domestic visitor,2025-08-31,120100
RTO,Wairarapa RTO,RTO_2025_21,Total visitor,2025-08-31,129200
RTO,Wairarapa RTO,RTO_2025_21,Total international visitor,2025-08-31,9050
RTO,Wairarapa RTO,RTO_2025_21,International visitor (short-stay),2025-08-31,7600
RTO,Wairarapa RTO,RTO_2025_21,Local resident,2025-08-31,49500
RTO,Waitaki RTO,RTO_2025_33,Total visitor,2025-08-31,267900
RTO,Waitaki RTO,RTO_2025_33,Domestic visitor,2025-08-31,202900
RTO,Waitaki RTO,RTO_2025_33,International visitor (short-stay),2025-08-31,62400
RTO,Waitaki RTO,RTO_2025_33,Local resident,2025-08-31,22000
RTO,Waitaki RTO,RTO_2025_33,Total international visitor,2025-08-31,65000
RTO,Waitomo,RTO_2025_06,Domestic visitor,2025-08-31,69800
RTO,Waitomo,RTO_2025_06,Local resident,2025-08-31,10300
RTO,Waitomo,RTO_2025_06,International visitor (short-stay),2025-08-31,3960
RTO,Waitomo,RTO_2025_06,Total visitor,2025-08-31,74300
RTO,Waitomo,RTO_2025_06,Total international visitor,2025-08-31,4480
RTO,Wānaka RTO,RTO_2025_35,Local resident,2025-08-31,19900
RTO,Wānaka RTO,RTO_2025_35,International visitor (short-stay),2025-08-31,67900
RTO,Wānaka RTO,RTO_2025_35,Total visitor,2025-08-31,180500
RTO,Wānaka RTO,RTO_2025_35,Total international visitor,2025-08-31,70600
RTO,Wānaka RTO,RTO_2025_35,Domestic visitor,2025-08-31,109900
RTO,Wellington RTO,RTO_2025_23,Local resident,2025-08-31,501400
RTO,Wellington RTO,RTO_2025_23,Domestic visitor,2025-08-31,394700
RTO,Wellington RTO,RTO_2025_23,International visitor (short-stay),2025-08-31,34400
RTO,Wellington RTO,RTO_2025_23,Total visitor,2025-08-31,436200
RTO,Wellington RTO,RTO_2025_23,Total international visitor,2025-08-31,41500
RTO,West Coast RTO,RTO_2025_26,Total visitor,2025-08-31,108000
RTO,West Coast RTO,RTO_2025_26,International visitor (short-stay),2025-08-31,23000
RTO,West Coast RTO,RTO_2025_26,Total international visitor,2025-08-31,24100
RTO,West Coast RTO,RTO_2025_26,Domestic visitor,2025-08-31,83900
RTO,West Coast RTO,RTO_2025_26,Local resident,2025-08-31,30500
RTO,Whakatane,RTO_2025_09,Local resident,2025-08-31,38700
RTO,Whakatane,RTO_2025_09,International visitor (short-stay),2025-08-31,3510
RTO,Whakatane,RTO_2025_09,Total visitor,2025-08-31,97800
RTO,Whakatane,RTO_2025_09,Domestic visitor,2025-08-31,93500
RTO,Whakatane,RTO_2025_09,Total international visitor,2025-08-31,4310
RTO,Whanganui RTO,RTO_2025_17,Local resident,2025-08-31,48100
RTO,Whanganui RTO,RTO_2025_17,Total visitor,2025-08-31,160000
RTO,Whanganui RTO,RTO_2025_17,Total international visitor,2025-08-31,6450
RTO,Whanganui RTO,RTO_2025_17,Domestic visitor,2025-08-31,153500
RTO,Whanganui RTO,RTO_2025_17,International visitor (short-stay),2025-08-31,5530
RTO,Auckland RTO,RTO_2025_02,International visitor (short-stay),2025-09-30,180300
RTO,Auckland RTO,RTO_2025_02,Total visitor,2025-09-30,1053800
RTO,Auckland RTO,RTO_2025_02,Total international visitor,2025-09-30,218200
RTO,Auckland RTO,RTO_2025_02,Domestic visitor,2025-09-30,835600
RTO,Auckland RTO,RTO_2025_02,Local resident,2025-09-30,1839700
RTO,Canterbury RTO,RTO_2025_29,Total visitor,2025-09-30,515400
RTO,Canterbury RTO,RTO_2025_29,Local resident,2025-09-30,627100
RTO,Canterbury RTO,RTO_2025_29,Domestic visitor,2025-09-30,417900
RTO,Canterbury RTO,RTO_2025_29,International visitor (short-stay),2025-09-30,87800
RTO,Canterbury RTO,RTO_2025_29,Total international visitor,2025-09-30,97500
RTO,Central Otago RTO,RTO_2025_34,Total visitor,2025-09-30,295100
RTO,Central Otago RTO,RTO_2025_34,International visitor (short-stay),2025-09-30,80900
RTO,Central Otago RTO,RTO_2025_34,Local resident,2025-09-30,25300
RTO,Central Otago RTO,RTO_2025_34,Domestic visitor,2025-09-30,210800
RTO,Central Otago RTO,RTO_2025_34,Total international visitor,2025-09-30,84300
RTO,Clutha RTO,RTO_2025_38,Domestic visitor,2025-09-30,157400
RTO,Clutha RTO,RTO_2025_38,International visitor (short-stay),2025-09-30,16600
RTO,Clutha RTO,RTO_2025_38,Total international visitor,2025-09-30,17800
RTO,Clutha RTO,RTO_2025_38,Local resident,2025-09-30,17700
RTO,Clutha RTO,RTO_2025_38,Total visitor,2025-09-30,175200
RTO,Coastal Bay of Plenty RTO,RTO_2025_08,International visitor (short-stay),2025-09-30,22300
RTO,Coastal Bay of Plenty RTO,RTO_2025_08,Total international visitor,2025-09-30,27400
RTO,Coastal Bay of Plenty RTO,RTO_2025_08,Total visitor,2025-09-30,330100
RTO,Coastal Bay of Plenty RTO,RTO_2025_08,Local resident,2025-09-30,218900
RTO,Coastal Bay of Plenty RTO,RTO_2025_08,Domestic visitor,2025-09-30,302700
RTO,Coromandel RTO,RTO_2025_07,Domestic visitor,2025-09-30,312300
RTO,Coromandel RTO,RTO_2025_07,Total visitor,2025-09-30,342700
RTO,Coromandel RTO,RTO_2025_07,International visitor (short-stay),2025-09-30,26800
RTO,Coromandel RTO,RTO_2025_07,Total international visitor,2025-09-30,30400
RTO,Coromandel RTO,RTO_2025_07,Local resident,2025-09-30,47300
RTO,Dunedin RTO,RTO_2025_37,Local resident,2025-09-30,134900
RTO,Dunedin RTO,RTO_2025_37,International visitor (short-stay),2025-09-30,23300
RTO,Dunedin RTO,RTO_2025_37,Total visitor,2025-09-30,209400
RTO,Dunedin RTO,RTO_2025_37,Domestic visitor,2025-09-30,183600
RTO,Dunedin RTO,RTO_2025_37,Total international visitor,2025-09-30,25800
RTO,Fiordland RTO,RTO_2025_40,Domestic visitor,2025-09-30,39300
RTO,Fiordland RTO,RTO_2025_40,Local resident,2025-09-30,3560
RTO,Fiordland RTO,RTO_2025_40,Total visitor,2025-09-30,85700
RTO,Fiordland RTO,RTO_2025_40,Total international visitor,2025-09-30,46400
RTO,Fiordland RTO,RTO_2025_40,International visitor (short-stay),2025-09-30,45300
RTO,Gisborne RTO,RTO_2025_13,Total visitor,2025-09-30,103300
RTO,Gisborne RTO,RTO_2025_13,International visitor (short-stay),2025-09-30,5900
RTO,Gisborne RTO,RTO_2025_13,Domestic visitor,2025-09-30,95900
RTO,Gisborne RTO,RTO_2025_13,Local resident,2025-09-30,57200
RTO,Gisborne RTO,RTO_2025_13,Total international visitor,2025-09-30,7440
RTO,Hawke's Bay RTO,RTO_2025_14,International visitor (short-stay),2025-09-30,12600
RTO,Hawke's Bay RTO,RTO_2025_14,Total international visitor,2025-09-30,15600
RTO,Hawke's Bay RTO,RTO_2025_14,Local resident,2025-09-30,173500
RTO,Hawke's Bay RTO,RTO_2025_14,Total visitor,2025-09-30,186400
RTO,Hawke's Bay RTO,RTO_2025_14,Domestic visitor,2025-09-30,170800
RTO,Horowhenua,RTO_2025_22,Total visitor,2025-09-30,325400
RTO,Horowhenua,RTO_2025_22,Total international visitor,2025-09-30,15800
RTO,Horowhenua,RTO_2025_22,Local resident,2025-09-30,37400
RTO,Horowhenua,RTO_2025_22,Domestic visitor,2025-09-30,309600
RTO,Horowhenua,RTO_2025_22,International visitor (short-stay),2025-09-30,14200
RTO,Hurunui RTO,RTO_2025_28,Total visitor,2025-09-30,266400
RTO,Hurunui RTO,RTO_2025_28,Total international visitor,2025-09-30,30300
RTO,Hurunui RTO,RTO_2025_28,International visitor (short-stay),2025-09-30,27800
RTO,Hurunui RTO,RTO_2025_28,Domestic visitor,2025-09-30,236100
RTO,Hurunui RTO,RTO_2025_28,Local resident,2025-09-30,14100
RTO,Kaikōura RTO,RTO_2025_27,International visitor (short-stay),2025-09-30,20400
RTO,Kaikōura RTO,RTO_2025_27,Total international visitor,2025-09-30,22000
RTO,Kaikōura RTO,RTO_2025_27,Total visitor,2025-09-30,123600
RTO,Kaikōura RTO,RTO_2025_27,Domestic visitor,2025-09-30,101600
RTO,Kaikōura RTO,RTO_2025_27,Local resident,2025-09-30,4280
RTO,Mackenzie RTO,RTO_2025_31,Total visitor,2025-09-30,198100
RTO,Mackenzie RTO,RTO_2025_31,Domestic visitor,2025-09-30,123000
RTO,Mackenzie RTO,RTO_2025_31,Local resident,2025-09-30,5310
RTO,Mackenzie RTO,RTO_2025_31,Total international visitor,2025-09-30,75100
RTO,Mackenzie RTO,RTO_2025_31,International visitor (short-stay),2025-09-30,72700
RTO,Manawatū RTO,RTO_2025_19,Domestic visitor,2025-09-30,392500
RTO,Manawatū RTO,RTO_2025_19,Total international visitor,2025-09-30,19600
RTO,Manawatū RTO,RTO_2025_19,Total visitor,2025-09-30,412100
RTO,Manawatū RTO,RTO_2025_19,Local resident,2025-09-30,123300
RTO,Manawatū RTO,RTO_2025_19,International visitor (short-stay),2025-09-30,17100
RTO,Marlborough RTO,RTO_2025_24,International visitor (short-stay),2025-09-30,23900
RTO,Marlborough RTO,RTO_2025_24,Local resident,2025-09-30,47700
RTO,Marlborough RTO,RTO_2025_24,Total international visitor,2025-09-30,27000
RTO,Marlborough RTO,RTO_2025_24,Total visitor,2025-09-30,183200
RTO,Marlborough RTO,RTO_2025_24,Domestic visitor,2025-09-30,156200
RTO,Nelson Tasman RTO,RTO_2025_25,International visitor (short-stay),2025-09-30,17800
RTO,Nelson Tasman RTO,RTO_2025_25,Total visitor,2025-09-30,136700
RTO,Nelson Tasman RTO,RTO_2025_25,Local resident,2025-09-30,107200
RTO,Nelson Tasman RTO,RTO_2025_25,Domestic visitor,2025-09-30,116400
RTO,Nelson Tasman RTO,RTO_2025_25,Total international visitor,2025-09-30,20300
National,New Zealand,NZ_2025_01,International visitor (short-stay),2025-09-30,308800
National,New Zealand,NZ_2025_01,Total international visitor,2025-09-30,377500
National,New Zealand,NZ_2025_01,Domestic visitor,2025-09-30,3239500
National,New Zealand,NZ_2025_01,Total visitor,2025-09-30,3617000
National,New Zealand,NZ_2025_01,Local resident,2025-09-30,5108000
RTO,Northland RTO,RTO_2025_01,Local resident,2025-09-30,186400
RTO,Northland RTO,RTO_2025_01,Total international visitor,2025-09-30,31300
RTO,Northland RTO,RTO_2025_01,Total visitor,2025-09-30,307200
RTO,Northland RTO,RTO_2025_01,International visitor (short-stay),2025-09-30,26900
RTO,Northland RTO,RTO_2025_01,Domestic visitor,2025-09-30,275900
RTO,Ōtorohanga,RTO_2025_05,Total international visitor,2025-09-30,2760
RTO,Ōtorohanga,RTO_2025_05,Total visitor,2025-09-30,102700
RTO,Ōtorohanga,RTO_2025_05,Domestic visitor,2025-09-30,99900
RTO,Ōtorohanga,RTO_2025_05,Local resident,2025-09-30,11200
RTO,Ōtorohanga,RTO_2025_05,International visitor (short-stay),2025-09-30,2430
RTO,Queenstown RTO,RTO_2025_36,Total international visitor,2025-09-30,112300
RTO,Queenstown RTO,RTO_2025_36,International visitor (short-stay),2025-09-30,107400
RTO,Queenstown RTO,RTO_2025_36,Local resident,2025-09-30,37400
RTO,Queenstown RTO,RTO_2025_36,Total visitor,2025-09-30,288300
RTO,Queenstown RTO,RTO_2025_36,Domestic visitor,2025-09-30,176000
RTO,Rangitīkei,RTO_2025_18,Local resident,2025-09-30,15000
RTO,Rangitīkei,RTO_2025_18,Total visitor,2025-09-30,318800
RTO,Rangitīkei,RTO_2025_18,International visitor (short-stay),2025-09-30,15600
RTO,Rangitīkei,RTO_2025_18,Domestic visitor,2025-09-30,301700
RTO,Rangitīkei,RTO_2025_18,Total international visitor,2025-09-30,17100
RTO,Rotorua RTO,RTO_2025_11,International visitor (short-stay),2025-09-30,49300
RTO,Rotorua RTO,RTO_2025_11,Total international visitor,2025-09-30,53000
RTO,Rotorua RTO,RTO_2025_11,Domestic visitor,2025-09-30,353400
RTO,Rotorua RTO,RTO_2025_11,Total visitor,2025-09-30,406400
RTO,Rotorua RTO,RTO_2025_11,Local resident,2025-09-30,77300
RTO,Ruapehu RTO,RTO_2025_15,Domestic visitor,2025-09-30,240000
RTO,Ruapehu RTO,RTO_2025_15,Total visitor,2025-09-30,263600
RTO,Ruapehu RTO,RTO_2025_15,Local resident,2025-09-30,14200
RTO,Ruapehu RTO,RTO_2025_15,International visitor (short-stay),2025-09-30,21400
RTO,Ruapehu RTO,RTO_2025_15,Total international visitor,2025-09-30,23600
RTO,Southland RTO,RTO_2025_39,Total visitor,2025-09-30,188200
RTO,Southland RTO,RTO_2025_39,International visitor (short-stay),2025-09-30,52300
RTO,Southland RTO,RTO_2025_39,Domestic visitor,2025-09-30,133600
RTO,Southland RTO,RTO_2025_39,Total international visitor,2025-09-30,54600
RTO,Southland RTO,RTO_2025_39,Local resident,2025-09-30,95700
RTO,Taranaki RTO,RTO_2025_16,Domestic visitor,2025-09-30,154900
RTO,Taranaki RTO,RTO_2025_16,Local resident,2025-09-30,126600
RTO,Taranaki RTO,RTO_2025_16,Total international visitor,2025-09-30,17200
RTO,Taranaki RTO,RTO_2025_16,Total visitor,2025-09-30,172100
RTO,Taranaki RTO,RTO_2025_16,International visitor (short-stay),2025-09-30,15100
RTO,Tararua,RTO_2025_20,Domestic visitor,2025-09-30,202500
RTO,Tararua,RTO_2025_20,Total international visitor,2025-09-30,8890
RTO,Tararua,RTO_2025_20,International visitor (short-stay),2025-09-30,7750
RTO,Tararua,RTO_2025_20,Total visitor,2025-09-30,211400
RTO,Tararua,RTO_2025_20,Local resident,2025-09-30,18300
RTO,Taupō RTO,RTO_2025_12,International visitor (short-stay),2025-09-30,37900
RTO,Taupō RTO,RTO_2025_12,Local resident,2025-09-30,40500
RTO,Taupō RTO,RTO_2025_12,Domestic visitor,2025-09-30,342100
RTO,Taupō RTO,RTO_2025_12,Total visitor,2025-09-30,383600
RTO,Taupō RTO,RTO_2025_12,Total international visitor,2025-09-30,41500
RTO,Timaru RTO,RTO_2025_30,Total visitor,2025-09-30,295800
RTO,Timaru RTO,RTO_2025_30,Domestic visitor,2025-09-30,240500
RTO,Timaru RTO,RTO_2025_30,Total international visitor,2025-09-30,55300
RTO,Timaru RTO,RTO_2025_30,International visitor (short-stay),2025-09-30,52700
RTO,Timaru RTO,RTO_2025_30,Local resident,2025-09-30,48400
RTO,Waikato RTO,RTO_2025_03,International visitor (short-stay),2025-09-30,93200
RTO,Waikato RTO,RTO_2025_03,Domestic visitor,2025-09-30,769200
RTO,Waikato RTO,RTO_2025_03,Local resident,2025-09-30,380700
RTO,Waikato RTO,RTO_2025_03,Total international visitor,2025-09-30,106100
RTO,Waikato RTO,RTO_2025_03,Total visitor,2025-09-30,875300
RTO,Waimate,RTO_2025_32,Total visitor,2025-09-30,187200
RTO,Waimate,RTO_2025_32,International visitor (short-stay),2025-09-30,21300
RTO,Waimate,RTO_2025_32,Local resident,2025-09-30,7610
RTO,Waimate,RTO_2025_32,Domestic visitor,2025-09-30,164500
RTO,Waimate,RTO_2025_32,Total international visitor,2025-09-30,22700
RTO,Wairarapa RTO,RTO_2025_21,Total international visitor,2025-09-30,9410
RTO,Wairarapa RTO,RTO_2025_21,Domestic visitor,2025-09-30,126500
RTO,Wairarapa RTO,RTO_2025_21,Total visitor,2025-09-30,135900
RTO,Wairarapa RTO,RTO_2025_21,Local resident,2025-09-30,49800
RTO,Wairarapa RTO,RTO_2025_21,International visitor (short-stay),2025-09-30,7950
RTO,Waitaki RTO,RTO_2025_33,Total visitor,2025-09-30,294300
RTO,Waitaki RTO,RTO_2025_33,International visitor (short-stay),2025-09-30,67100
RTO,Waitaki RTO,RTO_2025_33,Domestic visitor,2025-09-30,224300
RTO,Waitaki RTO,RTO_2025_33,Local resident,2025-09-30,22500
RTO,Waitaki RTO,RTO_2025_33,Total international visitor,2025-09-30,70000
RTO,Waitomo,RTO_2025_06,Total international visitor,2025-09-30,4040
RTO,Waitomo,RTO_2025_06,Local resident,2025-09-30,10200
RTO,Waitomo,RTO_2025_06,International visitor (short-stay),2025-09-30,3550
RTO,Waitomo,RTO_2025_06,Domestic visitor,2025-09-30,73800
RTO,Waitomo,RTO_2025_06,Total visitor,2025-09-30,77800
RTO,Wānaka RTO,RTO_2025_35,Total visitor,2025-09-30,186000
RTO,Wānaka RTO,RTO_2025_35,Domestic visitor,2025-09-30,113400
RTO,Wānaka RTO,RTO_2025_35,International visitor (short-stay),2025-09-30,69800
RTO,Wānaka RTO,RTO_2025_35,Total international visitor,2025-09-30,72600
RTO,Wānaka RTO,RTO_2025_35,Local resident,2025-09-30,19600
RTO,Wellington RTO,RTO_2025_23,International visitor (short-stay),2025-09-30,38400
RTO,Wellington RTO,RTO_2025_23,Total visitor,2025-09-30,464300
RTO,Wellington RTO,RTO_2025_23,Local resident,2025-09-30,505000
RTO,Wellington RTO,RTO_2025_23,Domestic visitor,2025-09-30,418300
RTO,Wellington RTO,RTO_2025_23,Total international visitor,2025-09-30,46000
RTO,West Coast RTO,RTO_2025_26,Total visitor,2025-09-30,122200
RTO,West Coast RTO,RTO_2025_26,Domestic visitor,2025-09-30,91600
RTO,West Coast RTO,RTO_2025_26,Local resident,2025-09-30,31100
RTO,West Coast RTO,RTO_2025_26,International visitor (short-stay),2025-09-30,29300
RTO,West Coast RTO,RTO_2025_26,Total international visitor,2025-09-30,30600
RTO,Whakatane,RTO_2025_09,Domestic visitor,2025-09-30,97800
RTO,Whakatane,RTO_2025_09,Local resident,2025-09-30,38800
RTO,Whakatane,RTO_2025_09,International visitor (short-stay),2025-09-30,3910
RTO,Whakatane,RTO_2025_09,Total international visitor,2025-09-30,4790
RTO,Whakatane,RTO_2025_09,Total visitor,2025-09-30,102600
RTO,Whanganui RTO,RTO_2025_17,Total visitor,2025-09-30,165600
RTO,Whanganui RTO,RTO_2025_17,International visitor (short-stay),2025-09-30,6060
RTO,Whanganui RTO,RTO_2025_17,Local resident,2025-09-30,47600
RTO,Whanganui RTO,RTO_2025_17,Total international visitor,2025-09-30,6970
RTO,Whanganui RTO,RTO_2025_17,Domestic visitor,2025-09-30,158600
RTO,Auckland RTO,RTO_2025_02,International visitor (short-stay),2025-10-31,212700
RTO,Auckland RTO,RTO_2025_02,Total international visitor,2025-10-31,251800
RTO,Auckland RTO,RTO_2025_02,Local resident,2025-10-31,1837300
RTO,Auckland RTO,RTO_2025_02,Total visitor,2025-10-31,1090100
RTO,Auckland RTO,RTO_2025_02,Domestic visitor,2025-10-31,838300
RTO,Canterbury RTO,RTO_2025_29,Local resident,2025-10-31,621300
RTO,Canterbury RTO,RTO_2025_29,Total visitor,2025-10-31,547400
RTO,Canterbury RTO,RTO_2025_29,Domestic visitor,2025-10-31,425400
RTO,Canterbury RTO,RTO_2025_29,International visitor (short-stay),2025-10-31,112100
RTO,Canterbury RTO,RTO_2025_29,Total international visitor,2025-10-31,122000
RTO,Central Otago RTO,RTO_2025_34,International visitor (short-stay),2025-10-31,95500
RTO,Central Otago RTO,RTO_2025_34,Local resident,2025-10-31,25400
RTO,Central Otago RTO,RTO_2025_34,Total visitor,2025-10-31,299300
RTO,Central Otago RTO,RTO_2025_34,Domestic visitor,2025-10-31,200600
RTO,Central Otago RTO,RTO_2025_34,Total international visitor,2025-10-31,98700
RTO,Clutha RTO,RTO_2025_38,Local resident,2025-10-31,19300
RTO,Clutha RTO,RTO_2025_38,International visitor (short-stay),2025-10-31,27500
RTO,Clutha RTO,RTO_2025_38,Total visitor,2025-10-31,186600
RTO,Clutha RTO,RTO_2025_38,Domestic visitor,2025-10-31,157600
RTO,Clutha RTO,RTO_2025_38,Total international visitor,2025-10-31,29000
RTO,Coastal Bay of Plenty RTO,RTO_2025_08,Local resident,2025-10-31,221900
RTO,Coastal Bay of Plenty RTO,RTO_2025_08,Domestic visitor,2025-10-31,314400
RTO,Coastal Bay of Plenty RTO,RTO_2025_08,Total visitor,2025-10-31,355400
RTO,Coastal Bay of Plenty RTO,RTO_2025_08,International visitor (short-stay),2025-10-31,35500
RTO,Coastal Bay of Plenty RTO,RTO_2025_08,Total international visitor,2025-10-31,41000
RTO,Coromandel RTO,RTO_2025_07,Total visitor,2025-10-31,397900
RTO,Coromandel RTO,RTO_2025_07,International visitor (short-stay),2025-10-31,42300
RTO,Coromandel RTO,RTO_2025_07,Total international visitor,2025-10-31,46800
RTO,Coromandel RTO,RTO_2025_07,Local resident,2025-10-31,53700
RTO,Coromandel RTO,RTO_2025_07,Domestic visitor,2025-10-31,351100
RTO,Dunedin RTO,RTO_2025_37,Total visitor,2025-10-31,222500
RTO,Dunedin RTO,RTO_2025_37,International visitor (short-stay),2025-10-31,36900
RTO,Dunedin RTO,RTO_2025_37,Domestic visitor,2025-10-31,182600
RTO,Dunedin RTO,RTO_2025_37,Total international visitor,2025-10-31,39900
RTO,Dunedin RTO,RTO_2025_37,Local resident,2025-10-31,133100
RTO,Fiordland RTO,RTO_2025_40,Domestic visitor,2025-10-31,48600
RTO,Fiordland RTO,RTO_2025_40,Total international visitor,2025-10-31,67700
RTO,Fiordland RTO,RTO_2025_40,Total visitor,2025-10-31,116300
RTO,Fiordland RTO,RTO_2025_40,International visitor (short-stay),2025-10-31,66400
RTO,Fiordland RTO,RTO_2025_40,Local resident,2025-10-31,4190
RTO,Gisborne RTO,RTO_2025_13,Local resident,2025-10-31,61000
RTO,Gisborne RTO,RTO_2025_13,Domestic visitor,2025-10-31,106200
RTO,Gisborne RTO,RTO_2025_13,Total international visitor,2025-10-31,8990
RTO,Gisborne RTO,RTO_2025_13,Total visitor,2025-10-31,115200
RTO,Gisborne RTO,RTO_2025_13,International visitor (short-stay),2025-10-31,7390
RTO,Hawke's Bay RTO,RTO_2025_14,Total visitor,2025-10-31,207800
RTO,Hawke's Bay RTO,RTO_2025_14,Domestic visitor,2025-10-31,187000
RTO,Hawke's Bay RTO,RTO_2025_14,Total international visitor,2025-10-31,20800
RTO,Hawke's Bay RTO,RTO_2025_14,Local resident,2025-10-31,176100
RTO,Hawke's Bay RTO,RTO_2025_14,International visitor (short-stay),2025-10-31,17700
RTO,Horowhenua,RTO_2025_22,Total visitor,2025-10-31,324600
RTO,Horowhenua,RTO_2025_22,Domestic visitor,2025-10-31,303500
RTO,Horowhenua,RTO_2025_22,International visitor (short-stay),2025-10-31,19500
RTO,Horowhenua,RTO_2025_22,Total international visitor,2025-10-31,21100
RTO,Horowhenua,RTO_2025_22,Local resident,2025-10-31,38700
RTO,Hurunui RTO,RTO_2025_28,International visitor (short-stay),2025-10-31,39900
RTO,Hurunui RTO,RTO_2025_28,Total visitor,2025-10-31,276600
RTO,Hurunui RTO,RTO_2025_28,Domestic visitor,2025-10-31,234100
RTO,Hurunui RTO,RTO_2025_28,Local resident,2025-10-31,15100
RTO,Hurunui RTO,RTO_2025_28,Total international visitor,2025-10-31,42500
RTO,Kaikōura RTO,RTO_2025_27,Total visitor,2025-10-31,145500
RTO,Kaikōura RTO,RTO_2025_27,Total international visitor,2025-10-31,33900
RTO,Kaikōura RTO,RTO_2025_27,Local resident,2025-10-31,4510
RTO,Kaikōura RTO,RTO_2025_27,International visitor (short-stay),2025-10-31,32200
RTO,Kaikōura RTO,RTO_2025_27,Domestic visitor,2025-10-31,111600
RTO,Mackenzie RTO,RTO_2025_31,International visitor (short-stay),2025-10-31,90800
RTO,Mackenzie RTO,RTO_2025_31,Total visitor,2025-10-31,223200
RTO,Mackenzie RTO,RTO_2025_31,Local resident,2025-10-31,5530
RTO,Mackenzie RTO,RTO_2025_31,Domestic visitor,2025-10-31,129800
RTO,Mackenzie RTO,RTO_2025_31,Total international visitor,2025-10-31,93400
RTO,Manawatū RTO,RTO_2025_19,Local resident,2025-10-31,126600
RTO,Manawatū RTO,RTO_2025_19,Domestic visitor,2025-10-31,395700
RTO,Manawatū RTO,RTO_2025_19,Total visitor,2025-10-31,421500
RTO,Manawatū RTO,RTO_2025_19,International visitor (short-stay),2025-10-31,23100
RTO,Manawatū RTO,RTO_2025_19,Total international visitor,2025-10-31,25800
RTO,Marlborough RTO,RTO_2025_24,Total international visitor,2025-10-31,41700
RTO,Marlborough RTO,RTO_2025_24,Domestic visitor,2025-10-31,166600
RTO,Marlborough RTO,RTO_2025_24,Total visitor,2025-10-31,208300
RTO,Marlborough RTO,RTO_2025_24,Local resident,2025-10-31,49700
RTO,Marlborough RTO,RTO_2025_24,International visitor (short-stay),2025-10-31,38700
RTO,Nelson Tasman RTO,RTO_2025_25,Total international visitor,2025-10-31,31900
RTO,Nelson Tasman RTO,RTO_2025_25,Local resident,2025-10-31,109400
RTO,Nelson Tasman RTO,RTO_2025_25,Domestic visitor,2025-10-31,122300
RTO,Nelson Tasman RTO,RTO_2025_25,International visitor (short-stay),2025-10-31,29200
RTO,Nelson Tasman RTO,RTO_2025_25,Total visitor,2025-10-31,154200
National,New Zealand,NZ_2025_01,Domestic visitor,2025-10-31,3280700
National,New Zealand,NZ_2025_01,Local resident,2025-10-31,5135200
National,New Zealand,NZ_2025_01,International visitor (short-stay),2025-10-31,354300
National,New Zealand,NZ_2025_01,Total international visitor,2025-10-31,424800
National,New Zealand,NZ_2025_01,Total visitor,2025-10-31,3705500
RTO,Northland RTO,RTO_2025_01,Total visitor,2025-10-31,313400
RTO,Northland RTO,RTO_2025_01,International visitor (short-stay),2025-10-31,38800
RTO,Northland RTO,RTO_2025_01,Domestic visitor,2025-10-31,269800
RTO,Northland RTO,RTO_2025_01,Local resident,2025-10-31,196700
RTO,Northland RTO,RTO_2025_01,Total international visitor,2025-10-31,43600
RTO,Ōtorohanga,RTO_2025_05,Total visitor,2025-10-31,159900
RTO,Ōtorohanga,RTO_2025_05,Total international visitor,2025-10-31,6980
RTO,Ōtorohanga,RTO_2025_05,International visitor (short-stay),2025-10-31,6260
RTO,Ōtorohanga,RTO_2025_05,Local resident,2025-10-31,12100
RTO,Ōtorohanga,RTO_2025_05,Domestic visitor,2025-10-31,152900
RTO,Queenstown RTO,RTO_2025_36,Total visitor,2025-10-31,294700
RTO,Queenstown RTO,RTO_2025_36,International visitor (short-stay),2025-10-31,123500
RTO,Queenstown RTO,RTO_2025_36,Local resident,2025-10-31,38000
RTO,Queenstown RTO,RTO_2025_36,Domestic visitor,2025-10-31,166600
RTO,Queenstown RTO,RTO_2025_36,Total international visitor,2025-10-31,128100
RTO,Rangitīkei,RTO_2025_18,Local resident,2025-10-31,16300
RTO,Rangitīkei,RTO_2025_18,International visitor (short-stay),2025-10-31,21900
RTO,Rangitīkei,RTO_2025_18,Total international visitor,2025-10-31,23600
RTO,Rangitīkei,RTO_2025_18,Domestic visitor,2025-10-31,305200
RTO,Rangitīkei,RTO_2025_18,Total visitor,2025-10-31,328800
RTO,Rotorua RTO,RTO_2025_11,Total visitor,2025-10-31,439400
RTO,Rotorua RTO,RTO_2025_11,Local resident,2025-10-31,76300
RTO,Rotorua RTO,RTO_2025_11,Domestic visitor,2025-10-31,369400
RTO,Rotorua RTO,RTO_2025_11,International visitor (short-stay),2025-10-31,66200
RTO,Rotorua RTO,RTO_2025_11,Total international visitor,2025-10-31,70000
RTO,Ruapehu RTO,RTO_2025_15,Total visitor,2025-10-31,266000
RTO,Ruapehu RTO,RTO_2025_15,International visitor (short-stay),2025-10-31,28600
RTO,Ruapehu RTO,RTO_2025_15,Total international visitor,2025-10-31,30600
RTO,Ruapehu RTO,RTO_2025_15,Domestic visitor,2025-10-31,235400
RTO,Ruapehu RTO,RTO_2025_15,Local resident,2025-10-31,13000
RTO,Southland RTO,RTO_2025_39,International visitor (short-stay),2025-10-31,76800
RTO,Southland RTO,RTO_2025_39,Total visitor,2025-10-31,225700
RTO,Southland RTO,RTO_2025_39,Domestic visitor,2025-10-31,146200
RTO,Southland RTO,RTO_2025_39,Total international visitor,2025-10-31,79500
RTO,Southland RTO,RTO_2025_39,Local resident,2025-10-31,99800
RTO,Taranaki RTO,RTO_2025_16,Local resident,2025-10-31,128600
RTO,Taranaki RTO,RTO_2025_16,International visitor (short-stay),2025-10-31,20300
RTO,Taranaki RTO,RTO_2025_16,Total visitor,2025-10-31,180700
RTO,Taranaki RTO,RTO_2025_16,Total international visitor,2025-10-31,22600
RTO,Taranaki RTO,RTO_2025_16,Domestic visitor,2025-10-31,158100
RTO,Tararua,RTO_2025_20,Total visitor,2025-10-31,220200
RTO,Tararua,RTO_2025_20,Total international visitor,2025-10-31,11800
RTO,Tararua,RTO_2025_20,Local resident,2025-10-31,19600
RTO,Tararua,RTO_2025_20,International visitor (short-stay),2025-10-31,10500
RTO,Tararua,RTO_2025_20,Domestic visitor,2025-10-31,208400
RTO,Taupō RTO,RTO_2025_12,Domestic visitor,2025-10-31,360400
RTO,Taupō RTO,RTO_2025_12,International visitor (short-stay),2025-10-31,50500
RTO,Taupō RTO,RTO_2025_12,Total visitor,2025-10-31,414600
RTO,Taupō RTO,RTO_2025_12,Total international visitor,2025-10-31,54200
RTO,Taupō RTO,RTO_2025_12,Local resident,2025-10-31,42100
RTO,Timaru RTO,RTO_2025_30,International visitor (short-stay),2025-10-31,68500
RTO,Timaru RTO,RTO_2025_30,Local resident,2025-10-31,50200
RTO,Timaru RTO,RTO_2025_30,Total international visitor,2025-10-31,71400
RTO,Timaru RTO,RTO_2025_30,Total visitor,2025-10-31,309100
RTO,Timaru RTO,RTO_2025_30,Domestic visitor,2025-10-31,237700
RTO,Waikato RTO,RTO_2025_03,Local resident,2025-10-31,390700
RTO,Waikato RTO,RTO_2025_03,International visitor (short-stay),2025-10-31,118300
RTO,Waikato RTO,RTO_2025_03,Domestic visitor,2025-10-31,766300
RTO,Waikato RTO,RTO_2025_03,Total visitor,2025-10-31,898200
RTO,Waikato RTO,RTO_2025_03,Total international visitor,2025-10-31,131900
RTO,Waimate,RTO_2025_32,Total international visitor,2025-10-31,33800
RTO,Waimate,RTO_2025_32,Domestic visitor,2025-10-31,167300
RTO,Waimate,RTO_2025_32,Local resident,2025-10-31,8740
RTO,Waimate,RTO_2025_32,Total visitor,2025-10-31,201100
RTO,Waimate,RTO_2025_32,International visitor (short-stay),2025-10-31,32100
RTO,Wairarapa RTO,RTO_2025_21,Local resident,2025-10-31,51000
RTO,Wairarapa RTO,RTO_2025_21,Domestic visitor,2025-10-31,128400
RTO,Wairarapa RTO,RTO_2025_21,International visitor (short-stay),2025-10-31,10300
RTO,Wairarapa RTO,RTO_2025_21,Total visitor,2025-10-31,140200
RTO,Wairarapa RTO,RTO_2025_21,Total international visitor,2025-10-31,11800
RTO,Waitaki RTO,RTO_2025_33,Total visitor,2025-10-31,320900
RTO,Waitaki RTO,RTO_2025_33,Domestic visitor,2025-10-31,229100
RTO,Waitaki RTO,RTO_2025_33,International visitor (short-stay),2025-10-31,88500
RTO,Waitaki RTO,RTO_2025_33,Local resident,2025-10-31,24500
RTO,Waitaki RTO,RTO_2025_33,Total international visitor,2025-10-31,91800
RTO,Waitomo,RTO_2025_06,International visitor (short-stay),2025-10-31,7300
RTO,Waitomo,RTO_2025_06,Local resident,2025-10-31,10700
RTO,Waitomo,RTO_2025_06,Total international visitor,2025-10-31,8130
RTO,Waitomo,RTO_2025_06,Total visitor,2025-10-31,126600
RTO,Waitomo,RTO_2025_06,Domestic visitor,2025-10-31,118500
RTO,Wānaka RTO,RTO_2025_35,Total international visitor,2025-10-31,85600
RTO,Wānaka RTO,RTO_2025_35,Total visitor,2025-10-31,192200
RTO,Wānaka RTO,RTO_2025_35,Local resident,2025-10-31,17400
RTO,Wānaka RTO,RTO_2025_35,Domestic visitor,2025-10-31,106600
RTO,Wānaka RTO,RTO_2025_35,International visitor (short-stay),2025-10-31,83100
RTO,Wellington RTO,RTO_2025_23,Total visitor,2025-10-31,464900
RTO,Wellington RTO,RTO_2025_23,Domestic visitor,2025-10-31,406600
RTO,Wellington RTO,RTO_2025_23,International visitor (short-stay),2025-10-31,50300
RTO,Wellington RTO,RTO_2025_23,Local resident,2025-10-31,493400
RTO,Wellington RTO,RTO_2025_23,Total international visitor,2025-10-31,58300
RTO,West Coast RTO,RTO_2025_26,Total visitor,2025-10-31,136600
RTO,West Coast RTO,RTO_2025_26,Domestic visitor,2025-10-31,93600
RTO,West Coast RTO,RTO_2025_26,Local resident,2025-10-31,32800
RTO,West Coast RTO,RTO_2025_26,International visitor (short-stay),2025-10-31,41500
RTO,West Coast RTO,RTO_2025_26,Total international visitor,2025-10-31,43000
RTO,Whakatane,RTO_2025_09,International visitor (short-stay),2025-10-31,5660
RTO,Whakatane,RTO_2025_09,Local resident,2025-10-31,40200
RTO,Whakatane,RTO_2025_09,Total international visitor,2025-10-31,6540
RTO,Whakatane,RTO_2025_09,Total visitor,2025-10-31,127800
RTO,Whakatane,RTO_2025_09,Domestic visitor,2025-10-31,121300
RTO,Whanganui RTO,RTO_2025_17,Domestic visitor,2025-10-31,159600
RTO,Whanganui RTO,RTO_2025_17,Total visitor,2025-10-31,169900
RTO,Whanganui RTO,RTO_2025_17,Local resident,2025-10-31,48600
RTO,Whanganui RTO,RTO_2025_17,International visitor (short-stay),2025-10-31,9230
RTO,Whanganui RTO,RTO_2025_17,Total international visitor,2025-10-31,10300
RTO,Auckland RTO,RTO_2025_02,Total visitor,2025-11-30,1216400
RTO,Auckland RTO,RTO_2025_02,Local resident,2025-11-30,1861300
RTO,Auckland RTO,RTO_2025_02,Domestic visitor,2025-11-30,907600
RTO,Auckland RTO,RTO_2025_02,Total international visitor,2025-11-30,308800
RTO,Auckland RTO,RTO_2025_02,International visitor (short-stay),2025-11-30,264600
RTO,Canterbury RTO,RTO_2025_29,Total visitor,2025-11-30,654800
RTO,Canterbury RTO,RTO_2025_29,Local resident,2025-11-30,622200
RTO,Canterbury RTO,RTO_2025_29,International visitor (short-stay),2025-11-30,169500
RTO,Canterbury RTO,RTO_2025_29,Total international visitor,2025-11-30,182200
RTO,Canterbury RTO,RTO_2025_29,Domestic visitor,2025-11-30,472600
RTO,Central Otago RTO,RTO_2025_34,Total visitor,2025-11-30,366800
RTO,Central Otago RTO,RTO_2025_34,International visitor (short-stay),2025-11-30,132100
RTO,Central Otago RTO,RTO_2025_34,Total international visitor,2025-11-30,136200
RTO,Central Otago RTO,RTO_2025_34,Local resident,2025-11-30,25800
RTO,Central Otago RTO,RTO_2025_34,Domestic visitor,2025-11-30,230600
RTO,Clutha RTO,RTO_2025_38,International visitor (short-stay),2025-11-30,42300
RTO,Clutha RTO,RTO_2025_38,Total international visitor,2025-11-30,44300
RTO,Clutha RTO,RTO_2025_38,Total visitor,2025-11-30,216600
RTO,Clutha RTO,RTO_2025_38,Local resident,2025-11-30,19900
RTO,Clutha RTO,RTO_2025_38,Domestic visitor,2025-11-30,172300
RTO,Coastal Bay of Plenty RTO,RTO_2025_08,International visitor (short-stay),2025-11-30,49700
RTO,Coastal Bay of Plenty RTO,RTO_2025_08,Total international visitor,2025-11-30,55500
RTO,Coastal Bay of Plenty RTO,RTO_2025_08,Local resident,2025-11-30,218000
RTO,Coastal Bay of Plenty RTO,RTO_2025_08,Domestic visitor,2025-11-30,333600
RTO,Coastal Bay of Plenty RTO,RTO_2025_08,Total visitor,2025-11-30,389100
RTO,Coromandel RTO,RTO_2025_07,Local resident,2025-11-30,53800
RTO,Coromandel RTO,RTO_2025_07,International visitor (short-stay),2025-11-30,62000
RTO,Coromandel RTO,RTO_2025_07,Total international visitor,2025-11-30,66800
RTO,Coromandel RTO,RTO_2025_07,Domestic visitor,2025-11-30,364700
RTO,Coromandel RTO,RTO_2025_07,Total visitor,2025-11-30,431500
RTO,Dunedin RTO,RTO_2025_37,Local resident,2025-11-30,130000
RTO,Dunedin RTO,RTO_2025_37,Domestic visitor,2025-11-30,202500
RTO,Dunedin RTO,RTO_2025_37,Total international visitor,2025-11-30,69300
RTO,Dunedin RTO,RTO_2025_37,International visitor (short-stay),2025-11-30,65600
RTO,Dunedin RTO,RTO_2025_37,Total visitor,2025-11-30,271800
RTO,Fiordland RTO,RTO_2025_40,Local resident,2025-11-30,4880
RTO,Fiordland RTO,RTO_2025_40,Total international visitor,2025-11-30,113700
RTO,Fiordland RTO,RTO_2025_40,Total visitor,2025-11-30,186500
RTO,Fiordland RTO,RTO_2025_40,International visitor (short-stay),2025-11-30,111500
RTO,Fiordland RTO,RTO_2025_40,Domestic visitor,2025-11-30,72800
RTO,Gisborne RTO,RTO_2025_13,Total visitor,2025-11-30,126900
RTO,Gisborne RTO,RTO_2025_13,International visitor (short-stay),2025-11-30,14500
RTO,Gisborne RTO,RTO_2025_13,Local resident,2025-11-30,58500
RTO,Gisborne RTO,RTO_2025_13,Total international visitor,2025-11-30,16400
RTO,Gisborne RTO,RTO_2025_13,Domestic visitor,2025-11-30,110500
RTO,Hawke's Bay RTO,RTO_2025_14,Total visitor,2025-11-30,229100
RTO,Hawke's Bay RTO,RTO_2025_14,International visitor (short-stay),2025-11-30,32300
RTO,Hawke's Bay RTO,RTO_2025_14,Domestic visitor,2025-11-30,193300
RTO,Hawke's Bay RTO,RTO_2025_14,Total international visitor,2025-11-30,35800
RTO,Hawke's Bay RTO,RTO_2025_14,Local resident,2025-11-30,175500
RTO,Horowhenua,RTO_2025_22,Domestic visitor,2025-11-30,317800
RTO,Horowhenua,RTO_2025_22,Total visitor,2025-11-30,352500
RTO,Horowhenua,RTO_2025_22,Local resident,2025-11-30,38600
RTO,Horowhenua,RTO_2025_22,International visitor (short-stay),2025-11-30,32700
RTO,Horowhenua,RTO_2025_22,Total international visitor,2025-11-30,34700
RTO,Hurunui RTO,RTO_2025_28,Domestic visitor,2025-11-30,257400
RTO,Hurunui RTO,RTO_2025_28,Total international visitor,2025-11-30,68500
RTO,Hurunui RTO,RTO_2025_28,Total visitor,2025-11-30,325900
RTO,Hurunui RTO,RTO_2025_28,Local resident,2025-11-30,15500
RTO,Hurunui RTO,RTO_2025_28,International visitor (short-stay),2025-11-30,65100
RTO,Kaikōura RTO,RTO_2025_27,Total visitor,2025-11-30,176300
RTO,Kaikōura RTO,RTO_2025_27,International visitor (short-stay),2025-11-30,52300
RTO,Kaikōura RTO,RTO_2025_27,Domestic visitor,2025-11-30,121900
RTO,Kaikōura RTO,RTO_2025_27,Local resident,2025-11-30,4720
RTO,Kaikōura RTO,RTO_2025_27,Total international visitor,2025-11-30,54400
RTO,Mackenzie RTO,RTO_2025_31,Local resident,2025-11-30,6060
RTO,Mackenzie RTO,RTO_2025_31,Domestic visitor,2025-11-30,155600
RTO,Mackenzie RTO,RTO_2025_31,International visitor (short-stay),2025-11-30,133300
RTO,Mackenzie RTO,RTO_2025_31,Total visitor,2025-11-30,292300
RTO,Mackenzie RTO,RTO_2025_31,Total international visitor,2025-11-30,136700
RTO,Manawatū RTO,RTO_2025_19,Local resident,2025-11-30,123500
RTO,Manawatū RTO,RTO_2025_19,Domestic visitor,2025-11-30,404600
RTO,Manawatū RTO,RTO_2025_19,Total international visitor,2025-11-30,39700
RTO,Manawatū RTO,RTO_2025_19,Total visitor,2025-11-30,444300
RTO,Manawatū RTO,RTO_2025_19,International visitor (short-stay),2025-11-30,36700
RTO,Marlborough RTO,RTO_2025_24,Total international visitor,2025-11-30,78200
RTO,Marlborough RTO,RTO_2025_24,Total visitor,2025-11-30,275500
RTO,Marlborough RTO,RTO_2025_24,Domestic visitor,2025-11-30,197300
RTO,Marlborough RTO,RTO_2025_24,Local resident,2025-11-30,50700
RTO,Marlborough RTO,RTO_2025_24,International visitor (short-stay),2025-11-30,74400
RTO,Nelson Tasman RTO,RTO_2025_25,Total visitor,2025-11-30,196600
RTO,Nelson Tasman RTO,RTO_2025_25,Local resident,2025-11-30,110500
RTO,Nelson Tasman RTO,RTO_2025_25,International visitor (short-stay),2025-11-30,52300
RTO,Nelson Tasman RTO,RTO_2025_25,Domestic visitor,2025-11-30,141000
RTO,Nelson Tasman RTO,RTO_2025_25,Total international visitor,2025-11-30,55600
National,New Zealand,NZ_2025_01,International visitor (short-stay),2025-11-30,440800
National,New Zealand,NZ_2025_01,Total visitor,2025-11-30,3945200
National,New Zealand,NZ_2025_01,Domestic visitor,2025-11-30,3424800
National,New Zealand,NZ_2025_01,Local resident,2025-11-30,5143600
National,New Zealand,NZ_2025_01,Total international visitor,2025-11-30,520400
RTO,Northland RTO,RTO_2025_01,Local resident,2025-11-30,193900
RTO,Northland RTO,RTO_2025_01,Total visitor,2025-11-30,330100
RTO,Northland RTO,RTO_2025_01,International visitor (short-stay),2025-11-30,52700
RTO,Northland RTO,RTO_2025_01,Domestic visitor,2025-11-30,272200
RTO,Northland RTO,RTO_2025_01,Total international visitor,2025-11-30,57900
RTO,Ōtorohanga,RTO_2025_05,Domestic visitor,2025-11-30,146400
RTO,Ōtorohanga,RTO_2025_05,Total international visitor,2025-11-30,8620
RTO,Ōtorohanga,RTO_2025_05,International visitor (short-stay),2025-11-30,7880
RTO,Ōtorohanga,RTO_2025_05,Total visitor,2025-11-30,155000
RTO,Ōtorohanga,RTO_2025_05,Local resident,2025-11-30,12400
RTO,Queenstown RTO,RTO_2025_36,Total visitor,2025-11-30,370200
RTO,Queenstown RTO,RTO_2025_36,Local resident,2025-11-30,38900
RTO,Queenstown RTO,RTO_2025_36,International visitor (short-stay),2025-11-30,168300
RTO,Queenstown RTO,RTO_2025_36,Domestic visitor,2025-11-30,196400
RTO,Queenstown RTO,RTO_2025_36,Total international visitor,2025-11-30,173800
RTO,Rangitīkei,RTO_2025_18,Total international visitor,2025-11-30,40500
RTO,Rangitīkei,RTO_2025_18,Local resident,2025-11-30,16500
RTO,Rangitīkei,RTO_2025_18,Total visitor,2025-11-30,358200
RTO,Rangitīkei,RTO_2025_18,International visitor (short-stay),2025-11-30,38600
RTO,Rangitīkei,RTO_2025_18,Domestic visitor,2025-11-30,317700
RTO,Rotorua RTO,RTO_2025_11,International visitor (short-stay),2025-11-30,101700
RTO,Rotorua RTO,RTO_2025_11,Total international visitor,2025-11-30,105900
RTO,Rotorua RTO,RTO_2025_11,Domestic visitor,2025-11-30,373700
RTO,Rotorua RTO,RTO_2025_11,Total visitor,2025-11-30,479600
RTO,Rotorua RTO,RTO_2025_11,Local resident,2025-11-30,76700
RTO,Ruapehu RTO,RTO_2025_15,Total visitor,2025-11-30,289000
RTO,Ruapehu RTO,RTO_2025_15,Local resident,2025-11-30,12400
RTO,Ruapehu RTO,RTO_2025_15,Domestic visitor,2025-11-30,237700
RTO,Ruapehu RTO,RTO_2025_15,International visitor (short-stay),2025-11-30,49100
RTO,Ruapehu RTO,RTO_2025_15,Total international visitor,2025-11-30,51300
RTO,Southland RTO,RTO_2025_39,Total international visitor,2025-11-30,132400
RTO,Southland RTO,RTO_2025_39,Local resident,2025-11-30,99800
RTO,Southland RTO,RTO_2025_39,International visitor (short-stay),2025-11-30,128500
RTO,Southland RTO,RTO_2025_39,Total visitor,2025-11-30,305100
RTO,Southland RTO,RTO_2025_39,Domestic visitor,2025-11-30,172700
RTO,Taranaki RTO,RTO_2025_16,Domestic visitor,2025-11-30,175600
RTO,Taranaki RTO,RTO_2025_16,Total visitor,2025-11-30,205500
RTO,Taranaki RTO,RTO_2025_16,International visitor (short-stay),2025-11-30,27400
RTO,Taranaki RTO,RTO_2025_16,Local resident,2025-11-30,127600
RTO,Taranaki RTO,RTO_2025_16,Total international visitor,2025-11-30,29900
RTO,Tararua,RTO_2025_20,Domestic visitor,2025-11-30,217400
RTO,Tararua,RTO_2025_20,Local resident,2025-11-30,20000
RTO,Tararua,RTO_2025_20,International visitor (short-stay),2025-11-30,19100
RTO,Tararua,RTO_2025_20,Total visitor,2025-11-30,238100
RTO,Tararua,RTO_2025_20,Total international visitor,2025-11-30,20700
RTO,Taupō RTO,RTO_2025_12,Local resident,2025-11-30,40000
RTO,Taupō RTO,RTO_2025_12,Total visitor,2025-11-30,437600
RTO,Taupō RTO,RTO_2025_12,Domestic visitor,2025-11-30,354200
RTO,Taupō RTO,RTO_2025_12,International visitor (short-stay),2025-11-30,79300
RTO,Taupō RTO,RTO_2025_12,Total international visitor,2025-11-30,83400
RTO,Timaru RTO,RTO_2025_30,International visitor (short-stay),2025-11-30,100300
RTO,Timaru RTO,RTO_2025_30,Domestic visitor,2025-11-30,265100
RTO,Timaru RTO,RTO_2025_30,Total international visitor,2025-11-30,103900
RTO,Timaru RTO,RTO_2025_30,Local resident,2025-11-30,49900
RTO,Timaru RTO,RTO_2025_30,Total visitor,2025-11-30,369000
RTO,Waikato RTO,RTO_2025_03,Domestic visitor,2025-11-30,798700
RTO,Waikato RTO,RTO_2025_03,Total visitor,2025-11-30,969900
RTO,Waikato RTO,RTO_2025_03,Local resident,2025-11-30,393000
RTO,Waikato RTO,RTO_2025_03,Total international visitor,2025-11-30,171200
RTO,Waikato RTO,RTO_2025_03,International visitor (short-stay),2025-11-30,156400
RTO,Waimate,RTO_2025_32,Total visitor,2025-11-30,229000
RTO,Waimate,RTO_2025_32,Total international visitor,2025-11-30,49700
RTO,Waimate,RTO_2025_32,Domestic visitor,2025-11-30,179300
RTO,Waimate,RTO_2025_32,International visitor (short-stay),2025-11-30,47700
RTO,Waimate,RTO_2025_32,Local resident,2025-11-30,8910
RTO,Wairarapa RTO,RTO_2025_21,Total visitor,2025-11-30,169500
RTO,Wairarapa RTO,RTO_2025_21,Local resident,2025-11-30,51600
RTO,Wairarapa RTO,RTO_2025_21,International visitor (short-stay),2025-11-30,18800
RTO,Wairarapa RTO,RTO_2025_21,Domestic visitor,2025-11-30,148700
RTO,Wairarapa RTO,RTO_2025_21,Total international visitor,2025-11-30,20800
RTO,Waitaki RTO,RTO_2025_33,Domestic visitor,2025-11-30,256100
RTO,Waitaki RTO,RTO_2025_33,International visitor (short-stay),2025-11-30,133300
RTO,Waitaki RTO,RTO_2025_33,Total international visitor,2025-11-30,137400
RTO,Waitaki RTO,RTO_2025_33,Total visitor,2025-11-30,393500
RTO,Waitaki RTO,RTO_2025_33,Local resident,2025-11-30,25700
RTO,Waitomo,RTO_2025_06,International visitor (short-stay),2025-11-30,10100
RTO,Waitomo,RTO_2025_06,Total international visitor,2025-11-30,11100
RTO,Waitomo,RTO_2025_06,Total visitor,2025-11-30,125800
RTO,Waitomo,RTO_2025_06,Local resident,2025-11-30,10700
RTO,Waitomo,RTO_2025_06,Domestic visitor,2025-11-30,114700
RTO,Wānaka RTO,RTO_2025_35,International visitor (short-stay),2025-11-30,121500
RTO,Wānaka RTO,RTO_2025_35,Total international visitor,2025-11-30,124700
RTO,Wānaka RTO,RTO_2025_35,Domestic visitor,2025-11-30,131100
RTO,Wānaka RTO,RTO_2025_35,Total visitor,2025-11-30,255800
RTO,Wānaka RTO,RTO_2025_35,Local resident,2025-11-30,18400
RTO,Wellington RTO,RTO_2025_23,Total visitor,2025-11-30,542500
RTO,Wellington RTO,RTO_2025_23,Local resident,2025-11-30,489500
RTO,Wellington RTO,RTO_2025_23,Domestic visitor,2025-11-30,448200
RTO,Wellington RTO,RTO_2025_23,International visitor (short-stay),2025-11-30,84900
RTO,Wellington RTO,RTO_2025_23,Total international visitor,2025-11-30,94300
RTO,West Coast RTO,RTO_2025_26,Total visitor,2025-11-30,198100
RTO,West Coast RTO,RTO_2025_26,Domestic visitor,2025-11-30,120400
RTO,West Coast RTO,RTO_2025_26,Local resident,2025-11-30,34200
RTO,West Coast RTO,RTO_2025_26,International visitor (short-stay),2025-11-30,75400
RTO,West Coast RTO,RTO_2025_26,Total international visitor,2025-11-30,77700
RTO,Whakatane,RTO_2025_09,Domestic visitor,2025-11-30,124800
RTO,Whakatane,RTO_2025_09,Local resident,2025-11-30,39100
RTO,Whakatane,RTO_2025_09,International visitor (short-stay),2025-11-30,8820
RTO,Whakatane,RTO_2025_09,Total international visitor,2025-11-30,9850
RTO,Whakatane,RTO_2025_09,Total visitor,2025-11-30,134700
RTO,Whanganui RTO,RTO_2025_17,International visitor (short-stay),2025-11-30,15500
RTO,Whanganui RTO,RTO_2025_17,Total visitor,2025-11-30,187000
RTO,Whanganui RTO,RTO_2025_17,Local resident,2025-11-30,47300
RTO,Whanganui RTO,RTO_2025_17,Total international visitor,2025-11-30,16700
RTO,Whanganui RTO,RTO_2025_17,Domestic visitor,2025-11-30,170300
RTO,Auckland RTO,RTO_2025_02,International visitor (short-stay),2025-12-31,378400
RTO,Auckland RTO,RTO_2025_02,Local resident,2025-12-31,1777100
RTO,Auckland RTO,RTO_2025_02,Total visitor,2025-12-31,1369600
RTO,Auckland RTO,RTO_2025_02,Domestic visitor,2025-12-31,945900
RTO,Auckland RTO,RTO_2025_02,Total international visitor,2025-12-31,423700
RTO,Canterbury RTO,RTO_2025_29,Total visitor,2025-12-31,726600
RTO,Canterbury RTO,RTO_2025_29,Domestic visitor,2025-12-31,491700
RTO,Canterbury RTO,RTO_2025_29,International visitor (short-stay),2025-12-31,220800
RTO,Canterbury RTO,RTO_2025_29,Total international visitor,2025-12-31,234900
RTO,Canterbury RTO,RTO_2025_29,Local resident,2025-12-31,597900
RTO,Central Otago RTO,RTO_2025_34,International visitor (short-stay),2025-12-31,169500
RTO,Central Otago RTO,RTO_2025_34,Total visitor,2025-12-31,456700
RTO,Central Otago RTO,RTO_2025_34,Domestic visitor,2025-12-31,281700
RTO,Central Otago RTO,RTO_2025_34,Local resident,2025-12-31,28000
RTO,Central Otago RTO,RTO_2025_34,Total international visitor,2025-12-31,175000
RTO,Clutha RTO,RTO_2025_38,Total visitor,2025-12-31,244800
RTO,Clutha RTO,RTO_2025_38,Domestic visitor,2025-12-31,190200
RTO,Clutha RTO,RTO_2025_38,Total international visitor,2025-12-31,54600
RTO,Clutha RTO,RTO_2025_38,International visitor (short-stay),2025-12-31,52400
RTO,Clutha RTO,RTO_2025_38,Local resident,2025-12-31,20200
RTO,Coastal Bay of Plenty RTO,RTO_2025_08,Total visitor,2025-12-31,488600
RTO,Coastal Bay of Plenty RTO,RTO_2025_08,Local resident,2025-12-31,229300
RTO,Coastal Bay of Plenty RTO,RTO_2025_08,Domestic visitor,2025-12-31,394300
RTO,Coastal Bay of Plenty RTO,RTO_2025_08,Total international visitor,2025-12-31,94300
RTO,Coastal Bay of Plenty RTO,RTO_2025_08,International visitor (short-stay),2025-12-31,87200
RTO,Coromandel RTO,RTO_2025_07,Domestic visitor,2025-12-31,483200
RTO,Coromandel RTO,RTO_2025_07,International visitor (short-stay),2025-12-31,103300
RTO,Coromandel RTO,RTO_2025_07,Total international visitor,2025-12-31,110200
RTO,Coromandel RTO,RTO_2025_07,Total visitor,2025-12-31,593400
RTO,Coromandel RTO,RTO_2025_07,Local resident,2025-12-31,58200
RTO,Dunedin RTO,RTO_2025_37,Domestic visitor,2025-12-31,207900
RTO,Dunedin RTO,RTO_2025_37,International visitor (short-stay),2025-12-31,83400
RTO,Dunedin RTO,RTO_2025_37,Local resident,2025-12-31,123600
RTO,Dunedin RTO,RTO_2025_37,Total international visitor,2025-12-31,87300
RTO,Dunedin RTO,RTO_2025_37,Total visitor,2025-12-31,295200
RTO,Fiordland RTO,RTO_2025_40,International visitor (short-stay),2025-12-31,137900
RTO,Fiordland RTO,RTO_2025_40,Total international visitor,2025-12-31,140700
RTO,Fiordland RTO,RTO_2025_40,Local resident,2025-12-31,4930
RTO,Fiordland RTO,RTO_2025_40,Total visitor,2025-12-31,221200
RTO,Fiordland RTO,RTO_2025_40,Domestic visitor,2025-12-31,80500
RTO,Gisborne RTO,RTO_2025_13,International visitor (short-stay),2025-12-31,30900
RTO,Gisborne RTO,RTO_2025_13,Total international visitor,2025-12-31,33500
RTO,Gisborne RTO,RTO_2025_13,Total visitor,2025-12-31,187600
RTO,Gisborne RTO,RTO_2025_13,Local resident,2025-12-31,65700
RTO,Gisborne RTO,RTO_2025_13,Domestic visitor,2025-12-31,154100
RTO,Hawke's Bay RTO,RTO_2025_14,Total international visitor,2025-12-31,67500
RTO,Hawke's Bay RTO,RTO_2025_14,Local resident,2025-12-31,181800
RTO,Hawke's Bay RTO,RTO_2025_14,Total visitor,2025-12-31,289600
RTO,Hawke's Bay RTO,RTO_2025_14,International visitor (short-stay),2025-12-31,63100
RTO,Hawke's Bay RTO,RTO_2025_14,Domestic visitor,2025-12-31,222100
RTO,Horowhenua,RTO_2025_22,Total visitor,2025-12-31,427800
RTO,Horowhenua,RTO_2025_22,Local resident,2025-12-31,41000
RTO,Horowhenua,RTO_2025_22,Total international visitor,2025-12-31,42600
RTO,Horowhenua,RTO_2025_22,International visitor (short-stay),2025-12-31,40100
RTO,Horowhenua,RTO_2025_22,Domestic visitor,2025-12-31,385200
RTO,Hurunui RTO,RTO_2025_28,Local resident,2025-12-31,15200
RTO,Hurunui RTO,RTO_2025_28,International visitor (short-stay),2025-12-31,83100
RTO,Hurunui RTO,RTO_2025_28,Domestic visitor,2025-12-31,294800
RTO,Hurunui RTO,RTO_2025_28,Total international visitor,2025-12-31,87300
RTO,Hurunui RTO,RTO_2025_28,Total visitor,2025-12-31,382100
RTO,Kaikōura RTO,RTO_2025_27,Domestic visitor,2025-12-31,144500
RTO,Kaikōura RTO,RTO_2025_27,Local resident,2025-12-31,4730
RTO,Kaikōura RTO,RTO_2025_27,Total visitor,2025-12-31,211800
RTO,Kaikōura RTO,RTO_2025_27,International visitor (short-stay),2025-12-31,64500
RTO,Kaikōura RTO,RTO_2025_27,Total international visitor,2025-12-31,67300
RTO,Mackenzie RTO,RTO_2025_31,Total visitor,2025-12-31,359500
RTO,Mackenzie RTO,RTO_2025_31,International visitor (short-stay),2025-12-31,166300
RTO,Mackenzie RTO,RTO_2025_31,Domestic visitor,2025-12-31,188400
RTO,Mackenzie RTO,RTO_2025_31,Total international visitor,2025-12-31,171100
RTO,Mackenzie RTO,RTO_2025_31,Local resident,2025-12-31,6150
RTO,Manawatū RTO,RTO_2025_19,International visitor (short-stay),2025-12-31,44600
RTO,Manawatū RTO,RTO_2025_19,Local resident,2025-12-31,121000
RTO,Manawatū RTO,RTO_2025_19,Domestic visitor,2025-12-31,477500
RTO,Manawatū RTO,RTO_2025_19,Total visitor,2025-12-31,525700
RTO,Manawatū RTO,RTO_2025_19,Total international visitor,2025-12-31,48200
RTO,Marlborough RTO,RTO_2025_24,Total visitor,2025-12-31,338900
RTO,Marlborough RTO,RTO_2025_24,Domestic visitor,2025-12-31,234100
RTO,Marlborough RTO,RTO_2025_24,International visitor (short-stay),2025-12-31,100100
RTO,Marlborough RTO,RTO_2025_24,Local resident,2025-12-31,54500
RTO,Marlborough RTO,RTO_2025_24,Total international visitor,2025-12-31,104800
RTO,Nelson Tasman RTO,RTO_2025_25,Domestic visitor,2025-12-31,166800
RTO,Nelson Tasman RTO,RTO_2025_25,Local resident,2025-12-31,120800
RTO,Nelson Tasman RTO,RTO_2025_25,Total international visitor,2025-12-31,68200
RTO,Nelson Tasman RTO,RTO_2025_25,Total visitor,2025-12-31,235000
RTO,Nelson Tasman RTO,RTO_2025_25,International visitor (short-stay),2025-12-31,64300
National,New Zealand,NZ_2025_01,Domestic visitor,2025-12-31,3599000
National,New Zealand,NZ_2025_01,International visitor (short-stay),2025-12-31,632900
National,New Zealand,NZ_2025_01,Total visitor,2025-12-31,4313700
National,New Zealand,NZ_2025_01,Local resident,2025-12-31,5135200
National,New Zealand,NZ_2025_01,Total international visitor,2025-12-31,714700
RTO,Northland RTO,RTO_2025_01,Local resident,2025-12-31,215200
RTO,Northland RTO,RTO_2025_01,Total international visitor,2025-12-31,89200
RTO,Northland RTO,RTO_2025_01,International visitor (short-stay),2025-12-31,82700
RTO,Northland RTO,RTO_2025_01,Domestic visitor,2025-12-31,326500
RTO,Northland RTO,RTO_2025_01,Total visitor,2025-12-31,415700
RTO,Ōtorohanga,RTO_2025_05,Total visitor,2025-12-31,146300
RTO,Ōtorohanga,RTO_2025_05,International visitor (short-stay),2025-12-31,8610
RTO,Ōtorohanga,RTO_2025_05,Domestic visitor,2025-12-31,137000
RTO,Ōtorohanga,RTO_2025_05,Total international visitor,2025-12-31,9320
RTO,Ōtorohanga,RTO_2025_05,Local resident,2025-12-31,12000
RTO,Queenstown RTO,RTO_2025_36,Total visitor,2025-12-31,443100
RTO,Queenstown RTO,RTO_2025_36,International visitor (short-stay),2025-12-31,217200
RTO,Queenstown RTO,RTO_2025_36,Local resident,2025-12-31,39400
RTO,Queenstown RTO,RTO_2025_36,Total international visitor,2025-12-31,224100
RTO,Queenstown RTO,RTO_2025_36,Domestic visitor,2025-12-31,219000
RTO,Rangitīkei,RTO_2025_18,Domestic visitor,2025-12-31,385000
RTO,Rangitīkei,RTO_2025_18,Total international visitor,2025-12-31,49800
RTO,Rangitīkei,RTO_2025_18,Total visitor,2025-12-31,434800
RTO,Rangitīkei,RTO_2025_18,International visitor (short-stay),2025-12-31,47000
RTO,Rangitīkei,RTO_2025_18,Local resident,2025-12-31,17500
RTO,Rotorua RTO,RTO_2025_11,Total visitor,2025-12-31,572400
RTO,Rotorua RTO,RTO_2025_11,Local resident,2025-12-31,80000
RTO,Rotorua RTO,RTO_2025_11,Domestic visitor,2025-12-31,437800
RTO,Rotorua RTO,RTO_2025_11,International visitor (short-stay),2025-12-31,129000
RTO,Rotorua RTO,RTO_2025_11,Total international visitor,2025-12-31,134600
RTO,Ruapehu RTO,RTO_2025_15,Total visitor,2025-12-31,372300
RTO,Ruapehu RTO,RTO_2025_15,Total international visitor,2025-12-31,66300
RTO,Ruapehu RTO,RTO_2025_15,Local resident,2025-12-31,12900
RTO,Ruapehu RTO,RTO_2025_15,Domestic visitor,2025-12-31,306000
RTO,Ruapehu RTO,RTO_2025_15,International visitor (short-stay),2025-12-31,63300
RTO,Southland RTO,RTO_2025_39,Total visitor,2025-12-31,357000
RTO,Southland RTO,RTO_2025_39,Domestic visitor,2025-12-31,183100
RTO,Southland RTO,RTO_2025_39,International visitor (short-stay),2025-12-31,169200
RTO,Southland RTO,RTO_2025_39,Local resident,2025-12-31,98900
RTO,Southland RTO,RTO_2025_39,Total international visitor,2025-12-31,173900
RTO,Taranaki RTO,RTO_2025_16,Local resident,2025-12-31,131800
RTO,Taranaki RTO,RTO_2025_16,Domestic visitor,2025-12-31,179100
RTO,Taranaki RTO,RTO_2025_16,Total visitor,2025-12-31,216300
RTO,Taranaki RTO,RTO_2025_16,International visitor (short-stay),2025-12-31,34300
RTO,Taranaki RTO,RTO_2025_16,Total international visitor,2025-12-31,37200
RTO,Tararua,RTO_2025_20,Local resident,2025-12-31,20300
RTO,Tararua,RTO_2025_20,International visitor (short-stay),2025-12-31,28900
RTO,Tararua,RTO_2025_20,Total international visitor,2025-12-31,30900
RTO,Tararua,RTO_2025_20,Total visitor,2025-12-31,276000
RTO,Tararua,RTO_2025_20,Domestic visitor,2025-12-31,245100
RTO,Taupō RTO,RTO_2025_12,Local resident,2025-12-31,44500
RTO,Taupō RTO,RTO_2025_12,Total international visitor,2025-12-31,109800
RTO,Taupō RTO,RTO_2025_12,Total visitor,2025-12-31,564800
RTO,Taupō RTO,RTO_2025_12,Domestic visitor,2025-12-31,455000
RTO,Taupō RTO,RTO_2025_12,International visitor (short-stay),2025-12-31,103800
RTO,Timaru RTO,RTO_2025_30,Total visitor,2025-12-31,426600
RTO,Timaru RTO,RTO_2025_30,Local resident,2025-12-31,50500
RTO,Timaru RTO,RTO_2025_30,International visitor (short-stay),2025-12-31,117600
RTO,Timaru RTO,RTO_2025_30,Domestic visitor,2025-12-31,304400
RTO,Timaru RTO,RTO_2025_30,Total international visitor,2025-12-31,122200
RTO,Waikato RTO,RTO_2025_03,Total visitor,2025-12-31,1164700
RTO,Waikato RTO,RTO_2025_03,Total international visitor,2025-12-31,233800
RTO,Waikato RTO,RTO_2025_03,International visitor (short-stay),2025-12-31,216100
RTO,Waikato RTO,RTO_2025_03,Domestic visitor,2025-12-31,930900
RTO,Waikato RTO,RTO_2025_03,Local resident,2025-12-31,395800
RTO,Waimate,RTO_2025_32,Total visitor,2025-12-31,265800
RTO,Waimate,RTO_2025_32,Total international visitor,2025-12-31,59400
RTO,Waimate,RTO_2025_32,Local resident,2025-12-31,9330
RTO,Waimate,RTO_2025_32,Domestic visitor,2025-12-31,206400
RTO,Waimate,RTO_2025_32,International visitor (short-stay),2025-12-31,56900
RTO,Wairarapa RTO,RTO_2025_21,International visitor (short-stay),2025-12-31,33700
RTO,Wairarapa RTO,RTO_2025_21,Domestic visitor,2025-12-31,161000
RTO,Wairarapa RTO,RTO_2025_21,Total international visitor,2025-12-31,36200
RTO,Wairarapa RTO,RTO_2025_21,Total visitor,2025-12-31,197200
RTO,Wairarapa RTO,RTO_2025_21,Local resident,2025-12-31,53300
RTO,Waitaki RTO,RTO_2025_33,Total visitor,2025-12-31,477000
RTO,Waitaki RTO,RTO_2025_33,Domestic visitor,2025-12-31,304200
RTO,Waitaki RTO,RTO_2025_33,Local resident,2025-12-31,25900
RTO,Waitaki RTO,RTO_2025_33,International visitor (short-stay),2025-12-31,167400
RTO,Waitaki RTO,RTO_2025_33,Total international visitor,2025-12-31,172800
RTO,Waitomo,RTO_2025_06,Total visitor,2025-12-31,123900
RTO,Waitomo,RTO_2025_06,Local resident,2025-12-31,10800
RTO,Waitomo,RTO_2025_06,International visitor (short-stay),2025-12-31,11200
RTO,Waitomo,RTO_2025_06,Domestic visitor,2025-12-31,111800
RTO,Waitomo,RTO_2025_06,Total international visitor,2025-12-31,12100
RTO,Wānaka RTO,RTO_2025_35,Domestic visitor,2025-12-31,166000
RTO,Wānaka RTO,RTO_2025_35,International visitor (short-stay),2025-12-31,154100
RTO,Wānaka RTO,RTO_2025_35,Total visitor,2025-12-31,324500
RTO,Wānaka RTO,RTO_2025_35,Local resident,2025-12-31,20600
RTO,Wānaka RTO,RTO_2025_35,Total international visitor,2025-12-31,158500
RTO,Wellington RTO,RTO_2025_23,Total visitor,2025-12-31,610700
RTO,Wellington RTO,RTO_2025_23,Domestic visitor,2025-12-31,481400
RTO,Wellington RTO,RTO_2025_23,Total international visitor,2025-12-31,129300
RTO,Wellington RTO,RTO_2025_23,Local resident,2025-12-31,464900
RTO,Wellington RTO,RTO_2025_23,International visitor (short-stay),2025-12-31,119200
RTO,West Coast RTO,RTO_2025_26,Domestic visitor,2025-12-31,150000
RTO,West Coast RTO,RTO_2025_26,Local resident,2025-12-31,36100
RTO,West Coast RTO,RTO_2025_26,Total international visitor,2025-12-31,92600
RTO,West Coast RTO,RTO_2025_26,International visitor (short-stay),2025-12-31,89600
RTO,West Coast RTO,RTO_2025_26,Total visitor,2025-12-31,242600
RTO,Whakatane,RTO_2025_09,Total international visitor,2025-12-31,15800
RTO,Whakatane,RTO_2025_09,Domestic visitor,2025-12-31,145700
RTO,Whakatane,RTO_2025_09,Local resident,2025-12-31,41600
RTO,Whakatane,RTO_2025_09,Total visitor,2025-12-31,161500
RTO,Whakatane,RTO_2025_09,International visitor (short-stay),2025-12-31,14600
RTO,Whanganui RTO,RTO_2025_17,Local resident,2025-12-31,48200
RTO,Whanganui RTO,RTO_2025_17,International visitor (short-stay),2025-12-31,19100
RTO,Whanganui RTO,RTO_2025_17,Domestic visitor,2025-12-31,185200
RTO,Whanganui RTO,RTO_2025_17,Total visitor,2025-12-31,205700
RTO,Whanganui RTO,RTO_2025_17,Total international visitor,2025-12-31,20500
RTO,Auckland RTO,RTO_2025_02,International visitor (short-stay),2026-01-31,409400
RTO,Auckland RTO,RTO_2025_02,Total visitor,2026-01-31,1434400
RTO,Auckland RTO,RTO_2025_02,Domestic visitor,2026-01-31,979400
RTO,Auckland RTO,RTO_2025_02,Total international visitor,2026-01-31,455000
RTO,Auckland RTO,RTO_2025_02,Local resident,2026-01-31,1763400
RTO,Canterbury RTO,RTO_2025_29,Domestic visitor,2026-01-31,509600
RTO,Canterbury RTO,RTO_2025_29,International visitor (short-stay),2026-01-31,223900
RTO,Canterbury RTO,RTO_2025_29,Total visitor,2026-01-31,747100
RTO,Canterbury RTO,RTO_2025_29,Local resident,2026-01-31,584700
RTO,Canterbury RTO,RTO_2025_29,Total international visitor,2026-01-31,237500
RTO,Central Otago RTO,RTO_2025_34,Total visitor,2026-01-31,485600
RTO,Central Otago RTO,RTO_2025_34,International visitor (short-stay),2026-01-31,166700
RTO,Central Otago RTO,RTO_2025_34,Domestic visitor,2026-01-31,312800
RTO,Central Otago RTO,RTO_2025_34,Total international visitor,2026-01-31,172800
RTO,Central Otago RTO,RTO_2025_34,Local resident,2026-01-31,28100
RTO,Clutha RTO,RTO_2025_38,Domestic visitor,2026-01-31,193000
RTO,Clutha RTO,RTO_2025_38,Local resident,2026-01-31,20900
RTO,Clutha RTO,RTO_2025_38,Total international visitor,2026-01-31,57700
RTO,Clutha RTO,RTO_2025_38,International visitor (short-stay),2026-01-31,55300
RTO,Clutha RTO,RTO_2025_38,Total visitor,2026-01-31,250700
RTO,Coastal Bay of Plenty RTO,RTO_2025_08,Total international visitor,2026-01-31,92800
RTO,Coastal Bay of Plenty RTO,RTO_2025_08,Total visitor,2026-01-31,494900
RTO,Coastal Bay of Plenty RTO,RTO_2025_08,Local resident,2026-01-31,234100
RTO,Coastal Bay of Plenty RTO,RTO_2025_08,Domestic visitor,2026-01-31,402100
RTO,Coastal Bay of Plenty RTO,RTO_2025_08,International visitor (short-stay),2026-01-31,85800
RTO,Coromandel RTO,RTO_2025_07,Local resident,2026-01-31,58400
RTO,Coromandel RTO,RTO_2025_07,Total visitor,2026-01-31,632000
RTO,Coromandel RTO,RTO_2025_07,International visitor (short-stay),2026-01-31,113700
RTO,Coromandel RTO,RTO_2025_07,Domestic visitor,2026-01-31,511300
RTO,Coromandel RTO,RTO_2025_07,Total international visitor,2026-01-31,120700
RTO,Dunedin RTO,RTO_2025_37,Domestic visitor,2026-01-31,202200
RTO,Dunedin RTO,RTO_2025_37,Local resident,2026-01-31,114500
RTO,Dunedin RTO,RTO_2025_37,International visitor (short-stay),2026-01-31,88500
RTO,Dunedin RTO,RTO_2025_37,Total visitor,2026-01-31,294700
RTO,Dunedin RTO,RTO_2025_37,Total international visitor,2026-01-31,92500
RTO,Fiordland RTO,RTO_2025_40,International visitor (short-stay),2026-01-31,137400
RTO,Fiordland RTO,RTO_2025_40,Local resident,2026-01-31,4970
RTO,Fiordland RTO,RTO_2025_40,Total international visitor,2026-01-31,140000
RTO,Fiordland RTO,RTO_2025_40,Domestic visitor,2026-01-31,82800
RTO,Fiordland RTO,RTO_2025_40,Total visitor,2026-01-31,222800
RTO,Gisborne RTO,RTO_2025_13,Total visitor,2026-01-31,193800
RTO,Gisborne RTO,RTO_2025_13,International visitor (short-stay),2026-01-31,34900
RTO,Gisborne RTO,RTO_2025_13,Local resident,2026-01-31,65500
RTO,Gisborne RTO,RTO_2025_13,Domestic visitor,2026-01-31,156500
RTO,Gisborne RTO,RTO_2025_13,Total international visitor,2026-01-31,37300
RTO,Hawke's Bay RTO,RTO_2025_14,Local resident,2026-01-31,184400
RTO,Hawke's Bay RTO,RTO_2025_14,Domestic visitor,2026-01-31,232200
RTO,Hawke's Bay RTO,RTO_2025_14,Total visitor,2026-01-31,304100
RTO,Hawke's Bay RTO,RTO_2025_14,International visitor (short-stay),2026-01-31,67400
RTO,Hawke's Bay RTO,RTO_2025_14,Total international visitor,2026-01-31,71900
RTO,Horowhenua,RTO_2025_22,Total visitor,2026-01-31,428500
RTO,Horowhenua,RTO_2025_22,International visitor (short-stay),2026-01-31,43700
RTO,Horowhenua,RTO_2025_22,Local resident,2026-01-31,39900
RTO,Horowhenua,RTO_2025_22,Domestic visitor,2026-01-31,382200
RTO,Horowhenua,RTO_2025_22,Total international visitor,2026-01-31,46300
RTO,Hurunui RTO,RTO_2025_28,Local resident,2026-01-31,15300
RTO,Hurunui RTO,RTO_2025_28,Domestic visitor,2026-01-31,312900
RTO,Hurunui RTO,RTO_2025_28,International visitor (short-stay),2026-01-31,85700
RTO,Hurunui RTO,RTO_2025_28,Total visitor,2026-01-31,402600
RTO,Hurunui RTO,RTO_2025_28,Total international visitor,2026-01-31,89700
RTO,Kaikōura RTO,RTO_2025_27,International visitor (short-stay),2026-01-31,69600
RTO,Kaikōura RTO,RTO_2025_27,Local resident,2026-01-31,4770
RTO,Kaikōura RTO,RTO_2025_27,Total international visitor,2026-01-31,72200
RTO,Kaikōura RTO,RTO_2025_27,Total visitor,2026-01-31,225600
RTO,Kaikōura RTO,RTO_2025_27,Domestic visitor,2026-01-31,153400
RTO,Mackenzie RTO,RTO_2025_31,Total visitor,2026-01-31,366900
RTO,Mackenzie RTO,RTO_2025_31,Local resident,2026-01-31,6200
RTO,Mackenzie RTO,RTO_2025_31,International visitor (short-stay),2026-01-31,161400
RTO,Mackenzie RTO,RTO_2025_31,Domestic visitor,2026-01-31,201000
RTO,Mackenzie RTO,RTO_2025_31,Total international visitor,2026-01-31,165900
RTO,Manawatū RTO,RTO_2025_19,Domestic visitor,2026-01-31,470700
RTO,Manawatū RTO,RTO_2025_19,Total international visitor,2026-01-31,51700
RTO,Manawatū RTO,RTO_2025_19,Total visitor,2026-01-31,522400
RTO,Manawatū RTO,RTO_2025_19,International visitor (short-stay),2026-01-31,48100
RTO,Manawatū RTO,RTO_2025_19,Local resident,2026-01-31,117100
RTO,Marlborough RTO,RTO_2025_24,International visitor (short-stay),2026-01-31,108200
RTO,Marlborough RTO,RTO_2025_24,Local resident,2026-01-31,54600
RTO,Marlborough RTO,RTO_2025_24,Total international visitor,2026-01-31,113200
RTO,Marlborough RTO,RTO_2025_24,Total visitor,2026-01-31,362900
RTO,Marlborough RTO,RTO_2025_24,Domestic visitor,2026-01-31,249700
RTO,Nelson Tasman RTO,RTO_2025_25,Total visitor,2026-01-31,276000
RTO,Nelson Tasman RTO,RTO_2025_25,Local resident,2026-01-31,120500
RTO,Nelson Tasman RTO,RTO_2025_25,Total international visitor,2026-01-31,79600
RTO,Nelson Tasman RTO,RTO_2025_25,Domestic visitor,2026-01-31,196400
RTO,Nelson Tasman RTO,RTO_2025_25,International visitor (short-stay),2026-01-31,75300
National,New Zealand,NZ_2025_01,Total visitor,2026-01-31,4425500
National,New Zealand,NZ_2025_01,Domestic visitor,2026-01-31,3664000
National,New Zealand,NZ_2025_01,Total international visitor,2026-01-31,761500
National,New Zealand,NZ_2025_01,Local resident,2026-01-31,5127400
National,New Zealand,NZ_2025_01,International visitor (short-stay),2026-01-31,677100
RTO,Northland RTO,RTO_2025_01,International visitor (short-stay),2026-01-31,82000
RTO,Northland RTO,RTO_2025_01,Local resident,2026-01-31,215000
RTO,Northland RTO,RTO_2025_01,Domestic visitor,2026-01-31,351100
RTO,Northland RTO,RTO_2025_01,Total international visitor,2026-01-31,88900
RTO,Northland RTO,RTO_2025_01,Total visitor,2026-01-31,440000
RTO,Ōtorohanga,RTO_2025_05,Total visitor,2026-01-31,137000
RTO,Ōtorohanga,RTO_2025_05,Domestic visitor,2026-01-31,128600
RTO,Ōtorohanga,RTO_2025_05,Total international visitor,2026-01-31,8400
RTO,Ōtorohanga,RTO_2025_05,International visitor (short-stay),2026-01-31,7800
RTO,Ōtorohanga,RTO_2025_05,Local resident,2026-01-31,10900
RTO,Queenstown RTO,RTO_2025_36,International visitor (short-stay),2026-01-31,217400
RTO,Queenstown RTO,RTO_2025_36,Total international visitor,2026-01-31,224600
RTO,Queenstown RTO,RTO_2025_36,Domestic visitor,2026-01-31,237000
RTO,Queenstown RTO,RTO_2025_36,Total visitor,2026-01-31,461600
RTO,Queenstown RTO,RTO_2025_36,Local resident,2026-01-31,39700
RTO,Rangitīkei,RTO_2025_18,Total visitor,2026-01-31,448200
RTO,Rangitīkei,RTO_2025_18,Total international visitor,2026-01-31,54000
RTO,Rangitīkei,RTO_2025_18,Local resident,2026-01-31,16900
RTO,Rangitīkei,RTO_2025_18,International visitor (short-stay),2026-01-31,51100
RTO,Rangitīkei,RTO_2025_18,Domestic visitor,2026-01-31,394200
RTO,Rotorua RTO,RTO_2025_11,Local resident,2026-01-31,81300
RTO,Rotorua RTO,RTO_2025_11,Total international visitor,2026-01-31,142200
RTO,Rotorua RTO,RTO_2025_11,International visitor (short-stay),2026-01-31,136600
RTO,Rotorua RTO,RTO_2025_11,Total visitor,2026-01-31,601700
RTO,Rotorua RTO,RTO_2025_11,Domestic visitor,2026-01-31,459500
RTO,Ruapehu RTO,RTO_2025_15,International visitor (short-stay),2026-01-31,73400
RTO,Ruapehu RTO,RTO_2025_15,Local resident,2026-01-31,13600
RTO,Ruapehu RTO,RTO_2025_15,Total international visitor,2026-01-31,76600
RTO,Ruapehu RTO,RTO_2025_15,Total visitor,2026-01-31,417000
RTO,Ruapehu RTO,RTO_2025_15,Domestic visitor,2026-01-31,340400
RTO,Southland RTO,RTO_2025_39,International visitor (short-stay),2026-01-31,167700
RTO,Southland RTO,RTO_2025_39,Domestic visitor,2026-01-31,186600
RTO,Southland RTO,RTO_2025_39,Total international visitor,2026-01-31,172400
RTO,Southland RTO,RTO_2025_39,Total visitor,2026-01-31,359000
RTO,Southland RTO,RTO_2025_39,Local resident,2026-01-31,94300
RTO,Taranaki RTO,RTO_2025_16,Domestic visitor,2026-01-31,190400
RTO,Taranaki RTO,RTO_2025_16,Local resident,2026-01-31,131400
RTO,Taranaki RTO,RTO_2025_16,Total visitor,2026-01-31,229700
RTO,Taranaki RTO,RTO_2025_16,International visitor (short-stay),2026-01-31,36300
RTO,Taranaki RTO,RTO_2025_16,Total international visitor,2026-01-31,39300
RTO,Tararua,RTO_2025_20,International visitor (short-stay),2026-01-31,30600
RTO,Tararua,RTO_2025_20,Total international visitor,2026-01-31,32400
RTO,Tararua,RTO_2025_20,Total visitor,2026-01-31,276500
RTO,Tararua,RTO_2025_20,Domestic visitor,2026-01-31,244100
RTO,Tararua,RTO_2025_20,Local resident,2026-01-31,19300
RTO,Taupō RTO,RTO_2025_12,International visitor (short-stay),2026-01-31,116800
RTO,Taupō RTO,RTO_2025_12,Total international visitor,2026-01-31,123000
RTO,Taupō RTO,RTO_2025_12,Total visitor,2026-01-31,623400
RTO,Taupō RTO,RTO_2025_12,Local resident,2026-01-31,44700
RTO,Taupō RTO,RTO_2025_12,Domestic visitor,2026-01-31,500400
RTO,Timaru RTO,RTO_2025_30,Total visitor,2026-01-31,441600
RTO,Timaru RTO,RTO_2025_30,Total international visitor,2026-01-31,127100
RTO,Timaru RTO,RTO_2025_30,Local resident,2026-01-31,48300
RTO,Timaru RTO,RTO_2025_30,Domestic visitor,2026-01-31,314500
RTO,Timaru RTO,RTO_2025_30,International visitor (short-stay),2026-01-31,122700
RTO,Waikato RTO,RTO_2025_03,Total international visitor,2026-01-31,248600
RTO,Waikato RTO,RTO_2025_03,Total visitor,2026-01-31,1224100
RTO,Waikato RTO,RTO_2025_03,Domestic visitor,2026-01-31,975500
RTO,Waikato RTO,RTO_2025_03,International visitor (short-stay),2026-01-31,230800
RTO,Waikato RTO,RTO_2025_03,Local resident,2026-01-31,384100
RTO,Waimate,RTO_2025_32,Local resident,2026-01-31,9290
RTO,Waimate,RTO_2025_32,Domestic visitor,2026-01-31,206600
RTO,Waimate,RTO_2025_32,Total visitor,2026-01-31,268500
RTO,Waimate,RTO_2025_32,International visitor (short-stay),2026-01-31,59400
RTO,Waimate,RTO_2025_32,Total international visitor,2026-01-31,61900
RTO,Wairarapa RTO,RTO_2025_21,Local resident,2026-01-31,52500
RTO,Wairarapa RTO,RTO_2025_21,Domestic visitor,2026-01-31,164400
RTO,Wairarapa RTO,RTO_2025_21,Total international visitor,2026-01-31,37700
RTO,Wairarapa RTO,RTO_2025_21,International visitor (short-stay),2026-01-31,35200
RTO,Wairarapa RTO,RTO_2025_21,Total visitor,2026-01-31,202100
RTO,Waitaki RTO,RTO_2025_33,Total visitor,2026-01-31,476900
RTO,Waitaki RTO,RTO_2025_33,Local resident,2026-01-31,26000
RTO,Waitaki RTO,RTO_2025_33,Domestic visitor,2026-01-31,313600
RTO,Waitaki RTO,RTO_2025_33,International visitor (short-stay),2026-01-31,158300
RTO,Waitaki RTO,RTO_2025_33,Total international visitor,2026-01-31,163300
RTO,Waitomo,RTO_2025_06,Total visitor,2026-01-31,119000
RTO,Waitomo,RTO_2025_06,International visitor (short-stay),2026-01-31,11000
RTO,Waitomo,RTO_2025_06,Domestic visitor,2026-01-31,107100
RTO,Waitomo,RTO_2025_06,Local resident,2026-01-31,10300
RTO,Waitomo,RTO_2025_06,Total international visitor,2026-01-31,11900
RTO,Wānaka RTO,RTO_2025_35,Total visitor,2026-01-31,353100
RTO,Wānaka RTO,RTO_2025_35,International visitor (short-stay),2026-01-31,153300
RTO,Wānaka RTO,RTO_2025_35,Local resident,2026-01-31,20700
RTO,Wānaka RTO,RTO_2025_35,Total international visitor,2026-01-31,158200
RTO,Wānaka RTO,RTO_2025_35,Domestic visitor,2026-01-31,194900
RTO,Wellington RTO,RTO_2025_23,Local resident,2026-01-31,453300
RTO,Wellington RTO,RTO_2025_23,Total visitor,2026-01-31,619300
RTO,Wellington RTO,RTO_2025_23,International visitor (short-stay),2026-01-31,129600
RTO,Wellington RTO,RTO_2025_23,Total international visitor,2026-01-31,139600
RTO,Wellington RTO,RTO_2025_23,Domestic visitor,2026-01-31,479700
RTO,West Coast RTO,RTO_2025_26,Total visitor,2026-01-31,281400
RTO,West Coast RTO,RTO_2025_26,Local resident,2026-01-31,36000
RTO,West Coast RTO,RTO_2025_26,Domestic visitor,2026-01-31,177600
RTO,West Coast RTO,RTO_2025_26,International visitor (short-stay),2026-01-31,100700
RTO,West Coast RTO,RTO_2025_26,Total international visitor,2026-01-31,103800
RTO,Whakatane,RTO_2025_09,Domestic visitor,2026-01-31,139300
RTO,Whakatane,RTO_2025_09,International visitor (short-stay),2026-01-31,14200
RTO,Whakatane,RTO_2025_09,Local resident,2026-01-31,41600
RTO,Whakatane,RTO_2025_09,Total visitor,2026-01-31,154700
RTO,Whakatane,RTO_2025_09,Total international visitor,2026-01-31,15400
RTO,Whanganui RTO,RTO_2025_17,International visitor (short-stay),2026-01-31,22100
RTO,Whanganui RTO,RTO_2025_17,Total visitor,2026-01-31,218900
RTO,Whanganui RTO,RTO_2025_17,Local resident,2026-01-31,47800
RTO,Whanganui RTO,RTO_2025_17,Domestic visitor,2026-01-31,195200
RTO,Whanganui RTO,RTO_2025_17,Total international visitor,2026-01-31,23700
RTO,Auckland RTO,RTO_2025_02,Total international visitor,2026-02-28,404600
RTO,Auckland RTO,RTO_2025_02,Total visitor,2026-02-28,1414200
RTO,Auckland RTO,RTO_2025_02,International visitor (short-stay),2026-02-28,356300
RTO,Auckland RTO,RTO_2025_02,Local resident,2026-02-28,1817400
RTO,Auckland RTO,RTO_2025_02,Domestic visitor,2026-02-28,1009600
RTO,Canterbury RTO,RTO_2025_29,Local resident,2026-02-28,605700
RTO,Canterbury RTO,RTO_2025_29,Domestic visitor,2026-02-28,556000
RTO,Canterbury RTO,RTO_2025_29,Total international visitor,2026-02-28,242200
RTO,Canterbury RTO,RTO_2025_29,Total visitor,2026-02-28,798200
RTO,Canterbury RTO,RTO_2025_29,International visitor (short-stay),2026-02-28,226400
RTO,Central Otago RTO,RTO_2025_34,Total visitor,2026-02-28,429100
RTO,Central Otago RTO,RTO_2025_34,International visitor (short-stay),2026-02-28,158700
RTO,Central Otago RTO,RTO_2025_34,Total international visitor,2026-02-28,164700
RTO,Central Otago RTO,RTO_2025_34,Local resident,2026-02-28,28200
RTO,Central Otago RTO,RTO_2025_34,Domestic visitor,2026-02-28,264400
RTO,Clutha RTO,RTO_2025_38,Domestic visitor,2026-02-28,196500
RTO,Clutha RTO,RTO_2025_38,Total international visitor,2026-02-28,67100
RTO,Clutha RTO,RTO_2025_38,Total visitor,2026-02-28,263600
RTO,Clutha RTO,RTO_2025_38,International visitor (short-stay),2026-02-28,64000
RTO,Clutha RTO,RTO_2025_38,Local resident,2026-02-28,20500
RTO,Coastal Bay of Plenty RTO,RTO_2025_08,Domestic visitor,2026-02-28,356100
RTO,Coastal Bay of Plenty RTO,RTO_2025_08,Total visitor,2026-02-28,445100
RTO,Coastal Bay of Plenty RTO,RTO_2025_08,International visitor (short-stay),2026-02-28,81300
RTO,Coastal Bay of Plenty RTO,RTO_2025_08,Local resident,2026-02-28,225400
RTO,Coastal Bay of Plenty RTO,RTO_2025_08,Total international visitor,2026-02-28,89000
RTO,Coromandel RTO,RTO_2025_07,Local resident,2026-02-28,58600
RTO,Coromandel RTO,RTO_2025_07,International visitor (short-stay),2026-02-28,96700
RTO,Coromandel RTO,RTO_2025_07,Total international visitor,2026-02-28,102900
RTO,Coromandel RTO,RTO_2025_07,Total visitor,2026-02-28,507500
RTO,Coromandel RTO,RTO_2025_07,Domestic visitor,2026-02-28,404600
RTO,Dunedin RTO,RTO_2025_37,Total visitor,2026-02-28,349200
RTO,Dunedin RTO,RTO_2025_37,Domestic visitor,2026-02-28,240200
RTO,Dunedin RTO,RTO_2025_37,International visitor (short-stay),2026-02-28,103100
RTO,Dunedin RTO,RTO_2025_37,Total international visitor,2026-02-28,109000
RTO,Dunedin RTO,RTO_2025_37,Local resident,2026-02-28,127700
RTO,Fiordland RTO,RTO_2025_40,Total visitor,2026-02-28,209200
RTO,Fiordland RTO,RTO_2025_40,International visitor (short-stay),2026-02-28,127400
RTO,Fiordland RTO,RTO_2025_40,Total international visitor,2026-02-28,130600
RTO,Fiordland RTO,RTO_2025_40,Local resident,2026-02-28,4990
RTO,Fiordland RTO,RTO_2025_40,Domestic visitor,2026-02-28,78600
RTO,Gisborne RTO,RTO_2025_13,International visitor (short-stay),2026-02-28,24300
RTO,Gisborne RTO,RTO_2025_13,Total visitor,2026-02-28,138900
RTO,Gisborne RTO,RTO_2025_13,Local resident,2026-02-28,64000
RTO,Gisborne RTO,RTO_2025_13,Total international visitor,2026-02-28,26700
RTO,Gisborne RTO,RTO_2025_13,Domestic visitor,2026-02-28,112200
RTO,Hawke's Bay RTO,RTO_2025_14,Total visitor,2026-02-28,292400
RTO,Hawke's Bay RTO,RTO_2025_14,International visitor (short-stay),2026-02-28,63400
RTO,Hawke's Bay RTO,RTO_2025_14,Domestic visitor,2026-02-28,222800
RTO,Hawke's Bay RTO,RTO_2025_14,Local resident,2026-02-28,186900
RTO,Hawke's Bay RTO,RTO_2025_14,Total international visitor,2026-02-28,69600
RTO,Horowhenua,RTO_2025_22,Total visitor,2026-02-28,385700
RTO,Horowhenua,RTO_2025_22,Local resident,2026-02-28,39500
RTO,Horowhenua,RTO_2025_22,International visitor (short-stay),2026-02-28,39700
RTO,Horowhenua,RTO_2025_22,Domestic visitor,2026-02-28,343700
RTO,Horowhenua,RTO_2025_22,Total international visitor,2026-02-28,42000
RTO,Hurunui RTO,RTO_2025_28,Total visitor,2026-02-28,376000
RTO,Hurunui RTO,RTO_2025_28,Local resident,2026-02-28,14800
RTO,Hurunui RTO,RTO_2025_28,Total international visitor,2026-02-28,92900
RTO,Hurunui RTO,RTO_2025_28,International visitor (short-stay),2026-02-28,88600
RTO,Hurunui RTO,RTO_2025_28,Domestic visitor,2026-02-28,283100
RTO,Kaikōura RTO,RTO_2025_27,International visitor (short-stay),2026-02-28,72400
RTO,Kaikōura RTO,RTO_2025_27,Local resident,2026-02-28,4770
RTO,Kaikōura RTO,RTO_2025_27,Domestic visitor,2026-02-28,134300
RTO,Kaikōura RTO,RTO_2025_27,Total international visitor,2026-02-28,75100
RTO,Kaikōura RTO,RTO_2025_27,Total visitor,2026-02-28,209400
RTO,Mackenzie RTO,RTO_2025_31,Domestic visitor,2026-02-28,178200
RTO,Mackenzie RTO,RTO_2025_31,Local resident,2026-02-28,6250
RTO,Mackenzie RTO,RTO_2025_31,Total international visitor,2026-02-28,161700
RTO,Mackenzie RTO,RTO_2025_31,International visitor (short-stay),2026-02-28,157000
RTO,Mackenzie RTO,RTO_2025_31,Total visitor,2026-02-28,339900
RTO,Manawatū RTO,RTO_2025_19,International visitor (short-stay),2026-02-28,44500
RTO,Manawatū RTO,RTO_2025_19,Domestic visitor,2026-02-28,435100
RTO,Manawatū RTO,RTO_2025_19,Total visitor,2026-02-28,482900
RTO,Manawatū RTO,RTO_2025_19,Local resident,2026-02-28,122000
RTO,Manawatū RTO,RTO_2025_19,Total international visitor,2026-02-28,47800
RTO,Marlborough RTO,RTO_2025_24,Total visitor,2026-02-28,337200
RTO,Marlborough RTO,RTO_2025_24,International visitor (short-stay),2026-02-28,106900
RTO,Marlborough RTO,RTO_2025_24,Domestic visitor,2026-02-28,224900
RTO,Marlborough RTO,RTO_2025_24,Local resident,2026-02-28,54500
RTO,Marlborough RTO,RTO_2025_24,Total international visitor,2026-02-28,112300
RTO,Nelson Tasman RTO,RTO_2025_25,Total international visitor,2026-02-28,74700
RTO,Nelson Tasman RTO,RTO_2025_25,Total visitor,2026-02-28,246400
RTO,Nelson Tasman RTO,RTO_2025_25,Local resident,2026-02-28,120200
RTO,Nelson Tasman RTO,RTO_2025_25,International visitor (short-stay),2026-02-28,70200
RTO,Nelson Tasman RTO,RTO_2025_25,Domestic visitor,2026-02-28,171700
National,New Zealand,NZ_2025_01,Domestic visitor,2026-02-28,3738200
National,New Zealand,NZ_2025_01,Local resident,2026-02-28,5151700
National,New Zealand,NZ_2025_01,Total visitor,2026-02-28,4409100
National,New Zealand,NZ_2025_01,Total international visitor,2026-02-28,670900
National,New Zealand,NZ_2025_01,International visitor (short-stay),2026-02-28,581000
RTO,Northland RTO,RTO_2025_01,International visitor (short-stay),2026-02-28,77300
RTO,Northland RTO,RTO_2025_01,Local resident,2026-02-28,214400
RTO,Northland RTO,RTO_2025_01,Domestic visitor,2026-02-28,293700
RTO,Northland RTO,RTO_2025_01,Total international visitor,2026-02-28,84400
RTO,Northland RTO,RTO_2025_01,Total visitor,2026-02-28,378100
RTO,Ōtorohanga,RTO_2025_05,Total visitor,2026-02-28,114900
RTO,Ōtorohanga,RTO_2025_05,International visitor (short-stay),2026-02-28,6080
RTO,Ōtorohanga,RTO_2025_05,Domestic visitor,2026-02-28,108300
RTO,Ōtorohanga,RTO_2025_05,Local resident,2026-02-28,10200
RTO,Ōtorohanga,RTO_2025_05,Total international visitor,2026-02-28,6590
RTO,Queenstown RTO,RTO_2025_36,Total visitor,2026-02-28,421000
RTO,Queenstown RTO,RTO_2025_36,International visitor (short-stay),2026-02-28,198900
RTO,Queenstown RTO,RTO_2025_36,Local resident,2026-02-28,37200
RTO,Queenstown RTO,RTO_2025_36,Domestic visitor,2026-02-28,214800
RTO,Queenstown RTO,RTO_2025_36,Total international visitor,2026-02-28,206200
RTO,Rangitīkei,RTO_2025_18,Total visitor,2026-02-28,384000
RTO,Rangitīkei,RTO_2025_18,International visitor (short-stay),2026-02-28,44700
RTO,Rangitīkei,RTO_2025_18,Local resident,2026-02-28,16800
RTO,Rangitīkei,RTO_2025_18,Total international visitor,2026-02-28,47100
RTO,Rangitīkei,RTO_2025_18,Domestic visitor,2026-02-28,336900
RTO,Rotorua RTO,RTO_2025_11,Total visitor,2026-02-28,521400
RTO,Rotorua RTO,RTO_2025_11,International visitor (short-stay),2026-02-28,123600
RTO,Rotorua RTO,RTO_2025_11,Domestic visitor,2026-02-28,392700
RTO,Rotorua RTO,RTO_2025_11,Local resident,2026-02-28,76900
RTO,Rotorua RTO,RTO_2025_11,Total international visitor,2026-02-28,128700
RTO,Ruapehu RTO,RTO_2025_15,Local resident,2026-02-28,13400
RTO,Ruapehu RTO,RTO_2025_15,Total visitor,2026-02-28,331000
RTO,Ruapehu RTO,RTO_2025_15,Total international visitor,2026-02-28,62800
RTO,Ruapehu RTO,RTO_2025_15,Domestic visitor,2026-02-28,268200
RTO,Ruapehu RTO,RTO_2025_15,International visitor (short-stay),2026-02-28,60200
RTO,Southland RTO,RTO_2025_39,Local resident,2026-02-28,97800
RTO,Southland RTO,RTO_2025_39,International visitor (short-stay),2026-02-28,156200
RTO,Southland RTO,RTO_2025_39,Total international visitor,2026-02-28,162200
RTO,Southland RTO,RTO_2025_39,Domestic visitor,2026-02-28,206500
RTO,Southland RTO,RTO_2025_39,Total visitor,2026-02-28,368700
RTO,Taranaki RTO,RTO_2025_16,Total visitor,2026-02-28,221600
RTO,Taranaki RTO,RTO_2025_16,Domestic visitor,2026-02-28,184200
RTO,Taranaki RTO,RTO_2025_16,Local resident,2026-02-28,130700
RTO,Taranaki RTO,RTO_2025_16,Total international visitor,2026-02-28,37400
RTO,Taranaki RTO,RTO_2025_16,International visitor (short-stay),2026-02-28,34600
RTO,Tararua,RTO_2025_20,Local resident,2026-02-28,19500
RTO,Tararua,RTO_2025_20,Total visitor,2026-02-28,253400
RTO,Tararua,RTO_2025_20,International visitor (short-stay),2026-02-28,27900
RTO,Tararua,RTO_2025_20,Total international visitor,2026-02-28,29700
RTO,Tararua,RTO_2025_20,Domestic visitor,2026-02-28,223700
RTO,Taupō RTO,RTO_2025_12,Total visitor,2026-02-28,504100
RTO,Taupō RTO,RTO_2025_12,Domestic visitor,2026-02-28,400700
RTO,Taupō RTO,RTO_2025_12,International visitor (short-stay),2026-02-28,98200
RTO,Taupō RTO,RTO_2025_12,Local resident,2026-02-28,44400
RTO,Taupō RTO,RTO_2025_12,Total international visitor,2026-02-28,103400
RTO,Timaru RTO,RTO_2025_30,International visitor (short-stay),2026-02-28,130000
RTO,Timaru RTO,RTO_2025_30,Local resident,2026-02-28,48500
RTO,Timaru RTO,RTO_2025_30,Domestic visitor,2026-02-28,296500
RTO,Timaru RTO,RTO_2025_30,Total international visitor,2026-02-28,135100
RTO,Timaru RTO,RTO_2025_30,Total visitor,2026-02-28,431600
RTO,Waikato RTO,RTO_2025_03,International visitor (short-stay),2026-02-28,196600
RTO,Waikato RTO,RTO_2025_03,Total visitor,2026-02-28,1118400
RTO,Waikato RTO,RTO_2025_03,Domestic visitor,2026-02-28,905200
RTO,Waikato RTO,RTO_2025_03,Total international visitor,2026-02-28,213200
RTO,Waikato RTO,RTO_2025_03,Local resident,2026-02-28,388100
RTO,Waimate,RTO_2025_32,Total visitor,2026-02-28,278700
RTO,Waimate,RTO_2025_32,Local resident,2026-02-28,9310
RTO,Waimate,RTO_2025_32,International visitor (short-stay),2026-02-28,69000
RTO,Waimate,RTO_2025_32,Domestic visitor,2026-02-28,206600
RTO,Waimate,RTO_2025_32,Total international visitor,2026-02-28,72100
RTO,Wairarapa RTO,RTO_2025_21,Local resident,2026-02-28,52300
RTO,Wairarapa RTO,RTO_2025_21,Domestic visitor,2026-02-28,160900
RTO,Wairarapa RTO,RTO_2025_21,Total visitor,2026-02-28,197200
RTO,Wairarapa RTO,RTO_2025_21,International visitor (short-stay),2026-02-28,33500
RTO,Wairarapa RTO,RTO_2025_21,Total international visitor,2026-02-28,36300
RTO,Waitaki RTO,RTO_2025_33,International visitor (short-stay),2026-02-28,165800
RTO,Waitaki RTO,RTO_2025_33,Total international visitor,2026-02-28,171800
RTO,Waitaki RTO,RTO_2025_33,Local resident,2026-02-28,26000
RTO,Waitaki RTO,RTO_2025_33,Total visitor,2026-02-28,472400
RTO,Waitaki RTO,RTO_2025_33,Domestic visitor,2026-02-28,300600
RTO,Waitomo,RTO_2025_06,Local resident,2026-02-28,9790
RTO,Waitomo,RTO_2025_06,Total visitor,2026-02-28,98100
RTO,Waitomo,RTO_2025_06,Total international visitor,2026-02-28,9790
RTO,Waitomo,RTO_2025_06,Domestic visitor,2026-02-28,88300
RTO,Waitomo,RTO_2025_06,International visitor (short-stay),2026-02-28,9030
RTO,Wānaka RTO,RTO_2025_35,Total visitor,2026-02-28,314800
RTO,Wānaka RTO,RTO_2025_35,Local resident,2026-02-28,20800
RTO,Wānaka RTO,RTO_2025_35,Domestic visitor,2026-02-28,160400
RTO,Wānaka RTO,RTO_2025_35,International visitor (short-stay),2026-02-28,149500
RTO,Wānaka RTO,RTO_2025_35,Total international visitor,2026-02-28,154400
RTO,Wellington RTO,RTO_2025_23,International visitor (short-stay),2026-02-28,128700
RTO,Wellington RTO,RTO_2025_23,Local resident,2026-02-28,473500
RTO,Wellington RTO,RTO_2025_23,Total international visitor,2026-02-28,140300
RTO,Wellington RTO,RTO_2025_23,Domestic visitor,2026-02-28,508500
RTO,Wellington RTO,RTO_2025_23,Total visitor,2026-02-28,648800
RTO,West Coast RTO,RTO_2025_26,Domestic visitor,2026-02-28,154900
RTO,West Coast RTO,RTO_2025_26,Total visitor,2026-02-28,254000
RTO,West Coast RTO,RTO_2025_26,International visitor (short-stay),2026-02-28,95800
RTO,West Coast RTO,RTO_2025_26,Local resident,2026-02-28,36100
RTO,West Coast RTO,RTO_2025_26,Total international visitor,2026-02-28,99100
RTO,Whakatane,RTO_2025_09,Local resident,2026-02-28,39000
RTO,Whakatane,RTO_2025_09,Total visitor,2026-02-28,129600
RTO,Whakatane,RTO_2025_09,Domestic visitor,2026-02-28,117000
RTO,Whakatane,RTO_2025_09,International visitor (short-stay),2026-02-28,11500
RTO,Whakatane,RTO_2025_09,Total international visitor,2026-02-28,12600
RTO,Whanganui RTO,RTO_2025_17,International visitor (short-stay),2026-02-28,18800
RTO,Whanganui RTO,RTO_2025_17,Local resident,2026-02-28,47100
RTO,Whanganui RTO,RTO_2025_17,Total international visitor,2026-02-28,20200
RTO,Whanganui RTO,RTO_2025_17,Total visitor,2026-02-28,194600
RTO,Whanganui RTO,RTO_2025_17,Domestic visitor,2026-02-28,174400
RTO,Auckland RTO,RTO_2025_02,Local resident,2026-03-31,1837400
RTO,Auckland RTO,RTO_2025_02,Domestic visitor,2026-03-31,940000
RTO,Auckland RTO,RTO_2025_02,Total visitor,2026-03-31,1324500
RTO,Auckland RTO,RTO_2025_02,International visitor (short-stay),2026-03-31,335100
RTO,Auckland RTO,RTO_2025_02,Total international visitor,2026-03-31,384500
RTO,Canterbury RTO,RTO_2025_29,Local resident,2026-03-31,607500
RTO,Canterbury RTO,RTO_2025_29,Total visitor,2026-03-31,740900
RTO,Canterbury RTO,RTO_2025_29,Domestic visitor,2026-03-31,534800
RTO,Canterbury RTO,RTO_2025_29,International visitor (short-stay),2026-03-31,190400
RTO,Canterbury RTO,RTO_2025_29,Total international visitor,2026-03-31,206100
RTO,Central Otago RTO,RTO_2025_34,Total visitor,2026-03-31,393100
RTO,Central Otago RTO,RTO_2025_34,International visitor (short-stay),2026-03-31,137200
RTO,Central Otago RTO,RTO_2025_34,Domestic visitor,2026-03-31,250900
RTO,Central Otago RTO,RTO_2025_34,Local resident,2026-03-31,28100
RTO,Central Otago RTO,RTO_2025_34,Total international visitor,2026-03-31,142200
RTO,Clutha RTO,RTO_2025_38,Total visitor,2026-03-31,223500
RTO,Clutha RTO,RTO_2025_38,Total international visitor,2026-03-31,45700
RTO,Clutha RTO,RTO_2025_38,International visitor (short-stay),2026-03-31,43200
RTO,Clutha RTO,RTO_2025_38,Domestic visitor,2026-03-31,177800
RTO,Clutha RTO,RTO_2025_38,Local resident,2026-03-31,20200
RTO,Coastal Bay of Plenty RTO,RTO_2025_08,International visitor (short-stay),2026-03-31,68600
RTO,Coastal Bay of Plenty RTO,RTO_2025_08,Local resident,2026-03-31,224700
RTO,Coastal Bay of Plenty RTO,RTO_2025_08,Domestic visitor,2026-03-31,328200
RTO,Coastal Bay of Plenty RTO,RTO_2025_08,Total visitor,2026-03-31,404200
RTO,Coastal Bay of Plenty RTO,RTO_2025_08,Total international visitor,2026-03-31,76000
RTO,Coromandel RTO,RTO_2025_07,Domestic visitor,2026-03-31,349800
RTO,Coromandel RTO,RTO_2025_07,Local resident,2026-03-31,58500
RTO,Coromandel RTO,RTO_2025_07,Total international visitor,2026-03-31,86800
RTO,Coromandel RTO,RTO_2025_07,International visitor (short-stay),2026-03-31,80900
RTO,Coromandel RTO,RTO_2025_07,Total visitor,2026-03-31,436600
RTO,Dunedin RTO,RTO_2025_37,Total visitor,2026-03-31,294900
RTO,Dunedin RTO,RTO_2025_37,International visitor (short-stay),2026-03-31,67600
RTO,Dunedin RTO,RTO_2025_37,Local resident,2026-03-31,125000
RTO,Dunedin RTO,RTO_2025_37,Domestic visitor,2026-03-31,222500
RTO,Dunedin RTO,RTO_2025_37,Total international visitor,2026-03-31,72400
RTO,Fiordland RTO,RTO_2025_40,International visitor (short-stay),2026-03-31,116300
RTO,Fiordland RTO,RTO_2025_40,Local resident,2026-03-31,4990
RTO,Fiordland RTO,RTO_2025_40,Domestic visitor,2026-03-31,78900
RTO,Fiordland RTO,RTO_2025_40,Total international visitor,2026-03-31,118900
RTO,Fiordland RTO,RTO_2025_40,Total visitor,2026-03-31,197800
RTO,Gisborne RTO,RTO_2025_13,Total visitor,2026-03-31,128600
RTO,Gisborne RTO,RTO_2025_13,Local resident,2026-03-31,62500
RTO,Gisborne RTO,RTO_2025_13,International visitor (short-stay),2026-03-31,18500
RTO,Gisborne RTO,RTO_2025_13,Domestic visitor,2026-03-31,107400
RTO,Gisborne RTO,RTO_2025_13,Total international visitor,2026-03-31,21200
RTO,Hawke's Bay RTO,RTO_2025_14,Total international visitor,2026-03-31,56300
RTO,Hawke's Bay RTO,RTO_2025_14,Local resident,2026-03-31,183800
RTO,Hawke's Bay RTO,RTO_2025_14,Total visitor,2026-03-31,255800
RTO,Hawke's Bay RTO,RTO_2025_14,International visitor (short-stay),2026-03-31,50200
RTO,Hawke's Bay RTO,RTO_2025_14,Domestic visitor,2026-03-31,199500
RTO,Horowhenua,RTO_2025_22,Domestic visitor,2026-03-31,315300
RTO,Horowhenua,RTO_2025_22,Total international visitor,2026-03-31,37800
RTO,Horowhenua,RTO_2025_22,Local resident,2026-03-31,39400
RTO,Horowhenua,RTO_2025_22,Total visitor,2026-03-31,353100
RTO,Horowhenua,RTO_2025_22,International visitor (short-stay),2026-03-31,35700
RTO,Hurunui RTO,RTO_2025_28,Total visitor,2026-03-31,330000
RTO,Hurunui RTO,RTO_2025_28,Local resident,2026-03-31,14600
RTO,Hurunui RTO,RTO_2025_28,Domestic visitor,2026-03-31,255800
RTO,Hurunui RTO,RTO_2025_28,International visitor (short-stay),2026-03-31,70200
RTO,Hurunui RTO,RTO_2025_28,Total international visitor,2026-03-31,74200
RTO,Kaikōura RTO,RTO_2025_27,Local resident,2026-03-31,4730
RTO,Kaikōura RTO,RTO_2025_27,Total international visitor,2026-03-31,60200
RTO,Kaikōura RTO,RTO_2025_27,Total visitor,2026-03-31,179800
RTO,Kaikōura RTO,RTO_2025_27,International visitor (short-stay),2026-03-31,57500
RTO,Kaikōura RTO,RTO_2025_27,Domestic visitor,2026-03-31,119600
RTO,Mackenzie RTO,RTO_2025_31,Total international visitor,2026-03-31,142300
RTO,Mackenzie RTO,RTO_2025_31,Local resident,2026-03-31,6280
RTO,Mackenzie RTO,RTO_2025_31,Total visitor,2026-03-31,313500
RTO,Mackenzie RTO,RTO_2025_31,Domestic visitor,2026-03-31,171200
RTO,Mackenzie RTO,RTO_2025_31,International visitor (short-stay),2026-03-31,138300
RTO,Manawatū RTO,RTO_2025_19,Local resident,2026-03-31,123200
RTO,Manawatū RTO,RTO_2025_19,Total international visitor,2026-03-31,44200
RTO,Manawatū RTO,RTO_2025_19,Domestic visitor,2026-03-31,412600
RTO,Manawatū RTO,RTO_2025_19,Total visitor,2026-03-31,456800
RTO,Manawatū RTO,RTO_2025_19,International visitor (short-stay),2026-03-31,40900
RTO,Marlborough RTO,RTO_2025_24,Total visitor,2026-03-31,299200
RTO,Marlborough RTO,RTO_2025_24,Local resident,2026-03-31,54500
RTO,Marlborough RTO,RTO_2025_24,International visitor (short-stay),2026-03-31,88500
RTO,Marlborough RTO,RTO_2025_24,Domestic visitor,2026-03-31,204800
RTO,Marlborough RTO,RTO_2025_24,Total international visitor,2026-03-31,94400
RTO,Nelson Tasman RTO,RTO_2025_25,Local resident,2026-03-31,120100
RTO,Nelson Tasman RTO,RTO_2025_25,Total visitor,2026-03-31,222600
RTO,Nelson Tasman RTO,RTO_2025_25,Total international visitor,2026-03-31,65000
RTO,Nelson Tasman RTO,RTO_2025_25,Domestic visitor,2026-03-31,157600
RTO,Nelson Tasman RTO,RTO_2025_25,International visitor (short-stay),2026-03-31,60500
National,New Zealand,NZ_2025_01,Domestic visitor,2026-03-31,3546600
National,New Zealand,NZ_2025_01,Total international visitor,2026-03-31,638400
National,New Zealand,NZ_2025_01,International visitor (short-stay),2026-03-31,546800
National,New Zealand,NZ_2025_01,Total visitor,2026-03-31,4185000
National,New Zealand,NZ_2025_01,Local resident,2026-03-31,5156000
RTO,Northland RTO,RTO_2025_01,Total international visitor,2026-03-31,76600
RTO,Northland RTO,RTO_2025_01,Local resident,2026-03-31,206400
RTO,Northland RTO,RTO_2025_01,International visitor (short-stay),2026-03-31,69700
RTO,Northland RTO,RTO_2025_01,Total visitor,2026-03-31,332900
RTO,Northland RTO,RTO_2025_01,Domestic visitor,2026-03-31,256300
RTO,Ōtorohanga,RTO_2025_05,Total international visitor,2026-03-31,6150
RTO,Ōtorohanga,RTO_2025_05,Total visitor,2026-03-31,111100
RTO,Ōtorohanga,RTO_2025_05,Domestic visitor,2026-03-31,104900
RTO,Ōtorohanga,RTO_2025_05,International visitor (short-stay),2026-03-31,5680
RTO,Ōtorohanga,RTO_2025_05,Local resident,2026-03-31,9460
RTO,Queenstown RTO,RTO_2025_36,Total visitor,2026-03-31,391500
RTO,Queenstown RTO,RTO_2025_36,Local resident,2026-03-31,37800
RTO,Queenstown RTO,RTO_2025_36,International visitor (short-stay),2026-03-31,175500
RTO,Queenstown RTO,RTO_2025_36,Domestic visitor,2026-03-31,209600
RTO,Queenstown RTO,RTO_2025_36,Total international visitor,2026-03-31,181900
RTO,Rangitīkei,RTO_2025_18,Total visitor,2026-03-31,359400
RTO,Rangitīkei,RTO_2025_18,Domestic visitor,2026-03-31,316000
RTO,Rangitīkei,RTO_2025_18,Local resident,2026-03-31,16600
RTO,Rangitīkei,RTO_2025_18,International visitor (short-stay),2026-03-31,41300
RTO,Rangitīkei,RTO_2025_18,Total international visitor,2026-03-31,43400
RTO,Rotorua RTO,RTO_2025_11,Total visitor,2026-03-31,480200
RTO,Rotorua RTO,RTO_2025_11,International visitor (short-stay),2026-03-31,112300
RTO,Rotorua RTO,RTO_2025_11,Domestic visitor,2026-03-31,363500
RTO,Rotorua RTO,RTO_2025_11,Local resident,2026-03-31,75900
RTO,Rotorua RTO,RTO_2025_11,Total international visitor,2026-03-31,116700
RTO,Ruapehu RTO,RTO_2025_15,Total visitor,2026-03-31,303700
RTO,Ruapehu RTO,RTO_2025_15,Local resident,2026-03-31,13100
RTO,Ruapehu RTO,RTO_2025_15,Domestic visitor,2026-03-31,244400
RTO,Ruapehu RTO,RTO_2025_15,International visitor (short-stay),2026-03-31,56800
RTO,Ruapehu RTO,RTO_2025_15,Total international visitor,2026-03-31,59300
RTO,Southland RTO,RTO_2025_39,Domestic visitor,2026-03-31,194400
RTO,Southland RTO,RTO_2025_39,Total visitor,2026-03-31,333800
RTO,Southland RTO,RTO_2025_39,Total international visitor,2026-03-31,139400
RTO,Southland RTO,RTO_2025_39,Local resident,2026-03-31,97700
RTO,Southland RTO,RTO_2025_39,International visitor (short-stay),2026-03-31,134400
RTO,Taranaki RTO,RTO_2025_16,International visitor (short-stay),2026-03-31,31400
RTO,Taranaki RTO,RTO_2025_16,Local resident,2026-03-31,129300
RTO,Taranaki RTO,RTO_2025_16,Domestic visitor,2026-03-31,180400
RTO,Taranaki RTO,RTO_2025_16,Total visitor,2026-03-31,214500
RTO,Taranaki RTO,RTO_2025_16,Total international visitor,2026-03-31,34100
RTO,Tararua,RTO_2025_20,Total visitor,2026-03-31,234600
RTO,Tararua,RTO_2025_20,International visitor (short-stay),2026-03-31,22700
RTO,Tararua,RTO_2025_20,Total international visitor,2026-03-31,24700
RTO,Tararua,RTO_2025_20,Local resident,2026-03-31,19700
RTO,Tararua,RTO_2025_20,Domestic visitor,2026-03-31,209900
RTO,Taupō RTO,RTO_2025_12,Domestic visitor,2026-03-31,359300
RTO,Taupō RTO,RTO_2025_12,Total visitor,2026-03-31,452800
RTO,Taupō RTO,RTO_2025_12,Total international visitor,2026-03-31,93500
RTO,Taupō RTO,RTO_2025_12,International visitor (short-stay),2026-03-31,89100
RTO,Taupō RTO,RTO_2025_12,Local resident,2026-03-31,42200
RTO,Timaru RTO,RTO_2025_30,Total international visitor,2026-03-31,108300
RTO,Timaru RTO,RTO_2025_30,Local resident,2026-03-31,48800
RTO,Timaru RTO,RTO_2025_30,Total visitor,2026-03-31,387400
RTO,Timaru RTO,RTO_2025_30,Domestic visitor,2026-03-31,279100
RTO,Timaru RTO,RTO_2025_30,International visitor (short-stay),2026-03-31,104200
RTO,Waikato RTO,RTO_2025_03,International visitor (short-stay),2026-03-31,185200
RTO,Waikato RTO,RTO_2025_03,Total visitor,2026-03-31,1047300
RTO,Waikato RTO,RTO_2025_03,Local resident,2026-03-31,394600
RTO,Waikato RTO,RTO_2025_03,Domestic visitor,2026-03-31,846600
RTO,Waikato RTO,RTO_2025_03,Total international visitor,2026-03-31,200700
RTO,Waimate,RTO_2025_32,Total visitor,2026-03-31,237900
RTO,Waimate,RTO_2025_32,Local resident,2026-03-31,9140
RTO,Waimate,RTO_2025_32,Total international visitor,2026-03-31,50100
RTO,Waimate,RTO_2025_32,International visitor (short-stay),2026-03-31,47800
RTO,Waimate,RTO_2025_32,Domestic visitor,2026-03-31,187800
RTO,Wairarapa RTO,RTO_2025_21,Local resident,2026-03-31,52600
RTO,Wairarapa RTO,RTO_2025_21,Total international visitor,2026-03-31,27900
RTO,Wairarapa RTO,RTO_2025_21,Total visitor,2026-03-31,180500
RTO,Wairarapa RTO,RTO_2025_21,International visitor (short-stay),2026-03-31,25200
RTO,Wairarapa RTO,RTO_2025_21,Domestic visitor,2026-03-31,152600
RTO,Waitaki RTO,RTO_2025_33,Domestic visitor,2026-03-31,278300
RTO,Waitaki RTO,RTO_2025_33,Local resident,2026-03-31,26000
RTO,Waitaki RTO,RTO_2025_33,Total visitor,2026-03-31,420000
RTO,Waitaki RTO,RTO_2025_33,International visitor (short-stay),2026-03-31,136800
RTO,Waitaki RTO,RTO_2025_33,Total international visitor,2026-03-31,141700
RTO,Waitomo,RTO_2025_06,International visitor (short-stay),2026-03-31,7310
RTO,Waitomo,RTO_2025_06,Domestic visitor,2026-03-31,82900
RTO,Waitomo,RTO_2025_06,Local resident,2026-03-31,9450
RTO,Waitomo,RTO_2025_06,Total visitor,2026-03-31,90800
RTO,Waitomo,RTO_2025_06,Total international visitor,2026-03-31,7920
RTO,Wānaka RTO,RTO_2025_35,Domestic visitor,2026-03-31,155900
RTO,Wānaka RTO,RTO_2025_35,Total visitor,2026-03-31,285900
RTO,Wānaka RTO,RTO_2025_35,International visitor (short-stay),2026-03-31,125900
RTO,Wānaka RTO,RTO_2025_35,Local resident,2026-03-31,20500
RTO,Wānaka RTO,RTO_2025_35,Total international visitor,2026-03-31,130000
RTO,Wellington RTO,RTO_2025_23,Total visitor,2026-03-31,602900
RTO,Wellington RTO,RTO_2025_23,Domestic visitor,2026-03-31,486500
RTO,Wellington RTO,RTO_2025_23,Local resident,2026-03-31,479300
RTO,Wellington RTO,RTO_2025_23,Total international visitor,2026-03-31,116400
RTO,Wellington RTO,RTO_2025_23,International visitor (short-stay),2026-03-31,104600
RTO,West Coast RTO,RTO_2025_26,Total visitor,2026-03-31,226300
RTO,West Coast RTO,RTO_2025_26,Total international visitor,2026-03-31,88800
RTO,West Coast RTO,RTO_2025_26,International visitor (short-stay),2026-03-31,85800
RTO,West Coast RTO,RTO_2025_26,Local resident,2026-03-31,36100
RTO,West Coast RTO,RTO_2025_26,Domestic visitor,2026-03-31,137500
RTO,Whakatane,RTO_2025_09,Total visitor,2026-03-31,120600
RTO,Whakatane,RTO_2025_09,International visitor (short-stay),2026-03-31,10700
RTO,Whakatane,RTO_2025_09,Total international visitor,2026-03-31,11900
RTO,Whakatane,RTO_2025_09,Domestic visitor,2026-03-31,108700
RTO,Whakatane,RTO_2025_09,Local resident,2026-03-31,37700
RTO,Whanganui RTO,RTO_2025_17,International visitor (short-stay),2026-03-31,18400
RTO,Whanganui RTO,RTO_2025_17,Total international visitor,2026-03-31,19700
RTO,Whanganui RTO,RTO_2025_17,Domestic visitor,2026-03-31,174500
RTO,Whanganui RTO,RTO_2025_17,Total visitor,2026-03-31,194200
RTO,Whanganui RTO,RTO_2025_17,Local resident,2026-03-31,47500
RTO,Auckland RTO,RTO_2025_02,Domestic visitor,2026-04-30,902900
RTO,Auckland RTO,RTO_2025_02,Local resident,2026-04-30,1796300
RTO,Canterbury RTO,RTO_2025_29,Local resident,2026-04-30,598000
RTO,Canterbury RTO,RTO_2025_29,Domestic visitor,2026-04-30,543800
RTO,Central Otago RTO,RTO_2025_34,Domestic visitor,2026-04-30,287200
RTO,Central Otago RTO,RTO_2025_34,Local resident,2026-04-30,26900
RTO,Clutha RTO,RTO_2025_38,Domestic visitor,2026-04-30,194700
RTO,Clutha RTO,RTO_2025_38,Local resident,2026-04-30,19500
RTO,Coastal Bay of Plenty RTO,RTO_2025_08,Local resident,2026-04-30,228300
RTO,Coastal Bay of Plenty RTO,RTO_2025_08,Domestic visitor,2026-04-30,322900
RTO,Coromandel RTO,RTO_2025_07,Local resident,2026-04-30,57200
RTO,Coromandel RTO,RTO_2025_07,Domestic visitor,2026-04-30,345100
RTO,Dunedin RTO,RTO_2025_37,Local resident,2026-04-30,126900
RTO,Dunedin RTO,RTO_2025_37,Domestic visitor,2026-04-30,223800
RTO,Fiordland RTO,RTO_2025_40,Local resident,2026-04-30,5000
RTO,Fiordland RTO,RTO_2025_40,Domestic visitor,2026-04-30,93500
RTO,Gisborne RTO,RTO_2025_13,Local resident,2026-04-30,63000
RTO,Gisborne RTO,RTO_2025_13,Domestic visitor,2026-04-30,103200
RTO,Hawke's Bay RTO,RTO_2025_14,Local resident,2026-04-30,180900
RTO,Hawke's Bay RTO,RTO_2025_14,Domestic visitor,2026-04-30,185000
RTO,Horowhenua,RTO_2025_22,Local resident,2026-04-30,38500
RTO,Horowhenua,RTO_2025_22,Domestic visitor,2026-04-30,304300
RTO,Hurunui RTO,RTO_2025_28,Domestic visitor,2026-04-30,265700
RTO,Hurunui RTO,RTO_2025_28,Local resident,2026-04-30,14500
RTO,Kaikōura RTO,RTO_2025_27,Local resident,2026-04-30,4790
RTO,Kaikōura RTO,RTO_2025_27,Domestic visitor,2026-04-30,138200
RTO,Mackenzie RTO,RTO_2025_31,Local resident,2026-04-30,6450
RTO,Mackenzie RTO,RTO_2025_31,Domestic visitor,2026-04-30,205700
RTO,Manawatū RTO,RTO_2025_19,Domestic visitor,2026-04-30,388300
RTO,Manawatū RTO,RTO_2025_19,Local resident,2026-04-30,117800
RTO,Marlborough RTO,RTO_2025_24,Domestic visitor,2026-04-30,201300
RTO,Marlborough RTO,RTO_2025_24,Local resident,2026-04-30,53100
RTO,Nelson Tasman RTO,RTO_2025_25,Local resident,2026-04-30,114600
RTO,Nelson Tasman RTO,RTO_2025_25,Domestic visitor,2026-04-30,141200
National,New Zealand,NZ_2025_01,Domestic visitor,2026-04-30,3472000
National,New Zealand,NZ_2025_01,Local resident,2026-04-30,5129800
RTO,Northland RTO,RTO_2025_01,Domestic visitor,2026-04-30,255700
RTO,Northland RTO,RTO_2025_01,Local resident,2026-04-30,207900
RTO,Ōtorohanga,RTO_2025_05,Local resident,2026-04-30,10100
RTO,Ōtorohanga,RTO_2025_05,Domestic visitor,2026-04-30,103300
RTO,Queenstown RTO,RTO_2025_36,Domestic visitor,2026-04-30,222400
RTO,Queenstown RTO,RTO_2025_36,Local resident,2026-04-30,41000
RTO,Rangitīkei,RTO_2025_18,Local resident,2026-04-30,17100
RTO,Rangitīkei,RTO_2025_18,Domestic visitor,2026-04-30,313700
RTO,Rotorua RTO,RTO_2025_11,Domestic visitor,2026-04-30,381200
RTO,Rotorua RTO,RTO_2025_11,Local resident,2026-04-30,80600
RTO,Ruapehu RTO,RTO_2025_15,Local resident,2026-04-30,14300
RTO,Ruapehu RTO,RTO_2025_15,Domestic visitor,2026-04-30,270400
RTO,Southland RTO,RTO_2025_39,Local resident,2026-04-30,102000
RTO,Southland RTO,RTO_2025_39,Domestic visitor,2026-04-30,185500
RTO,Taranaki RTO,RTO_2025_16,Local resident,2026-04-30,126300
RTO,Taranaki RTO,RTO_2025_16,Domestic visitor,2026-04-30,152200
RTO,Tararua,RTO_2025_20,Domestic visitor,2026-04-30,191800
RTO,Tararua,RTO_2025_20,Local resident,2026-04-30,19500
RTO,Taupō RTO,RTO_2025_12,Local resident,2026-04-30,45000
RTO,Taupō RTO,RTO_2025_12,Domestic visitor,2026-04-30,389500
RTO,Timaru RTO,RTO_2025_30,Local resident,2026-04-30,48600
RTO,Timaru RTO,RTO_2025_30,Domestic visitor,2026-04-30,336400
RTO,Waikato RTO,RTO_2025_03,Domestic visitor,2026-04-30,851800
RTO,Waikato RTO,RTO_2025_03,Local resident,2026-04-30,396200
RTO,Waimate,RTO_2025_32,Local resident,2026-04-30,8820
RTO,Waimate,RTO_2025_32,Domestic visitor,2026-04-30,198300
RTO,Wairarapa RTO,RTO_2025_21,Domestic visitor,2026-04-30,127300
RTO,Wairarapa RTO,RTO_2025_21,Local resident,2026-04-30,51800
RTO,Waitaki RTO,RTO_2025_33,Local resident,2026-04-30,25400
RTO,Waitaki RTO,RTO_2025_33,Domestic visitor,2026-04-30,297500
RTO,Waitomo,RTO_2025_06,Domestic visitor,2026-04-30,83900
RTO,Waitomo,RTO_2025_06,Local resident,2026-04-30,10200
RTO,Wānaka RTO,RTO_2025_35,Domestic visitor,2026-04-30,220100
RTO,Wānaka RTO,RTO_2025_35,Local resident,2026-04-30,21100
RTO,Wellington RTO,RTO_2025_23,Domestic visitor,2026-04-30,436400
RTO,Wellington RTO,RTO_2025_23,Local resident,2026-04-30,466900
RTO,West Coast RTO,RTO_2025_26,Local resident,2026-04-30,36200
RTO,West Coast RTO,RTO_2025_26,Domestic visitor,2026-04-30,159800
RTO,Whakatane,RTO_2025_09,Domestic visitor,2026-04-30,105200
RTO,Whakatane,RTO_2025_09,Local resident,2026-04-30,39100
RTO,Whanganui RTO,RTO_2025_17,Local resident,2026-04-30,47400
RTO,Whanganui RTO,RTO_2025_17,Domestic visitor,2026-04-30,157400
RTO,Auckland RTO,RTO_2025_02,Domestic visitor,2026-05-31,883200
RTO,Auckland RTO,RTO_2025_02,Local resident,2026-05-31,1854600
RTO,Canterbury RTO,RTO_2025_29,Local resident,2026-05-31,613300
RTO,Canterbury RTO,RTO_2025_29,Domestic visitor,2026-05-31,480100
RTO,Central Otago RTO,RTO_2025_34,Domestic visitor,2026-05-31,219200
RTO,Central Otago RTO,RTO_2025_34,Local resident,2026-05-31,22800
RTO,Clutha RTO,RTO_2025_38,Local resident,2026-05-31,18000
RTO,Clutha RTO,RTO_2025_38,Domestic visitor,2026-05-31,157800
RTO,Coastal Bay of Plenty RTO,RTO_2025_08,Local resident,2026-05-31,224500
RTO,Coastal Bay of Plenty RTO,RTO_2025_08,Domestic visitor,2026-05-31,299300
RTO,Coromandel RTO,RTO_2025_07,Domestic visitor,2026-05-31,294400
RTO,Coromandel RTO,RTO_2025_07,Local resident,2026-05-31,48200
RTO,Dunedin RTO,RTO_2025_37,Local resident,2026-05-31,132800
RTO,Dunedin RTO,RTO_2025_37,Domestic visitor,2026-05-31,200200
RTO,Fiordland RTO,RTO_2025_40,Local resident,2026-05-31,4470
RTO,Fiordland RTO,RTO_2025_40,Domestic visitor,2026-05-31,71600
RTO,Gisborne RTO,RTO_2025_13,Local resident,2026-05-31,59600
RTO,Gisborne RTO,RTO_2025_13,Domestic visitor,2026-05-31,93400
RTO,Hawke's Bay RTO,RTO_2025_14,Domestic visitor,2026-05-31,170600
RTO,Hawke's Bay RTO,RTO_2025_14,Local resident,2026-05-31,180000
RTO,Horowhenua,RTO_2025_22,Domestic visitor,2026-05-31,262300
RTO,Horowhenua,RTO_2025_22,Local resident,2026-05-31,37300
RTO,Hurunui RTO,RTO_2025_28,Local resident,2026-05-31,13000
RTO,Hurunui RTO,RTO_2025_28,Domestic visitor,2026-05-31,206400
RTO,Kaikōura RTO,RTO_2025_27,Domestic visitor,2026-05-31,98800
RTO,Kaikōura RTO,RTO_2025_27,Local resident,2026-05-31,4180
RTO,Mackenzie RTO,RTO_2025_31,Domestic visitor,2026-05-31,154300
RTO,Mackenzie RTO,RTO_2025_31,Local resident,2026-05-31,6630
RTO,Manawatū RTO,RTO_2025_19,Domestic visitor,2026-05-31,347100
RTO,Manawatū RTO,RTO_2025_19,Local resident,2026-05-31,119000
RTO,Marlborough RTO,RTO_2025_24,Domestic visitor,2026-05-31,149500
RTO,Marlborough RTO,RTO_2025_24,Local resident,2026-05-31,48800
RTO,Nelson Tasman RTO,RTO_2025_25,Local resident,2026-05-31,110300
RTO,Nelson Tasman RTO,RTO_2025_25,Domestic visitor,2026-05-31,114200
National,New Zealand,NZ_2025_01,Domestic visitor,2026-05-31,3286800
National,New Zealand,NZ_2025_01,Local resident,2026-05-31,5120500
RTO,Northland RTO,RTO_2025_01,Local resident,2026-05-31,189900
RTO,Northland RTO,RTO_2025_01,Domestic visitor,2026-05-31,220500
RTO,Ōtorohanga,RTO_2025_05,Domestic visitor,2026-05-31,85600
RTO,Ōtorohanga,RTO_2025_05,Local resident,2026-05-31,9890
RTO,Queenstown RTO,RTO_2025_36,Domestic visitor,2026-05-31,192000
RTO,Queenstown RTO,RTO_2025_36,Local resident,2026-05-31,38200
RTO,Rangitīkei,RTO_2025_18,Local resident,2026-05-31,15700
RTO,Rangitīkei,RTO_2025_18,Domestic visitor,2026-05-31,259600
RTO,Rotorua RTO,RTO_2025_11,Domestic visitor,2026-05-31,335200
RTO,Rotorua RTO,RTO_2025_11,Local resident,2026-05-31,72700
RTO,Ruapehu RTO,RTO_2025_15,Domestic visitor,2026-05-31,207400
RTO,Ruapehu RTO,RTO_2025_15,Local resident,2026-05-31,12100
RTO,Southland RTO,RTO_2025_39,Domestic visitor,2026-05-31,157000
RTO,Southland RTO,RTO_2025_39,Local resident,2026-05-31,97900
RTO,Taranaki RTO,RTO_2025_16,Domestic visitor,2026-05-31,136500
RTO,Taranaki RTO,RTO_2025_16,Local resident,2026-05-31,127400
RTO,Tararua,RTO_2025_20,Local resident,2026-05-31,18600
RTO,Tararua,RTO_2025_20,Domestic visitor,2026-05-31,181300
RTO,Taupō RTO,RTO_2025_12,Local resident,2026-05-31,38000
RTO,Taupō RTO,RTO_2025_12,Domestic visitor,2026-05-31,310400
RTO,Timaru RTO,RTO_2025_30,Domestic visitor,2026-05-31,262700
RTO,Timaru RTO,RTO_2025_30,Local resident,2026-05-31,46800
RTO,Waikato RTO,RTO_2025_03,Local resident,2026-05-31,387000
RTO,Waikato RTO,RTO_2025_03,Domestic visitor,2026-05-31,760300
RTO,Waimate,RTO_2025_32,Local resident,2026-05-31,7840
RTO,Waimate,RTO_2025_32,Domestic visitor,2026-05-31,158400
RTO,Wairarapa RTO,RTO_2025_21,Domestic visitor,2026-05-31,121100
RTO,Wairarapa RTO,RTO_2025_21,Local resident,2026-05-31,50100
RTO,Waitaki RTO,RTO_2025_33,Domestic visitor,2026-05-31,243800
RTO,Waitaki RTO,RTO_2025_33,Local resident,2026-05-31,22800
RTO,Waitomo,RTO_2025_06,Domestic visitor,2026-05-31,68600
RTO,Waitomo,RTO_2025_06,Local resident,2026-05-31,10100
RTO,Wānaka RTO,RTO_2025_35,Local resident,2026-05-31,16500
RTO,Wānaka RTO,RTO_2025_35,Domestic visitor,2026-05-31,132600
RTO,Wellington RTO,RTO_2025_23,Domestic visitor,2026-05-31,403900
RTO,Wellington RTO,RTO_2025_23,Local resident,2026-05-31,482700
RTO,West Coast RTO,RTO_2025_26,Domestic visitor,2026-05-31,109000
RTO,West Coast RTO,RTO_2025_26,Local resident,2026-05-31,33500
RTO,Whakatane,RTO_2025_09,Domestic visitor,2026-05-31,89400
RTO,Whakatane,RTO_2025_09,Local resident,2026-05-31,38000
RTO,Whanganui RTO,RTO_2025_17,Local resident,2026-05-31,46800
RTO,Whanganui RTO,RTO_2025_17,Domestic visitor,2026-05-31,139300
RTO,Auckland RTO,RTO_2025_02,Domestic visitor,2026-06-30,803800
RTO,Auckland RTO,RTO_2025_02,Local resident,2026-06-30,1873600
RTO,Canterbury RTO,RTO_2025_29,Domestic visitor,2026-06-30,398100
RTO,Canterbury RTO,RTO_2025_29,Local resident,2026-06-30,601100
RTO,Central Otago RTO,RTO_2025_34,Domestic visitor,2026-06-30,154000
RTO,Central Otago RTO,RTO_2025_34,Local resident,2026-06-30,19500
RTO,Clutha RTO,RTO_2025_38,Local resident,2026-06-30,17000
RTO,Clutha RTO,RTO_2025_38,Domestic visitor,2026-06-30,124400
RTO,Coastal Bay of Plenty RTO,RTO_2025_08,Domestic visitor,2026-06-30,284200
RTO,Coastal Bay of Plenty RTO,RTO_2025_08,Local resident,2026-06-30,224300
RTO,Coromandel RTO,RTO_2025_07,Domestic visitor,2026-06-30,266100
RTO,Coromandel RTO,RTO_2025_07,Local resident,2026-06-30,45600
RTO,Dunedin RTO,RTO_2025_37,Domestic visitor,2026-06-30,156800
RTO,Dunedin RTO,RTO_2025_37,Local resident,2026-06-30,125400
RTO,Fiordland RTO,RTO_2025_40,Local resident,2026-06-30,3130
RTO,Fiordland RTO,RTO_2025_40,Domestic visitor,2026-06-30,44800
RTO,Gisborne RTO,RTO_2025_13,Local resident,2026-06-30,63900
RTO,Gisborne RTO,RTO_2025_13,Domestic visitor,2026-06-30,88200
RTO,Hawke's Bay RTO,RTO_2025_14,Domestic visitor,2026-06-30,154400
RTO,Hawke's Bay RTO,RTO_2025_14,Local resident,2026-06-30,174800
RTO,Horowhenua,RTO_2025_22,Domestic visitor,2026-06-30,247300
RTO,Horowhenua,RTO_2025_22,Local resident,2026-06-30,36700
RTO,Hurunui RTO,RTO_2025_28,Local resident,2026-06-30,11800
RTO,Hurunui RTO,RTO_2025_28,Domestic visitor,2026-06-30,167300
RTO,Kaikōura RTO,RTO_2025_27,Domestic visitor,2026-06-30,74700
RTO,Kaikōura RTO,RTO_2025_27,Local resident,2026-06-30,3380
RTO,Mackenzie RTO,RTO_2025_31,Domestic visitor,2026-06-30,95200
RTO,Mackenzie RTO,RTO_2025_31,Local resident,2026-06-30,4620
RTO,Manawatū RTO,RTO_2025_19,Local resident,2026-06-30,119000
RTO,Manawatū RTO,RTO_2025_19,Domestic visitor,2026-06-30,329900
RTO,Marlborough RTO,RTO_2025_24,Local resident,2026-06-30,46700
RTO,Marlborough RTO,RTO_2025_24,Domestic visitor,2026-06-30,121000
RTO,Nelson Tasman RTO,RTO_2025_25,Domestic visitor,2026-06-30,97800
RTO,Nelson Tasman RTO,RTO_2025_25,Local resident,2026-06-30,111400
National,New Zealand,NZ_2025_01,Local resident,2026-06-30,5093100
National,New Zealand,NZ_2025_01,Domestic visitor,2026-06-30,3058500
RTO,Northland RTO,RTO_2025_01,Local resident,2026-06-30,187800
RTO,Northland RTO,RTO_2025_01,Domestic visitor,2026-06-30,208000
RTO,Ōtorohanga,RTO_2025_05,Local resident,2026-06-30,9710
RTO,Ōtorohanga,RTO_2025_05,Domestic visitor,2026-06-30,75500
RTO,Queenstown RTO,RTO_2025_36,Domestic visitor,2026-06-30,138800
RTO,Queenstown RTO,RTO_2025_36,Local resident,2026-06-30,35000
RTO,Rangitīkei,RTO_2025_18,Domestic visitor,2026-06-30,243200
RTO,Rangitīkei,RTO_2025_18,Local resident,2026-06-30,16000
RTO,Rotorua RTO,RTO_2025_11,Domestic visitor,2026-06-30,295800
RTO,Rotorua RTO,RTO_2025_11,Local resident,2026-06-30,69800
RTO,Ruapehu RTO,RTO_2025_15,Domestic visitor,2026-06-30,182300
RTO,Ruapehu RTO,RTO_2025_15,Local resident,2026-06-30,12100
RTO,Southland RTO,RTO_2025_39,Domestic visitor,2026-06-30,131200
RTO,Southland RTO,RTO_2025_39,Local resident,2026-06-30,84400
RTO,Taranaki RTO,RTO_2025_16,Domestic visitor,2026-06-30,128800
RTO,Taranaki RTO,RTO_2025_16,Local resident,2026-06-30,128800
RTO,Tararua,RTO_2025_20,Domestic visitor,2026-06-30,160800
RTO,Tararua,RTO_2025_20,Local resident,2026-06-30,18000
RTO,Taupō RTO,RTO_2025_12,Domestic visitor,2026-06-30,280900
RTO,Taupō RTO,RTO_2025_12,Local resident,2026-06-30,38400
RTO,Timaru RTO,RTO_2025_30,Local resident,2026-06-30,45900
RTO,Timaru RTO,RTO_2025_30,Domestic visitor,2026-06-30,202700
RTO,Waikato RTO,RTO_2025_03,Domestic visitor,2026-06-30,715100
RTO,Waikato RTO,RTO_2025_03,Local resident,2026-06-30,385400
RTO,Waimate,RTO_2025_32,Domestic visitor,2026-06-30,124500
RTO,Waimate,RTO_2025_32,Local resident,2026-06-30,7010
RTO,Wairarapa RTO,RTO_2025_21,Local resident,2026-06-30,48900
RTO,Wairarapa RTO,RTO_2025_21,Domestic visitor,2026-06-30,100200
RTO,Waitaki RTO,RTO_2025_33,Local resident,2026-06-30,20100
RTO,Waitaki RTO,RTO_2025_33,Domestic visitor,2026-06-30,174700
RTO,Waitomo,RTO_2025_06,Domestic visitor,2026-06-30,58600
RTO,Waitomo,RTO_2025_06,Local resident,2026-06-30,9620
RTO,Wānaka RTO,RTO_2025_35,Local resident,2026-06-30,15800
RTO,Wānaka RTO,RTO_2025_35,Domestic visitor,2026-06-30,98100
RTO,Wellington RTO,RTO_2025_23,Domestic visitor,2026-06-30,362100
RTO,Wellington RTO,RTO_2025_23,Local resident,2026-06-30,482100
RTO,West Coast RTO,RTO_2025_26,Domestic visitor,2026-06-30,77300
RTO,West Coast RTO,RTO_2025_26,Local resident,2026-06-30,30700
RTO,Whakatane,RTO_2025_09,Local resident,2026-06-30,36600
RTO,Whakatane,RTO_2025_09,Domestic visitor,2026-06-30,77800
RTO,Whanganui RTO,RTO_2025_17,Local resident,2026-06-30,48100
RTO,Whanganui RTO,RTO_2025_17,Domestic visitor,2026-06-30,126700